,RMSE,MAPE,MAE,MedAE,MAX
0-CC-1,0.004940919297836995,0.004208659627166027,0.0037299216292604855,0.0027710146626790944,0.01750207182990715
0-CC-3,0.005420742705966737,0.004971290497684963,0.004415915123738615,0.0038352888102786142,0.018782663921852794
10-CC-2,0.035973569694376414,0.04092692888789612,0.03540514736968377,0.036899061345405215,0.044636809813257905
10-CC-3,0.03433855330547416,0.03841319215988222,0.03358558586987578,0.03619039365165716,0.047425879241525304
25-CC-2,0.05291201946045051,0.058270019226556856,0.05228669900915185,0.05589242588930177,0.0637633841780767
25-CC-3,0.06072493758148808,0.06603376160225558,0.05936286397501498,0.06563828064850885,0.07759272774147463
40-CC-2,0.05207978669091735,0.061254650266357596,0.05148161999674848,0.05218654192699701,0.06894986925168622
40-CC-3,0.05260259028416918,0.06175757030264742,0.05213259318643626,0.05333958809643691,0.06960381804060722
