,RMSE,MAPE,MAE,MedAE,MAX
0-CC-1,0.019395894555360997,0.01838979862531074,0.01664929845622148,0.014811850396423354,0.044266151763224126
0-CC-3,0.01904338067665307,0.018091248723174747,0.01644331959168651,0.013898058484043574,0.04399888573124
10-CC-2,0.009810501493022428,0.009744618395187428,0.008284597398018834,0.008431886927275478,0.019011873264872192
10-CC-3,0.00991088822102628,0.00958633903966781,0.008311159711943543,0.008474506912498625,0.02158700079443887
25-CC-2,0.0030306855858139616,0.0026908236546118606,0.002372307478976327,0.0019008388408086607,0.010785984787025304
25-CC-3,0.003858873491200095,0.0036070971482361955,0.0031537465709780685,0.0027082009713806365,0.01032716343704021
40-CC-2,0.005852736267396823,0.004970086267321406,0.00400094138963406,0.002824083305367653,0.020588874383510314
40-CC-3,0.00596961216450568,0.005614195372193509,0.004596865474765045,0.0036425537875137692,0.020993607053656493
