,RMSE,MAPE,MAE,MedAE,MAX
0-CC-1,0.04060624966690983,0.03932913765831851,0.034494462824958924,0.0337618439323899,0.15338245510683357
0-CC-3,0.04083413425944474,0.04205342563423622,0.036756806994318124,0.03587363934322685,0.12711930031759444
10-CC-2,0.050494836611464075,0.053560922744027586,0.04579275397744634,0.05416976344903507,0.08360612261819844
10-CC-3,0.04460471381080118,0.046527718821556534,0.04008128703603711,0.044689222771887804,0.07444243813207829
25-CC-2,0.03654478940184794,0.03576824603143423,0.031150903558052747,0.026731316918277626,0.11156113168331161
25-CC-3,0.01849147214906306,0.017168915573909135,0.014834108567088066,0.011269027387600494,0.061550262370830056
40-CC-2,0.01536748681766043,0.014344479279850195,0.011577878306456992,0.007835108094709775,0.04248795211448031
40-CC-3,0.024446819098856414,0.019679822387080107,0.01558552733811078,0.005226373934303974,0.06723295244028404
