,RMSE,MAPE,MAE,MedAE,MAX
0-CC-1,0.03017296936500861,0.03345517383765052,0.029547538878291348,0.02945446290599074,0.050286399699472906
0-CC-3,0.02937359560736349,0.032660010627108174,0.02893147258389854,0.028375657983593094,0.04703496752216407
10-CC-2,0.005096437654307308,0.0047294313697304035,0.004277369407456116,0.004564245167627878,0.010790022775296393
10-CC-3,0.0058380705695826275,0.0054683585535917414,0.004981896421154328,0.005204646791195755,0.01916693300726846
25-CC-2,0.007740879235843669,0.007471418084811842,0.006514137563815162,0.006363972340005908,0.02392851093677506
25-CC-3,0.009109147235391003,0.008247706187135082,0.007028222310281594,0.00518652047678636,0.020451619839932267
40-CC-2,0.016465078033601713,0.016916239635296496,0.01422025611379114,0.014269220907509816,0.028598484772772603
40-CC-3,0.016604473863292883,0.016720446258905834,0.01418948183213399,0.013775630519140325,0.03608437062253467
