,RMSE,MAPE,MAE,MedAE,MAX
0-CC-1,0.049519742713183934,0.05493174709300411,0.04875719528380526,0.047495730958439786,0.07345236920062137
0-CC-3,0.05165182119445306,0.05722453374897576,0.05096211279350915,0.05088305195043019,0.07240626897145186
10-CC-2,0.01921729200848131,0.019148304953530856,0.01725122188393188,0.019620439502578968,0.03767795845319777
10-CC-3,0.021873255546808044,0.02223766603235119,0.020153150406897823,0.022255378231944678,0.04053823613897267
25-CC-2,0.008787093025730549,0.0090330857795151,0.008086999227753697,0.007082417351263914,0.02267214895481362
25-CC-3,0.005980514564528631,0.005615052828007818,0.004943816659862896,0.004352628265818614,0.013776147926526372
40-CC-2,0.011290907607382987,0.012006526369033113,0.010003171439795594,0.009717539857114543,0.024866048519101458
40-CC-3,0.011773808325506757,0.012890184548134629,0.010865091275375714,0.010909894459174896,0.03178807764298108
