,RMSE,MAPE,MAE,MedAE,MAX
0-CC-1,0.021886079618571405,0.022750394953181385,0.02031342110623481,0.019038497664918386,0.044948982573771
0-CC-3,0.023282230461812013,0.024569470768330527,0.02198598034149169,0.020506054441832622,0.04330276308490821
10-CC-2,0.005693865154071606,0.00496880610906528,0.004530266257924484,0.004165372417301305,0.02320697050377729
10-CC-3,0.0067427228727017716,0.00618901258858702,0.005662039187410222,0.006265723790395694,0.02081684917929605
25-CC-2,0.0050207761933053026,0.004359490317630347,0.0037954670286839873,0.003184385773920384,0.025510597023048254
25-CC-3,0.009258624202669596,0.008660138214805432,0.0075027521511745856,0.006125784682906421,0.020675852513577286
40-CC-2,0.010754905315229294,0.011068903558283877,0.009195046351311801,0.009660145847968371,0.01801994038686272
40-CC-3,0.009156397800751255,0.009200215418062313,0.007755224546562925,0.0073137410494079624,0.023805456170935546
