,RMSE,MAPE,MAE,MedAE,MAX
0-CC-1,0.027596407646404062,0.024587751714154338,0.021371052994864616,0.016965488978269994,0.08752971643617169
0-CC-3,0.029762762643193334,0.024454142626738746,0.020895290022531574,0.011800685672059996,0.07588411757960589
10-CC-2,0.010384035443095739,0.008516710495035319,0.0070939433519490855,0.004161099097546361,0.03433986983285753
10-CC-3,0.012477035662362376,0.00886714688429441,0.0076166124573723544,0.004577216067187417,0.11483026300394894
25-CC-2,0.020334227323282494,0.017976224010039843,0.015826930885551913,0.013569144282230938,0.06606925746532455
25-CC-3,0.0274187497147766,0.02690081177952172,0.02343125142529998,0.021045042168837957,0.057635740454821116
40-CC-2,0.04451686258071294,0.0445948710591937,0.03578243869969498,0.029570551389496158,0.08373683647686359
40-CC-3,0.041491741637125185,0.04110900252899961,0.03315938742781785,0.028281293090435478,0.0819328252059921
