,RMSE,MAPE,MAE,MedAE,MAX
0-CC-1,0.005806757457628632,0.0052710169344785,0.00468246670362232,0.0039849350479968515,0.0186807536803405
0-CC-3,0.005075005148125889,0.004315804416571205,0.0038959278536441805,0.0031966122098788796,0.019758689980049815
10-CC-2,0.02994459303523702,0.0339670458075132,0.029329100559625756,0.030762445349473255,0.039831185328242036
10-CC-3,0.029488491460945253,0.032846476972022885,0.028634357903767955,0.03036248112456741,0.04390699982792057
25-CC-2,0.036583285010598,0.04016928177494298,0.036057706729199716,0.03857431934646288,0.04655158932486625
25-CC-3,0.039863142419256675,0.04244973532377711,0.038326198379918894,0.04395949314512787,0.05249166210579348
40-CC-2,0.03044492385107084,0.03503805501580235,0.029638238952407185,0.02979304985151776,0.044330774284289776
40-CC-3,0.031030488260758674,0.0360282604571798,0.03055782088129126,0.031014261746689753,0.04090728102278496
