,RMSE,MAPE,MAE,MedAE,MAX
0-CC-1,0.008032421040102843,0.007040422980937535,0.006358483301840062,0.005101712209553577,0.025896313162914963
0-CC-3,0.007534441602864723,0.006221047009209546,0.0056688214142219225,0.0043924964948806045,0.02713351307346412
10-CC-2,0.023352104307791454,0.02591908892652496,0.022093370231779985,0.024375025634947645,0.03199064667980289
10-CC-3,0.023046970113202905,0.02486597283355545,0.021403983702495584,0.022455181654023493,0.03570486426502384
25-CC-2,0.021181442030319516,0.02327210273329153,0.020756091971723907,0.021877536789377372,0.030650644880953926
25-CC-3,0.021258032100010097,0.02293312056966113,0.020567553975300253,0.02271070558325755,0.03219640562835491
40-CC-2,0.018195973529393696,0.020702809630697937,0.017214557567109247,0.016656150877400133,0.0356851811843526
40-CC-3,0.018661236939608628,0.02108900016784801,0.017591148081196654,0.016173471825563168,0.03544141588759209
