,RMSE,MAPE,MAE,MedAE,MAX
0-CC-1,0.007152882719873726,0.00609999518359853,0.005416506679120675,0.004291457218706662,0.030523287795255816
0-CC-3,0.007419499883398776,0.005858831216261886,0.005336266085774617,0.0037462401380453647,0.026984918694039073
10-CC-2,0.026977733637806194,0.028523460396953037,0.02498027696707614,0.02735370371762591,0.05344780426308515
10-CC-3,0.02253593020952413,0.023480266696591694,0.020704925542345678,0.024441482404630288,0.04408867478519596
25-CC-2,0.04683882008475934,0.05049416037391098,0.044906967937245634,0.049678224864567855,0.06600585518521418
25-CC-3,0.059405235553769725,0.0636418201593225,0.056311630789796195,0.05826998004405526,0.09488255093398845
40-CC-2,0.03289199646612432,0.03816675460258376,0.032170562405561175,0.032400320191342036,0.055037556625293194
40-CC-3,0.04313877740763394,0.050514680263707486,0.04268965683416437,0.04212306225308021,0.05756620990960004
