,RMSE,MAPE,MAE,MedAE,MAX
0-CC-1,0.020268735569456263,0.020276871247936527,0.01728098607151991,0.016613365127999602,0.03896438831498639
0-CC-3,0.025736824100399253,0.025740330365194256,0.021876597294351853,0.02265085596248828,0.04513706430419373
10-CC-2,0.02744023765876058,0.026406588906080636,0.023701002360078795,0.02474080605817819,0.05530240534472153
10-CC-3,0.018330700646037455,0.0183991768903642,0.016332931116011,0.01866078977603569,0.03609086394458927
25-CC-2,0.027774756990157447,0.02919824768691602,0.02611318792088343,0.030191713320124658,0.04625045227163194
25-CC-3,0.036215429677177065,0.03593657588085895,0.032066228906458875,0.034284396576092724,0.0741655857354716
40-CC-2,0.007211378977537826,0.006342386279669608,0.005529971085697024,0.004026285244300987,0.02968138310997337
40-CC-3,0.009804490936010333,0.009797576558757227,0.008433217567676395,0.007684297461827194,0.0250044054664319
