,RMSE,MAPE,MAE,MedAE,MAX
0-CC-1,0.027865416292738927,0.030491933059532756,0.02699838891593265,0.026705362900405705,0.04913859305503321
0-CC-3,0.026643242823536226,0.029251019679997287,0.02596753209124116,0.02528077297480491,0.045909035782356944
10-CC-2,0.005480959859714083,0.005022543426822203,0.004545079968313869,0.004612123978856353,0.011641809508075474
10-CC-3,0.006212041688575465,0.005774189022703899,0.005266200789997064,0.005254181119005441,0.02015166134360269
25-CC-2,0.00933022548661127,0.009298873173252148,0.008141046619916615,0.008552445806535747,0.02645747640995011
25-CC-3,0.011429841360237059,0.010566874901766056,0.008991167527649686,0.006102246071307549,0.024881317830349747
40-CC-2,0.020906143891945585,0.022899207948150348,0.019069804482854762,0.02024370777789719,0.03184735514554482
40-CC-3,0.020543778517644325,0.022444736719808425,0.018854707666001315,0.0193455483679148,0.03867073536862842
