,RMSE,MAPE,MAE,MedAE,MAX
0-CC-1,0.04151304950115006,0.0433215838842536,0.0367881059409483,0.03319577333311052,0.08551017370076086
0-CC-3,0.0467488066115149,0.050147500988544313,0.043125576452641874,0.04181179102331567,0.07741223151489685
10-CC-2,0.01470186680608644,0.015440577713294481,0.013656201144011693,0.014957678486547166,0.034132564055201264
10-CC-3,0.007048070864210735,0.0067246063311800705,0.005835062584779571,0.0052318148478512905,0.018231080479650053
25-CC-2,0.011023077822134558,0.010934608466733975,0.009569447393843956,0.007500894233522626,0.02210859212179761
25-CC-3,0.006465320856527877,0.006243114073519905,0.005653938234358462,0.005244834033107715,0.0232920913625283
40-CC-2,0.01265598385220804,0.010964960375980281,0.008780390769718035,0.006277534156423348,0.036353221512275824
40-CC-3,0.011933867796998437,0.010884454474404651,0.008790871183008957,0.0060059552655493675,0.03360809622359062
