,RMSE,MAPE,MAE,MedAE,MAX
field_data,0.03202081457779202,0.026742365120134063,0.024515055671918723,0.020119121642990012,0.09858228307709704
