,RMSE,MAPE,MAE,MedAE,MAX
field_data,0.03130758629663242,0.024922928354003615,0.023493148088973778,0.01663181057029317,0.08327714663421637
