,RMSE,MAPE,MAE,MedAE,MAX
0-CC-1,0.04956404964372212,0.04991240588323948,0.0447811750506426,0.040526566011430565,0.09217287617047909
0-CC-3,0.06592074992718042,0.061913004621906194,0.056585652067031623,0.05729695650580546,0.11802764877251037
10-CC-2,0.04426449177730351,0.043377147264004684,0.03852375202021229,0.033739631253666635,0.07674521856199934
10-CC-3,0.05276267247810554,0.04870453640652969,0.044501237239711035,0.04089202663738051,0.10301189274313882
25-CC-2,0.05917305500294764,0.06269731812713707,0.05672516262279834,0.06456698796945859,0.07082958425564179
25-CC-3,0.02534490826453898,0.024288729833938007,0.02134947004899949,0.016502725620379688,0.07248214197868874
40-CC-2,0.03155676091896038,0.03187785155292904,0.026442419116501196,0.02515855349683871,0.06875891753682539
40-CC-3,0.03551861787934579,0.035598521441161275,0.0295622595815601,0.026795788333166204,0.0783888769752904
