,RMSE,MAPE,MAE,MedAE,MAX
0-CC-1,0.014331749679093326,0.012093328466952054,0.011089732404716293,0.007677757181466294,0.03823374447944117
0-CC-3,0.013534186019636843,0.011186508140880088,0.010325904692238685,0.007140321330980637,0.038262951950569835
10-CC-2,0.01569816538284828,0.015611444628277807,0.013022192893770997,0.010176261437404688,0.027487415333353638
10-CC-3,0.015482503257664865,0.014739764251274292,0.012440913125735555,0.008733508840280346,0.030682364053520206
25-CC-2,0.00597698151168344,0.0057193334284744305,0.005037351813878297,0.004131733804391968,0.014945438988692272
25-CC-3,0.005168158847403049,0.004782050432099209,0.004350382475826581,0.004245529473893395,0.012841406562955737
40-CC-2,0.006580716536888181,0.005904636669720751,0.004793070431832729,0.003916123544057237,0.020970046086848937
40-CC-3,0.0076378445756681125,0.007224799508331159,0.005884873105978806,0.005008655126975792,0.022583441743750488
