,RMSE,MAPE,MAE,MedAE,MAX
0-CC-1,0.006498664256970128,0.006030959832550226,0.0053544743702104635,0.004804974900414871,0.02144490418555689
0-CC-3,0.005106609332968247,0.004669700823273607,0.004166378813321396,0.0037577037828379622,0.011923124627302384
10-CC-2,0.017510685577458558,0.018186315195395358,0.01605211743502597,0.016172662436455654,0.029151234680802607
10-CC-3,0.021522600428447374,0.020329826463091963,0.01830839845680158,0.01811846816154672,0.10141897951090695
25-CC-2,0.015598584259194219,0.014599781838220683,0.0129398896357555,0.013082110562906313,0.053672489987806826
25-CC-3,0.021334283586604576,0.022924068463748656,0.020167215319197532,0.0216370043287738,0.04090455980616037
40-CC-2,0.04129624261628412,0.042314296531641274,0.03410303685176858,0.025050489618629712,0.08188670830303546
40-CC-3,0.0414019564200582,0.041855106868798814,0.033985882509884345,0.026030082024430024,0.08305962620329643
