,RMSE,MAPE,MAE,MedAE,MAX
0-CC-1,0.06670542499815753,0.06362722944906946,0.05626403576594503,0.053228500764697484,0.2267855993677842
0-CC-3,0.09959553432673389,0.08623938511897473,0.07934292533530954,0.05982988313880977,0.2319601927049243
10-CC-2,0.05961782636389466,0.05825632190029391,0.05233593224102922,0.04603480351731687,0.13497014980599287
10-CC-3,0.06826403513906801,0.06621874168028269,0.059967194874945784,0.05703523761775481,0.19686673110284147
25-CC-2,0.04102119524474599,0.044749585472998774,0.04022941872065705,0.04002252127991446,0.08719791592739112
25-CC-3,0.03127972167426163,0.029699076814937865,0.027083318034075286,0.02523158599536779,0.09532106200767088
40-CC-2,0.042622016487434355,0.04346005459482069,0.03498582888225515,0.030637791109995982,0.0758108987718934
40-CC-3,0.04470681364951175,0.04588034560210766,0.037371062078366574,0.029941076363450336,0.08002994604608182
