,RMSE,MAPE,MAE,MedAE,MAX
0-CC-1,0.03176870983927506,0.03402717171253316,0.029381463011015487,0.024829223773336406,0.07341694587876813
0-CC-3,0.03587917086572634,0.038695655706840595,0.03355487882528353,0.02920710552339323,0.06653587395950744
10-CC-2,0.013881913389580574,0.014071198893096026,0.012094065025515625,0.012970351692559556,0.029174590098139497
10-CC-3,0.008564747300694812,0.008093226298258075,0.0072360681554181705,0.007258102616390705,0.025660024590520414
25-CC-2,0.008264524099387131,0.008472153873627947,0.00753528296917961,0.007298994448006579,0.016532342196997285
25-CC-3,0.004576858261368233,0.004281032390251434,0.00380311405497134,0.004078598163812175,0.015937533848337626
40-CC-2,0.01345377504793699,0.014424796341308214,0.0122521416646973,0.013309490649212885,0.021660921353430562
40-CC-3,0.014542213818927532,0.015357244763373669,0.013139053424805126,0.014671459481089333,0.022731298310509462
