,RMSE,MAPE,MAE,MedAE,MAX
field_data,0.18612111194878855,0.17612329934988435,0.16220409123681534,0.19036203207085778,0.3486485377610672
