,RMSE,MAPE,MAE,MedAE,MAX
0-CC-1,0.02427794396475377,0.026215169669825625,0.02320926342907082,0.023740050158936987,0.04532300171973658
0-CC-3,0.023610538317982738,0.02550095947334069,0.02266064529506558,0.0231176592103145,0.0440446620984275
10-CC-2,0.004591258718063809,0.003858113382533066,0.0034777557391441217,0.0027430866059112713,0.012738702279937009
10-CC-3,0.005886975713681811,0.005035183153373958,0.004564864270606955,0.00365570550643185,0.020451055474309476
25-CC-2,0.003531939238532791,0.0025190013749364797,0.002165852726532909,0.0012410701207719588,0.02183406332401261
25-CC-3,0.008011710474012536,0.006322624335127927,0.005313504635558603,0.0029069006198886305,0.021112451593813586
40-CC-2,0.009333581709058325,0.009363224687702123,0.0077585269008094825,0.0074159877696931,0.0182655688752017
40-CC-3,0.008798852559420728,0.008851994502657785,0.0074456047202833935,0.0071185798329918,0.02642347098340503
