,RMSE,MAPE,MAE,MedAE,MAX
0-CC-1,0.0028297243911468255,0.0025002300666672507,0.002208281238154739,0.0019278507603869843,0.014825927592539312
0-CC-3,0.002544643282004088,0.0023085306076245575,0.0020182224251945845,0.0016406297342529408,0.008825872957747949
10-CC-2,0.005231320822310502,0.005101189605378102,0.004309815347034046,0.003953500982722069,0.009234604822002002
10-CC-3,0.005689073917822951,0.005458694740491317,0.004826256500727607,0.004557700602258907,0.03134150062525631
25-CC-2,0.006911316826374513,0.005802407799562823,0.005151838925819452,0.0033954426704884133,0.016507027017073184
25-CC-3,0.008773260381461222,0.008705354667822733,0.007651445483045266,0.006147319719615907,0.020956770594744212
40-CC-2,0.026713377541303963,0.025149404833867083,0.02005645243349955,0.012774727750258785,0.059544562860072814
40-CC-3,0.025524847923484417,0.023773140589674027,0.01906228992609767,0.013081620863716226,0.05804125702209317
