,RMSE,MAPE,MAE,MedAE,MAX
0-CC-1,0.006732363976707606,0.0056702143990698586,0.005104265533659315,0.0041032036859661725,0.022332476950907232
0-CC-3,0.005708912266243528,0.004555589732753234,0.004159302449569824,0.0031536735578688857,0.023199546913643565
10-CC-2,0.02210796032571184,0.024783537873394795,0.021311100445258552,0.022559349735753353,0.034775876986262055
10-CC-3,0.022795463330309865,0.024994689134466265,0.02168793723421229,0.023473600842964182,0.039176417590676915
25-CC-2,0.018674173084570506,0.020045828379667476,0.017993809728029844,0.019592357800254256,0.029566913229647773
25-CC-3,0.018607841704050047,0.01861896985779824,0.01689433590856314,0.020543287459472148,0.030755344131620288
40-CC-2,0.010942664660688113,0.010328069039470885,0.008777263324048778,0.007383227407611437,0.023053407235683165
40-CC-3,0.010523255569613407,0.010075416600319924,0.008613383514986483,0.008624152186568868,0.021508234124896775
