,RMSE,MAPE,MAE,MedAE,MAX
field_data,0.07480722297503027,0.06090191494669172,0.05591372025049438,0.03947151851193942,0.27012663070266507
