,RMSE,MAPE,MAE,MedAE,MAX
0-CC-1,0.028946411047714202,0.027019996846406925,0.023740532935266206,0.02204536800207013,0.1125800309565097
0-CC-3,0.02879256036774238,0.02873585597697112,0.025080243593156127,0.02531682274995345,0.09352659935934249
10-CC-2,0.04113318477882286,0.043077440190153304,0.036648897625376535,0.041117370456199065,0.07620100040152666
10-CC-3,0.03615189576209344,0.03675726521929473,0.03163350614225366,0.03502686020627138,0.0636730354576478
25-CC-2,0.028815098770057734,0.024768190886039945,0.02143725459260653,0.014376733723410529,0.10122717639537826
25-CC-3,0.018665896566659276,0.015447526121609675,0.013364487313281465,0.0073129745258659895,0.057563188472514626
40-CC-2,0.008780221446806031,0.007102294364655455,0.0059713763113708,0.003739056348612546,0.03583929068300451
40-CC-3,0.016126713955811514,0.015699248185629622,0.012955992406296657,0.008058245069946124,0.04009215625574425
