,RMSE,MAPE,MAE,MedAE,MAX
field_data,0.03377707189520036,0.027408637454886454,0.025729023763024536,0.019445568380382916,0.11770072670626042
