,RMSE,MAPE,MAE,MedAE,MAX
0-CC-1,0.04815561474445837,0.04176848389299424,0.037712063432889076,0.03270830342950187,0.22423393771820244
0-CC-3,0.04546333775202978,0.03500787902670276,0.03259808247038015,0.0203798424955709,0.15723165119433102
10-CC-2,0.03940213696570768,0.027533055045538924,0.025743907774115674,0.011502458737877697,0.2026076104135811
10-CC-3,0.04447734669727222,0.038508548706179924,0.03563045111849789,0.027712063028326073,0.10250389575958252
25-CC-2,0.05092065865665976,0.048400855747385355,0.044564804500362105,0.04705267809514385,0.09918497700921936
25-CC-3,0.09233261057828737,0.0933374075634075,0.0852581797224658,0.10462405201901237,0.12399858514380979
40-CC-2,0.043386038639920355,0.04170406869727355,0.035677382415856496,0.03020084124944794,0.11395302540514196
40-CC-3,0.0419236418840999,0.03519420276206528,0.03093217302055441,0.022626453126712298,0.12428159043653086
