,RMSE,MAPE,MAE,MedAE,MAX
0-CC-1,0.010081081403580766,0.009418495160728804,0.008332763320162351,0.007717336194790203,0.02738730845572901
0-CC-3,0.009063437256464605,0.00829249377871503,0.007344292950932335,0.006587586453020933,0.024065960030098643
10-CC-2,0.018095047441055175,0.020326385771293098,0.017539955458530015,0.016569139386976017,0.03006383179354355
10-CC-3,0.018705147277759192,0.0206064640289251,0.017923984853479805,0.016766615948378305,0.032594242639335635
25-CC-2,0.014777026456789386,0.015562410801604008,0.014102066052918713,0.013992350170773271,0.0254066627768621
25-CC-3,0.016614396803289643,0.01665943147847495,0.015206642347327482,0.016113513372736366,0.027577578094560073
40-CC-2,0.007348305780166024,0.00571486652409103,0.004979668170779234,0.002414363119571772,0.02357219929115717
40-CC-3,0.00762936450851469,0.006634221135700038,0.005722046209607703,0.0041073561658384605,0.02195898072687974
