,RMSE,MAPE,MAE,MedAE,MAX
0-CC-1,0.03880978618998991,0.04331719093863624,0.0375442638978498,0.03623215231724053,0.06277489418199078
0-CC-3,0.039941750545794893,0.04455816594013045,0.03874077438460356,0.03650013441795075,0.05892844661696839
10-CC-2,0.007599723038047692,0.007105804044446355,0.0059788629939401434,0.005549479065945828,0.01783801429704379
10-CC-3,0.006251194270355923,0.005388931920882821,0.004589586086091882,0.0030013051082806164,0.017881370056703205
25-CC-2,0.013826285031086336,0.013951995932976347,0.012658580466671543,0.013231598072538098,0.034253227504768224
25-CC-3,0.02235520892653965,0.023904604109637725,0.02142725246073329,0.022593361181090454,0.03286957648094313
40-CC-2,0.011041669469213993,0.011348581461064258,0.009648512339716298,0.010227510538407647,0.024139516300129338
40-CC-3,0.00906366915662066,0.008731497635934907,0.007566578085713317,0.00710159322928694,0.02129379289118638
