,RMSE,MAPE,MAE,MedAE,MAX
0-CC-1,0.004717669525973333,0.004152903737122268,0.0036875269803673216,0.0031226022274543075,0.020477043963694097
0-CC-3,0.0049343016072184095,0.004790093337686046,0.004244710905185427,0.004155542574221682,0.010206750945004228
10-CC-2,0.004855887058852034,0.004798666963170217,0.004184401924539445,0.004583848535845703,0.00863415164920489
10-CC-3,0.00554557170860681,0.00501706876074644,0.004473727317650487,0.004187245542782214,0.021404193348912748
25-CC-2,0.004677460904926439,0.004197890775754682,0.003729080627583513,0.0026670629346444152,0.008937699951561462
25-CC-3,0.0043452806499989505,0.004088935608743858,0.0035944397935271807,0.003314901978525353,0.012172953303484446
40-CC-2,0.01675488131865809,0.015394925404923083,0.012265087328956108,0.007495880126953125,0.04050362066799518
40-CC-3,0.018535055287895775,0.017151535979725234,0.013750775993240542,0.00813322030442487,0.04277644789047086
