,RMSE,MAPE,MAE,MedAE,MAX
0-CC-1,0.05048028198478964,0.05359818976420779,0.04573584826334298,0.04351391016660916,0.08129995722257388
0-CC-3,0.05445776550785751,0.05905552469340693,0.05082967082087631,0.048033991673756105,0.08578581084410031
10-CC-2,0.036664310979216866,0.03643441702231358,0.03027743859502919,0.02186648973999883,0.06990172086288837
10-CC-3,0.06226188761204608,0.0402208003002168,0.0344112965293453,0.02452407818106095,0.7000489756015503
25-CC-2,0.008661802138606324,0.008404992736446619,0.007508399071000065,0.005668708708323866,0.020255466082854445
25-CC-3,0.012841789702529917,0.012260226742967544,0.010901575467305717,0.010106773145403536,0.04079571676964333
40-CC-2,0.041472537618385076,0.045658787763110054,0.03812620701614093,0.0396631780866038,0.06537252809913308
40-CC-3,0.037338693210319795,0.04063960506189354,0.03406060202721338,0.03582407996191417,0.05807978640538647
