,RMSE,MAPE,MAE,MedAE,MAX
0-CC-1,0.01406412273897789,0.014897002303439983,0.012821616280258939,0.012097514297641665,0.03431206697633282
0-CC-3,0.012434377951125812,0.012906440155081288,0.011083763780846556,0.010269165892025867,0.024207397053684687
10-CC-2,0.00427071414670573,0.004106730796011092,0.0035489132239099786,0.003122265987288264,0.00987655826060696
10-CC-3,0.0057334423374410595,0.004684571505072555,0.004153864047787546,0.0039739593041702714,0.04492599521601559
25-CC-2,0.009032119297419955,0.007260825168298672,0.0062731738754356935,0.00404772187766661,0.026903776488602538
25-CC-3,0.011913601657546957,0.010259163886111798,0.008688897466772953,0.00635820227282724,0.030422584231523997
40-CC-2,0.03415171798364024,0.03350156617984565,0.026831709966562315,0.015484317399700298,0.07288485722118732
40-CC-3,0.033538474174961884,0.03291429950231043,0.026536767545922497,0.016882202800365897,0.07365540897674405
