,RMSE,MAPE,MAE,MedAE,MAX
0-CC-1,0.003680207670571908,0.003273348464370412,0.0029059996398756037,0.0024546460079618027,0.017680274821543218
0-CC-3,0.0028520617220281408,0.0025740376013728625,0.0022615979865224975,0.0019479532926465204,0.009464143147334014
10-CC-2,0.0060911778456168245,0.006419363786739003,0.005519079909741433,0.005941284610770592,0.010334800454200432
10-CC-3,0.006904109574367992,0.006427114879122718,0.0056338828676824335,0.0055796421725218814,0.04468966279948117
25-CC-2,0.005887154537550686,0.004689026915128479,0.004058819659272693,0.0022187592480065743,0.017606315480665713
25-CC-3,0.007562116746191047,0.00563945283426577,0.004697159773133348,0.0019003335888108097,0.02636136215510798
40-CC-2,0.025431340407607514,0.02650290249461147,0.021403460761054764,0.014997498570112677,0.05476993279034015
40-CC-3,0.02601331837862095,0.02689455228299309,0.02182086798703609,0.01653606993086798,0.05591390764541471
