,RMSE,MAPE,MAE,MedAE,MAX
0-CC-1,0.008551092220466494,0.00855560106947944,0.007562886233479114,0.007310451540666174,0.020757781840586187
0-CC-3,0.006237111305484787,0.00595385685096631,0.005262900097105665,0.004622516278034783,0.012606259674491138
10-CC-2,0.0017247602699540024,0.001600158472166819,0.0013488546959270664,0.0010598313642025126,0.004762064190925286
10-CC-3,0.004131791861336264,0.0021239025891195275,0.0018487978866027661,0.0012319087982177734,0.04817444835627438
25-CC-2,0.011890785692874772,0.012710986911533627,0.011239955848958545,0.012566716633245156,0.017617229774390175
25-CC-3,0.011632573515470153,0.012638442150982908,0.011141388653621218,0.011935340840531272,0.02372276504921389
40-CC-2,0.03813343675127285,0.043141412213785243,0.03531531473744847,0.03080373886342397,0.06786358313137408
40-CC-3,0.03888855119469355,0.04350428374506637,0.035739947955884525,0.032015902986245126,0.06962518131561124
