,RMSE,MAPE,MAE,MedAE,MAX
0-CC-1,0.007577917221608698,0.006707274085024203,0.006034049771576922,0.005006794853645913,0.024656596156231614
0-CC-3,0.007151156897923819,0.006028636254854526,0.005469880687224436,0.0045097676744391135,0.025689590553780284
10-CC-2,0.02463231666822319,0.027269439333188594,0.023278384279241254,0.025757131778344933,0.03308957751552677
10-CC-3,0.024383056447684952,0.026244420506736515,0.022621426286745905,0.024983970861062132,0.037857843638955724
25-CC-2,0.02356885806006492,0.025650554959366384,0.022848932924325764,0.024577685553533624,0.03443720875424494
25-CC-3,0.0233513944485417,0.02504693617268056,0.022373027126714545,0.025317243921615662,0.035519483783872485
40-CC-2,0.02136061902905038,0.024384048833996846,0.02028376869315406,0.02006099829561092,0.04056006626659747
40-CC-3,0.02138943453503192,0.024430908372584773,0.020414838665711605,0.019693148632587865,0.03964890776228691
