,RMSE,MAPE,MAE,MedAE,MAX
0-CC-1,0.03470621783495365,0.03906345650830047,0.03429423829462625,0.03467911626681147,0.0513533471066121
0-CC-3,0.03602513489808338,0.04061004058262602,0.03575589292251323,0.035851110464244274,0.04764661972165951
10-CC-2,0.0024809949262845216,0.0021097898274254484,0.0018622097417374378,0.0013247766964069596,0.009419764177581946
10-CC-3,0.003922670428291712,0.0033396889554753186,0.003029355560481042,0.0025217735899825122,0.016834179590550336
25-CC-2,0.012825154820577013,0.012675998774625621,0.011595524203763537,0.01253198919799492,0.024044843338191235
25-CC-3,0.022907939765452637,0.023227070087647007,0.021199039574396023,0.02355951529835143,0.03498455189659422
40-CC-2,0.010880649747362999,0.010085432091504152,0.008587060584554726,0.007097368504981882,0.024751348370534054
40-CC-3,0.011048975798597916,0.010611718117069074,0.008968628924139467,0.00878484740927954,0.02392524347104319
