,RMSE,MAPE,MAE,MedAE,MAX
0-CC-1,0.0036304113101006796,0.003001185811663284,0.002663333619525655,0.0021165542767718204,0.017453578841963524
0-CC-3,0.004208564909865889,0.0038547157665422614,0.0034472985065525765,0.0032334518661706335,0.013230784303005838
10-CC-2,0.035460218290631944,0.04044759321569753,0.035069179162464006,0.03579658784926354,0.04749490273239776
10-CC-3,0.033428315374911664,0.03759072353143836,0.032976054038836924,0.034028147632989614,0.04621019417926975
25-CC-2,0.05143193139772083,0.05655218374463853,0.05074927522548483,0.05444667238805612,0.0639227063481782
25-CC-3,0.058021534516751454,0.06327986573137553,0.05673132879760271,0.06240802942619866,0.07378560502863418
40-CC-2,0.05155139990288165,0.06066813465388432,0.0508301573049661,0.05108996742649918,0.07240210848499418
40-CC-3,0.05177523279958285,0.06067544252982363,0.05110020267080061,0.05136486739537505,0.072717453694216
