,RMSE,MAPE,MAE,MedAE,MAX
0-CC-1,0.16503342269658147,0.16734508162687353,0.14160442439540719,0.15301152365198478,0.2812596535127403
0-CC-3,0.15668568463232935,0.15641598621024697,0.13258223373675265,0.14039377316209772,0.2565858798722882
10-CC-2,0.13724667584898792,0.13552115122534075,0.11235252139003793,0.09688719163197634,0.24469425759301988
10-CC-3,0.12199642092882679,0.11674368217332386,0.09798541469952139,0.0813657476330536,0.2329573941064822
25-CC-2,0.04846965195419142,0.0447120193574716,0.03866200277030873,0.02703675736188116,0.14900171336528434
25-CC-3,0.062181334155313475,0.05828994179054449,0.04948317300164278,0.0343366818267653,0.14505519656819876
40-CC-2,0.009080063515284677,0.00919172136769287,0.007866018769514956,0.006980773351416281,0.01925963308723122
40-CC-3,0.010068652311809858,0.010190188242822569,0.008628700599934707,0.009390461894855373,0.021397275088499423
