,RMSE,MAPE,MAE,MedAE,MAX
0-CC-1,0.015418680595061367,0.016599942351245282,0.014337080172699745,0.0153273971850732,0.026787384899082722
0-CC-3,0.013817892979815364,0.014526083862823773,0.012526919432878923,0.013888927515251281,0.02301473456452985
10-CC-2,0.0027564040375943196,0.0025220694614573056,0.002210664951025981,0.0017745741624086153,0.008799636351343842
10-CC-3,0.006363163171571801,0.004135631405142211,0.0037566631501160194,0.0028864560915746185,0.06606484209025265
25-CC-2,0.022644809708093686,0.024270895239355116,0.021424499620069357,0.023366587733959943,0.032215533124403506
25-CC-3,0.026200066460649627,0.028459386985183,0.024960534055387323,0.027288189661441198,0.041229323561815745
40-CC-2,0.046335487885081204,0.05345398860288848,0.043968026920518516,0.04074985150934057,0.07486742691570636
40-CC-3,0.04526345601750442,0.05188715908784236,0.04286768183547373,0.0407324300453773,0.07247571384734952
