,RMSE,MAPE,MAE,MedAE,MAX
0-CC-1,0.14213628281638296,0.13720615517170304,0.11588124952352521,0.10031678574076042,0.27047514671494977
0-CC-3,0.13310412481780082,0.12827162829790317,0.10895937252024226,0.08416300397249415,0.23987905556961486
10-CC-2,0.11605505804239634,0.10294937680656528,0.0844205181689102,0.045066869529043374,0.23435440144525377
10-CC-3,0.09968676815859433,0.08441147853508979,0.07019484811332534,0.040079168164472656,0.22041002033481472
25-CC-2,0.03522707777847176,0.026547807756238988,0.022560284207314235,0.01083906400523027,0.13550036725398673
25-CC-3,0.06423791338065847,0.05637523401589275,0.047403082238702855,0.028815192175969173,0.15757229118032035
40-CC-2,0.004202175067210367,0.004078102060055347,0.0033519511960692348,0.0026588620153617515,0.00902849581153542
40-CC-3,0.0057285339705543835,0.006056535883850792,0.0051381726843625145,0.004971073225253031,0.011520905697599448
