,RMSE,MAPE,MAE,MedAE,MAX
0-CC-1,0.012442057591879233,0.01114614900360629,0.009825062863539603,0.008250757230021888,0.032239951477774254
0-CC-3,0.01257127081593423,0.010964187783221823,0.009595614730411187,0.007017389152803144,0.03206669563104325
10-CC-2,0.02010321806152307,0.02081476077971849,0.017807704902768763,0.018265024520688677,0.033147006044587535
10-CC-3,0.021505261566545218,0.021910167257050448,0.018905524624057663,0.01897020107720504,0.03691599276081259
25-CC-2,0.010622832458426356,0.01017549053618352,0.008883223624608779,0.006572187653752781,0.02447912230582394
25-CC-3,0.005828265968610057,0.005099608743236012,0.004488494409755084,0.0033923049695151475,0.02079268152755287
40-CC-2,0.002768831742428988,0.002367474955185452,0.0019381434892414046,0.0013638240378369693,0.011193363510064058
40-CC-3,0.003954807701030341,0.003625774998552052,0.0029430311146775084,0.0020496674391974334,0.014885915888628976
