,RMSE,MAPE,MAE,MedAE,MAX
0-CC-1,0.04170220561057479,0.03964661998447539,0.0346353109787238,0.0343636491332342,0.20278755306825935
0-CC-3,0.026863781923078603,0.02150614816385684,0.018917612518666374,0.014665972733547528,0.17744031089540147
10-CC-2,0.028566716585020135,0.027701849689664573,0.02391192625174791,0.02751504954337064,0.07019320656457406
10-CC-3,0.02994906989409082,0.027851359750949947,0.024353942741334667,0.024548098629507742,0.11102384736277093
25-CC-2,0.022351460449782725,0.02103495585580906,0.0184407638935931,0.015447325521536936,0.05836581760092441
25-CC-3,0.02072285968018462,0.02040686603114946,0.018300855132696466,0.018247856896928982,0.05742424195591278
40-CC-2,0.05234937490365532,0.05562159289732251,0.04626862609168962,0.04679127865299321,0.08336571942722648
40-CC-3,0.04911158781401782,0.0511700161529119,0.04238272384093965,0.045249657256192455,0.08074511546506069
