,RMSE,MAPE,MAE,MedAE,MAX
0-CC-1,0.055647556391528546,0.062036328595083214,0.054775960776978626,0.053538985322773514,0.07886780163093188
0-CC-3,0.04761405338407483,0.05296231892390006,0.046590296569130656,0.0472601889925337,0.06477943329059965
10-CC-2,0.01886368482276002,0.019309286765804005,0.01640505633235086,0.019764205052419215,0.030544282311916304
10-CC-3,0.027780983317765975,0.030615809594771778,0.026825374850752773,0.026495455333894302,0.0396741110449198
25-CC-2,0.009883447017753209,0.009036569208226273,0.007949530729492144,0.006541402319838019,0.025056773872392912
25-CC-3,0.019849429733940726,0.01911229252538373,0.017200571744542342,0.018848549662156322,0.05544042895141399
40-CC-2,0.029923873875649515,0.032275919832116036,0.02751212748752965,0.029683939005876625,0.04291222405972517
40-CC-3,0.020843093134281093,0.021296261788691696,0.017978911283458302,0.018144346576237702,0.03375847971267543
