,RMSE,MAPE,MAE,MedAE,MAX
0-CC-1,0.00783825115135692,0.007229474498737012,0.006432390203403923,0.005919330854186777,0.024472653048204118
0-CC-3,0.007818869811052873,0.007213903970033714,0.00645678481685065,0.005996568749393916,0.02221773920490333
10-CC-2,0.021728629806784177,0.023937693743558548,0.020493581381548574,0.022136647970058432,0.032910072790858
10-CC-3,0.02236137867273273,0.023979536941970223,0.02068986131416681,0.022440245244921275,0.03787250638157047
25-CC-2,0.01705669795675806,0.01824538268675949,0.016293200478593905,0.017801295416893792,0.02833756743115534
25-CC-3,0.014826103503138977,0.014788361536338338,0.013364901047995228,0.015907409678661166,0.02864700863662517
40-CC-2,0.009720124711741706,0.009399454675869128,0.008038377299964998,0.007676289669667824,0.02231097076027244
40-CC-3,0.009981948234359092,0.01062860989745365,0.009032427442137524,0.009096009924948856,0.01786427975234295
