,RMSE,MAPE,MAE,MedAE,MAX
0-CC-1,0.08740879454691497,0.08874275379170661,0.07513326801223219,0.07537359702418783,0.15290790552308575
0-CC-3,0.08130967828724571,0.08116105543527369,0.06886874234623223,0.06764221769015577,0.1357672649125714
10-CC-2,0.06762508954303328,0.06726435435394776,0.055784572839433506,0.04278202366546657,0.1212597945718552
10-CC-3,0.06054415217462709,0.059056936744673494,0.04977027533285679,0.0376691293550479,0.11567315576801174
25-CC-2,0.021942470671392284,0.019752308179115486,0.01709739250185345,0.012030916974862582,0.08149920681385026
25-CC-3,0.031146970697371986,0.024969012333142214,0.020808416837277147,0.009805569838176598,0.0825374343840557
40-CC-2,0.0036565179419269524,0.003347998461873419,0.0027813824822733703,0.0023191823886410945,0.01263999895626422
40-CC-3,0.006177389766671908,0.0054829934408129515,0.004396334668032983,0.002461268260369409,0.01620710076906129
