,RMSE,MAPE,MAE,MedAE,MAX
0-CC-1,0.029171122350608734,0.03227576660300662,0.028488316287275627,0.028656770314904434,0.04863308606269312
0-CC-3,0.02785710508461832,0.030854947077625136,0.027327107764394683,0.027288511604867893,0.04474155960514137
10-CC-2,0.00548280757799885,0.0052359741469626435,0.004682807100656703,0.004829958922282884,0.011382850572232428
10-CC-3,0.005900586227231231,0.005576515239282574,0.005064295684357304,0.005129821362632514,0.018803225464849027
25-CC-2,0.009470923466339142,0.009097284633951683,0.007931840116431388,0.007375995125357637,0.028814899715461584
25-CC-3,0.011662292483692216,0.01019256202655579,0.008608735741531134,0.005022347044798259,0.02681513092544252
40-CC-2,0.020161693890519163,0.021813009172266803,0.01822128729755054,0.019470087349052978,0.030886349457831197
40-CC-3,0.019690746550992438,0.020987371266890632,0.017705527286391874,0.017314104107853723,0.04014940739621631
