,RMSE,MAPE,MAE,MedAE,MAX
0-CC-1,0.014431612680447346,0.013424641273687567,0.012005384138986074,0.012178369036688008,0.036010789252542974
0-CC-3,0.013438772263250258,0.012253414222745031,0.010997010186874222,0.010745368845698211,0.03459827957584449
10-CC-2,0.013356651566296432,0.013918484029813865,0.011782906467474017,0.010852851130806807,0.02447402413646793
10-CC-3,0.014206430165866547,0.01418329766816356,0.01209695400369067,0.010073266163609262,0.028579989023002628
25-CC-2,0.00752039307698262,0.007697050831084666,0.006903588318768546,0.006630105559174482,0.015729371860419228
25-CC-3,0.009015097031063693,0.009213427049813446,0.008260793856607614,0.008253317955917439,0.01548981573875563
40-CC-2,0.004583275897135932,0.004612283569985121,0.0038468287915918928,0.0033144241322639045,0.012167565769123478
40-CC-3,0.004342667163073323,0.0044070120157936295,0.0037020659661479573,0.0034544321063298966,0.018853621492285644
