,RMSE,MAPE,MAE,MedAE,MAX
0-CC-1,0.007434151439747674,0.00774734040274106,0.006640181178612503,0.007571007363537774,0.017826495115065732
0-CC-3,0.005974548023330293,0.006188170070115118,0.005313348867917963,0.006006211531217942,0.010549529145206904
10-CC-2,0.0011858120341669348,0.001047469399921581,0.0009227527405151651,0.0007348381413400662,0.004326546179529878
10-CC-3,0.004308006625996399,0.001829245833071658,0.001657548270702076,0.0011644718052552516,0.05403173719370724
25-CC-2,0.008990773913796612,0.009309480423861333,0.00816653688970737,0.008446943027446807,0.01686523413806784
25-CC-3,0.007118579423040099,0.006609359765694596,0.005640977850248417,0.004761759376794017,0.021893099959520823
40-CC-2,0.037104548721039105,0.04110024600265623,0.03347954138781753,0.02977148486977771,0.0682333703475606
40-CC-3,0.036233325444995114,0.039757287157971055,0.032524486990631755,0.02994312149413092,0.06695274746246183
