,RMSE,MAPE,MAE,MedAE,MAX
0-CC-1,0.004709999658347405,0.00464408843936257,0.004085520950720165,0.004027837228495146,0.01589536422898785
0-CC-3,0.004482723767137637,0.003822429279719562,0.0034641596834865886,0.0026935024296118604,0.013749812662642968
10-CC-2,0.0024226430803401693,0.0024006173638452177,0.002085912112152497,0.0021907705760878526,0.0065250468321629285
10-CC-3,0.00275137681010033,0.0017810962574742767,0.0015704892482104327,0.0013666616217187788,0.028372831687573208
25-CC-2,0.0036922312881777623,0.002710448725486183,0.0023517036975043023,0.001131591122868536,0.010928479991257567
25-CC-3,0.0049136562755315374,0.004450757540391467,0.0038330914490030017,0.002747831529486655,0.016967550929216868
40-CC-2,0.023421274038114812,0.022518121849283906,0.01798282911661108,0.010939999677379741,0.0536336298423421
40-CC-3,0.022469745669578677,0.021358057473660555,0.017139848743827825,0.011331272272517068,0.052134913562010166
