,RMSE,MAPE,MAE,MedAE,MAX
0-CC-1,0.02459646947322964,0.02364906098690383,0.01999341582864107,0.014310889114661052,0.06266736740281598
0-CC-3,0.022574788966579558,0.020899540092483328,0.017638408912395362,0.01155984053081438,0.050742312024082636
10-CC-2,0.01178951701092692,0.00973174307157122,0.008045200282698959,0.005033189480433076,0.03291900515894053
10-CC-3,0.011126563191090809,0.00889423152626287,0.00755106931824559,0.005469694724577423,0.04648197446787716
25-CC-2,0.005795293027256505,0.0044769400438148515,0.003921053830067166,0.001982135182077349,0.015695265419966686
25-CC-3,0.004603014977182538,0.004088443836222608,0.0036010850655326795,0.0025618120558810187,0.012782924643012783
40-CC-2,0.02778014618859118,0.027854768380595304,0.022357919719220198,0.016813202659571258,0.0578903551536214
40-CC-3,0.028999171780146223,0.0287913787612501,0.023228764981303524,0.017977027002883172,0.059031647799681064
