,RMSE,MAPE,MAE,MedAE,MAX
field_data,0.0413036845433165,0.03635386181012746,0.03422140561144213,0.030286844198339047,0.10519509202828181
