,RMSE,MAPE,MAE,MedAE,MAX
0-CC-1,0.04315684630005835,0.041538713794452085,0.03654479348775212,0.036557881420694605,0.16542598585152923
0-CC-3,0.04837401095564622,0.051707904764035834,0.04529569920642907,0.04603012057001232,0.13278486574434933
10-CC-2,0.07670378201511589,0.08358274485911184,0.07131144418247842,0.08315761138828714,0.11841819216409188
10-CC-3,0.07231685185735155,0.07732851858811475,0.06659988828896109,0.07617254227841308,0.10796143229297495
25-CC-2,0.05816920559988475,0.05913430411574078,0.05171724548743993,0.046285161470776326,0.12155778566503506
25-CC-3,0.04429164560566669,0.04684035356577041,0.040885439012462894,0.03851288135398734,0.08193955934053088
40-CC-2,0.009528674335819269,0.01057586152680935,0.00884329799020581,0.008951859006127105,0.03054768933997054
40-CC-3,0.00782230571998133,0.0060797995984572155,0.004847436867300011,0.002120786999379898,0.028203533018134386
