,RMSE,MAPE,MAE,MedAE,MAX
0-CC-1,0.04309446887713214,0.03818235479473664,0.033843105243476015,0.027480883410758272,0.14836060919062966
0-CC-3,0.08591795367786999,0.08148813106772437,0.07420278269244952,0.0610655572564609,0.19320393389213453
10-CC-2,0.040200929737043783,0.03838884643858713,0.034551584171499145,0.027545708252528778,0.10588864345267412
10-CC-3,0.050686108963546375,0.049455289477395525,0.0447027737051147,0.04074612000617056,0.1395658058480197
25-CC-2,0.05059197928749309,0.05314945906644794,0.048264438684113425,0.05352518316234417,0.09072049082897193
25-CC-3,0.08198098007558216,0.0839650439321486,0.07637760373864663,0.09312206377419174,0.12454200069022703
40-CC-2,0.023791853521430782,0.023411195926785696,0.020089098455295447,0.018517181504699554,0.07007414948471313
40-CC-3,0.03277831166708312,0.029819294809351794,0.02550458264055853,0.024514285587004414,0.08444300184694975
