,RMSE,MAPE,MAE,MedAE,MAX
0-CC-1,0.016325113932712285,0.01695745810469192,0.014919135235183281,0.014569760257555464,0.03297393260123682
0-CC-3,0.015188388109811587,0.01572139884839614,0.01386958846357795,0.013158831769854218,0.032874513248940196
10-CC-2,0.01103929563892127,0.011756840446242629,0.010148468180773135,0.01060880687174004,0.02288337944674179
10-CC-3,0.012055000100628484,0.01261299151445986,0.010933604702005332,0.011020417401094051,0.027496351005136144
25-CC-2,0.009064549834257246,0.009355638976812788,0.008418636653254947,0.009203688852290837,0.019269454273261877
25-CC-3,0.011024134357454115,0.011984290163618063,0.010625677752718294,0.010484409090621039,0.020030382373960376
40-CC-2,0.007685145126256971,0.008014938959499118,0.006692183390814116,0.006250517877420481,0.014616334103473183
40-CC-3,0.006413775948070573,0.006389749303170685,0.005406842887576638,0.005003465479488267,0.017088370332617675
