,RMSE,MAPE,MAE,MedAE,MAX
0-CC-1,0.06559515700882626,0.07379088420327706,0.06400420130768691,0.06936228177142145,0.08850300068070904
0-CC-3,0.06393764054387578,0.07102483375115844,0.06164648858847004,0.06881273591977255,0.0803817349176068
10-CC-2,0.02505199080217452,0.02724887883577785,0.023032378798648796,0.019656255957641866,0.03950391803071751
10-CC-3,0.028909038671750445,0.031573233768838485,0.027366118296970696,0.024828128552577322,0.09533513341868283
25-CC-2,0.011071704283290318,0.011360882121685604,0.01007016422343922,0.009806440264093386,0.021643846613589424
25-CC-3,0.011637456160915998,0.01095046699371603,0.009760064011592368,0.009525283439210108,0.0582688717771096
40-CC-2,0.028829247862058437,0.033797092715260234,0.02801044818688147,0.026090363589898913,0.04635363773876544
40-CC-3,0.02530130807306512,0.029303179247848123,0.024332476121648516,0.022087206199059628,0.042085570452879306
