,RMSE,MAPE,MAE,MedAE,MAX
0-CC-1,0.049362257796744365,0.048680470831185936,0.041104341178599596,0.03922180910187412,0.10225116962602154
0-CC-3,0.04611651999840859,0.04518185359015073,0.03831087973529966,0.03444600285938926,0.08736173684402893
10-CC-2,0.043741391056608174,0.03972536382952729,0.032544893571392064,0.021726563689270284,0.09178440366075291
10-CC-3,0.03674719253548953,0.0323508387848809,0.026924100054233083,0.019848966094270226,0.08271209085155729
25-CC-2,0.013794787601134891,0.01047232316021575,0.008947118137250657,0.004975944156411505,0.056822891801563635
25-CC-3,0.02400494005470115,0.017781230612975114,0.014646368525064872,0.006385921505052017,0.06713964728993949
40-CC-2,0.0034296278988217963,0.002988661095045893,0.002532434471143666,0.001820388011416929,0.011830638787602377
40-CC-3,0.004586681961489161,0.004515351721149797,0.0037343738650931265,0.0032301996207516614,0.010502566666167779
