,RMSE,MAPE,MAE,MedAE,MAX
0-CC-1,0.05935701350284894,0.058550970720868116,0.05106036145050984,0.04935452451448852,0.1954344596509514
0-CC-3,0.04872362743327864,0.04378016968695482,0.0395863224510435,0.03256723297515823,0.15919770338607664
10-CC-2,0.04604992645699255,0.04328623685234663,0.036706756088315806,0.023677119907083266,0.11280818920418623
10-CC-3,0.05482355290328485,0.051601141030950565,0.04423424890500343,0.03295455651689205,0.14360364628927458
25-CC-2,0.014476068779165158,0.010564014070831289,0.009204069280494605,0.0052474300840346655,0.06676511664621276
25-CC-3,0.025175669583160927,0.020012769341443117,0.01731115939923747,0.0116502334997991,0.09546801779832848
40-CC-2,0.037411573438030706,0.03944467221233127,0.03196932615505331,0.03107364796830059,0.05996844939383861
40-CC-3,0.04175153433632828,0.043825690865266345,0.03574385429600477,0.037553616754797514,0.06681235322579182
