,RMSE,MAPE,MAE,MedAE,MAX
0-CC-1,0.035618702905516386,0.021866662791816545,0.020159099973552936,0.012995703518117407,0.16579661214983454
0-CC-3,0.06051858077618983,0.06502746767104811,0.05573010872773028,0.07007466398666751,0.08066198559036308
10-CC-2,0.1539893092187181,0.15792124535941857,0.13229334129424303,0.17673077235478518,0.21323921829039927
10-CC-3,0.129357946449083,0.12668155722247806,0.10707964852114966,0.12229106543788787,0.1938145118506065
25-CC-2,0.10330163176779764,0.08273279639221975,0.07071511757820254,0.033252623385448765,0.2320019091291361
25-CC-3,0.11860927876448218,0.09772358433333143,0.0819619001764795,0.0372077494755213,0.251213557252434
40-CC-2,0.02842115421925625,0.029369774723660806,0.024076578655919813,0.021610213813457235,0.049200353220288595
40-CC-3,0.016786064300538247,0.016515748112844744,0.013928675638253018,0.01256449173473706,0.033354023424173374
