,RMSE,MAPE,MAE,MedAE,MAX
0-CC-1,0.014044274601438944,0.012917150342445227,0.011551870339579736,0.011261810449510634,0.03462366995933008
0-CC-3,0.013283857703197847,0.011930745171677994,0.010703713907661318,0.010322349697359234,0.03324769792987892
10-CC-2,0.013665421191947719,0.01447121980391624,0.012276970231008008,0.011515075750918924,0.023921071846886632
10-CC-3,0.0141568306550541,0.014497991534668369,0.01238126412645296,0.011329813994362226,0.027454606539518478
25-CC-2,0.009116655358376372,0.009715827483906689,0.008700187046758954,0.009109450420942411,0.017646121772804113
25-CC-3,0.01032877239312387,0.011007332182566361,0.00982303747680924,0.010533543740611773,0.01841688463989055
40-CC-2,0.00436951149892315,0.004325060070145426,0.0036692117202684173,0.002981551356181056,0.011708377338336406
40-CC-3,0.005049998214050491,0.005258097154339396,0.004396496387574829,0.0042555799235618474,0.01757992983808032
