,RMSE,MAPE,MAE,MedAE,MAX
0-CC-1,0.030340411211887814,0.03110720920637237,0.02774033992001662,0.030649903858776972,0.06838267797639386
0-CC-3,0.03695613342035093,0.03643833679619624,0.033054314848934285,0.035150556031906866,0.06237149238586426
10-CC-2,0.010690691868174462,0.009909885241124732,0.008403675511540105,0.006985967929234893,0.031249249791963973
10-CC-3,0.010699829366113552,0.01045728774394751,0.00904467054065126,0.008293131066713255,0.052253253802899136
25-CC-2,0.016253013973720934,0.015827029625131522,0.014409846140453977,0.0149003348767337,0.031460297313652186
25-CC-3,0.027107336018246428,0.027665708341588144,0.025216921383220074,0.029614384502732127,0.03470473949653241
40-CC-2,0.028625069133447482,0.027893228638690825,0.022455670834417164,0.015948827838188018,0.06252664284283038
40-CC-3,0.02872083479486361,0.02770117561608612,0.02247734566382764,0.01659813460005566,0.06366171179365898
