,RMSE,MAPE,MAE,MedAE,MAX
0-CC-1,0.008123356589519763,0.00834964817974518,0.0071271294499159355,0.007997876363086576,0.018888888303542295
0-CC-3,0.005571049606433601,0.005623526346619277,0.00485433459366749,0.00532161116718155,0.01067875201507995
10-CC-2,0.0011941486420144673,0.0010297870768184814,0.0009241953837696201,0.0007369175397963224,0.003925406920191499
10-CC-3,0.0029178816665408076,0.0016116283586801153,0.0014810086794371051,0.0010399958309948443,0.03093457971537472
25-CC-2,0.0049467480701767125,0.004316393897785314,0.0037359482336440574,0.0024961236066431414,0.014638793674430994
25-CC-3,0.004110055256185402,0.003129711879257354,0.0026358689105357527,0.0012123227251860103,0.014405683692125804
40-CC-2,0.021513176643511465,0.020891934868644945,0.016695802796103516,0.010718299905741302,0.04985415892177936
40-CC-3,0.02049878200076402,0.019729587503478523,0.015848542149335683,0.011007867034527274,0.04624740516967618
