,RMSE,MAPE,MAE,MedAE,MAX
0-CC-1,0.00894451473301367,0.00983566668723735,0.008597300044235527,0.008450077909428977,0.02259384331824732
0-CC-3,0.0071668256918069224,0.007863256826266159,0.006851775232762265,0.006678827422713196,0.013042672226871943
10-CC-2,0.002986568375126341,0.002791581324616601,0.002488262357165113,0.002510895455525297,0.006639844702593822
10-CC-3,0.005000591707189659,0.0036467615541424365,0.003327117319973951,0.0024968123055134628,0.04137093578303219
25-CC-2,0.009524480971207868,0.009527853841238115,0.008351092725462047,0.008247207734082218,0.01602820309897046
25-CC-3,0.00702907943522135,0.007027534387935092,0.006096289116272941,0.0059934301536729295,0.016207353289751536
40-CC-2,0.037456590914029614,0.041227977316110456,0.03352944292914755,0.031612917043407573,0.06724202589565631
40-CC-3,0.03769565781411844,0.04095118166431066,0.03342988300506213,0.032250312868666864,0.06769136822051847
