,RMSE,MAPE,MAE,MedAE,MAX
0-CC-1,0.013347099131677427,0.011136557517252699,0.010211904416684868,0.007351529635400145,0.0369230979454751
0-CC-3,0.012558263414995137,0.010216741451130159,0.009432034880825344,0.0065114917643323,0.037116098980446544
10-CC-2,0.01673299114580753,0.016996768638383057,0.01421089103083443,0.012934334412082915,0.02852523263256168
10-CC-3,0.016644028576328174,0.016182389135198413,0.013680986666500855,0.01002363975444226,0.0323291211793747
25-CC-2,0.007126839748461297,0.0071582845942554365,0.006313077142874571,0.005343050876419897,0.015826932080275524
25-CC-3,0.00627194983897329,0.006055694852330379,0.005493547258413177,0.0054943721629325815,0.014555934169919849
40-CC-2,0.006839847336788847,0.005843658348042203,0.004705164885910097,0.0031452926910884305,0.02201431946331378
40-CC-3,0.007932594425662532,0.007097445228600538,0.0057393318368253055,0.003782816883865725,0.02176810980786792
