,RMSE,MAPE,MAE,MedAE,MAX
0-CC-1,0.004004816839727761,0.003357143981111513,0.002976621227451555,0.0024643111552489216,0.016611031090778328
0-CC-3,0.004052618155448974,0.0037458710188666977,0.0033260068939448438,0.0030640393765664076,0.013553127264252951
10-CC-2,0.03581508077869031,0.040924101346359626,0.03563117221390406,0.035405217965050695,0.04859920738863632
10-CC-3,0.03446758191612965,0.038880354218475126,0.03423736956208512,0.03463377396740824,0.05433121966226351
25-CC-2,0.051636222376665354,0.05660927604879548,0.051026128130246845,0.05450821051262417,0.06492287333289237
25-CC-3,0.06043958614471273,0.06517483289004813,0.058851575072981055,0.06554477471115899,0.07298451383995486
40-CC-2,0.04606162910764191,0.053463948447554456,0.04511072766437444,0.04465742904503678,0.06183701710277911
40-CC-3,0.04626335857855328,0.05368751579286452,0.045508567692418886,0.04638556219218137,0.062112527471301804
