,RMSE,MAPE,MAE,MedAE,MAX
0-CC-1,0.016872356313646572,0.017022098393681125,0.01477940079433554,0.013256875617819408,0.05861413234879986
0-CC-3,0.0161456419128798,0.01635090657076841,0.01432618583529886,0.01420974915099249,0.03605951259150775
10-CC-2,0.006477016533198709,0.005947853584924541,0.005172921328457969,0.004632535196903986,0.019083226537569442
10-CC-3,0.008386462070480145,0.007043938781740109,0.006264001168002587,0.006054137579866781,0.07058031116450192
25-CC-2,0.00870953201532301,0.008469975850550027,0.007543765545122555,0.007559819552686586,0.023278293477491885
25-CC-3,0.013647435906205868,0.014312882704886284,0.012922671306086974,0.014616403520663845,0.01960632097113235
40-CC-2,0.04874055493528769,0.05170753925762583,0.041788793490470516,0.03599615801417977,0.08936130957180377
40-CC-3,0.04964107578375774,0.051973183420916044,0.04231637892750147,0.03722207934572086,0.0927291685159185
