,RMSE,MAPE,MAE,MedAE,MAX
0-CC-1,0.008035238652341233,0.006527208930171416,0.006000294685873839,0.004122002374441602,0.02729873595359278
0-CC-3,0.009105165919540859,0.007143971899930583,0.006633449534460004,0.0038982022050516596,0.024289477448006358
10-CC-2,0.013437323770586216,0.0139901335742791,0.011729900377553242,0.01186317934082437,0.02243644162567504
10-CC-3,0.01176447734370037,0.011365773708714222,0.009605188794355147,0.007880054093802935,0.021940773815932513
25-CC-2,0.007406211315658767,0.007809308903498473,0.006895391731785212,0.006415341838764965,0.014553208899492076
25-CC-3,0.00881130314376793,0.009004122938936383,0.008161523589014395,0.008071239339535241,0.01588100102241652
40-CC-2,0.0029315082896457785,0.0026835644992997325,0.0022696030293451186,0.0019054475396316217,0.010874282262181234
40-CC-3,0.004931470966187934,0.004996392290038614,0.004213551598457406,0.004337286748702929,0.013422386443361245
