,RMSE,MAPE,MAE,MedAE,MAX
0-CC-1,0.005447431331390081,0.003731219817725298,0.0034417465700874858,0.002163469536729079,0.02325430070722112
0-CC-3,0.004282721513098887,0.0026746152864377403,0.0025041879119381207,0.0013634681360473744,0.01823984442188331
10-CC-2,0.03956704380397169,0.04317646312703775,0.03688704827872787,0.04142053037444732,0.05209782038461319
10-CC-3,0.03613604138072535,0.038396332457708286,0.03315491200957679,0.03835774462243896,0.05158860802799381
25-CC-2,0.0615489057755973,0.06541052881944813,0.0575772048564625,0.05824565499000539,0.09077761325140576
25-CC-3,0.06293380631745739,0.06793240622797436,0.05929286650243384,0.060133898447312206,0.0933209370435466
40-CC-2,0.08838954552931239,0.10277827137201302,0.08475186006481007,0.08877783866152217,0.12255239443355914
40-CC-3,0.08597202421524795,0.09937334173510899,0.08231137241842508,0.08740224617347381,0.11998305952377164
