,RMSE,MAPE,MAE,MedAE,MAX
0-CC-1,0.061789992092390514,0.061221711066425565,0.0527206465760879,0.04815517604055908,0.2278644192181617
0-CC-3,0.041869046343604555,0.03713509863836933,0.031901499438624505,0.025350635489713058,0.22177728551622056
10-CC-2,0.024906364335790118,0.023914541441436333,0.020631732993983676,0.020316319472799493,0.06582657028832894
10-CC-3,0.026024169378832857,0.022394417534338327,0.01982628303135683,0.016967338482099137,0.12805110623575677
25-CC-2,0.020517543974029006,0.018951013525898043,0.016716331376970053,0.013535506540366282,0.07073289544618333
25-CC-3,0.02372492753501816,0.022040126487870324,0.01967143062414677,0.019109453972982582,0.07832914059940643
40-CC-2,0.08272541947027501,0.08945662274372243,0.07371109429540042,0.08294718008753271,0.1215688396588549
40-CC-3,0.07862965019490978,0.08272904870614689,0.06802665589902318,0.07953516681798123,0.11782751217556053
