,RMSE,MAPE,MAE,MedAE,MAX
0-CC-1,0.043090836731081376,0.03801844701083399,0.034255118034815485,0.03195522744437429,0.19186163803382494
0-CC-3,0.05414216774072759,0.040577339359842854,0.03755098806770177,0.02387161481552369,0.17031796314788694
10-CC-2,0.05047995543168428,0.04987588510360046,0.042101007639777276,0.03716195699793212,0.12339243818917733
10-CC-3,0.061602696896484885,0.05906626457654128,0.05050402540243969,0.04450763373551092,0.15155019713537443
25-CC-2,0.024281365785815478,0.02455221174752516,0.022019348304287593,0.02251589944973953,0.09333680768243713
25-CC-3,0.02527988508537106,0.022977705466007938,0.01994131283677894,0.01557906386364738,0.0841958931416068
40-CC-2,0.03654506538406078,0.043244604542726606,0.03603350625305513,0.03733485133926673,0.04700801543387767
40-CC-3,0.045267480097541626,0.05327025559110044,0.04450952442672274,0.04668760036227626,0.0668998387061166
