,RMSE,MAPE,MAE,MedAE,MAX
0-CC-1,0.025521245590349073,0.021121525948054207,0.01874105540230446,0.01343093544501639,0.13700917839632332
0-CC-3,0.021923907943068987,0.01828613595079974,0.016299674221627276,0.01410162681260907,0.14953973430390977
10-CC-2,0.06015709558925707,0.06543599433177433,0.055535085241727344,0.059194539422849024,0.09289617480732848
10-CC-3,0.05286044150119253,0.055590837926622706,0.04757944534390494,0.05116494019797885,0.08990802102145945
25-CC-2,0.04643897231253508,0.048619717465416,0.042742849230571,0.04239615732597285,0.09221225725312665
25-CC-3,0.04480343232657183,0.048234354995996945,0.04236092226348073,0.046340938383514496,0.06724665677552844
40-CC-2,0.029343428522026076,0.03166794256278881,0.02630537159265045,0.026468845354855386,0.04916567158812701
40-CC-3,0.02989100876358418,0.03313946875441661,0.027648643221673916,0.030523696040649084,0.04608163967800194
