,RMSE,MAPE,MAE,MedAE,MAX
field_data,0.026750898957197837,0.0229264730536625,0.021465501403329708,0.018330692605705967,0.06400017625679744
