,RMSE,MAPE,MAE,MedAE,MAX
0-CC-1,0.010875535546007403,0.01127196311131781,0.00971463895376586,0.010003727995844314,0.024945316259169736
0-CC-3,0.010885691401814494,0.010781283562110593,0.009543740852792602,0.009552097867765341,0.030216201757661154
10-CC-2,0.0037737528541909857,0.0039278654498417186,0.003420577173134804,0.003603400454642691,0.010102197468787266
10-CC-3,0.004111936522643642,0.0027785135783651507,0.00245865021586669,0.00222504527233075,0.041176147803906216
25-CC-2,0.01059169805685179,0.010808537577595754,0.009479588443484715,0.009643462644840173,0.01884802571450528
25-CC-3,0.011169012563244195,0.011650449425349022,0.010103324571457396,0.010589889607106273,0.02553559940638972
40-CC-2,0.032310887112202036,0.03399642591771167,0.027466771226135632,0.021516735466982906,0.06484246210628863
40-CC-3,0.032953831528350123,0.03409356774817312,0.027644102428030455,0.022570041719985223,0.06649838125533902
