,RMSE,MAPE,MAE,MedAE,MAX
0-CC-1,0.056713015331242525,0.05303811871797203,0.04646594660956359,0.04419731404790417,0.15960053529591467
0-CC-3,0.07371926082104985,0.06788863733129887,0.05961183879598099,0.056518232596492246,0.15204773719116638
10-CC-2,0.049389569528755575,0.05053157412256893,0.04353478750867764,0.04474003098841767,0.09199464473102992
10-CC-3,0.04769230752422489,0.04768394433167313,0.04216895973438085,0.04468794798672293,0.07726995796683267
25-CC-2,0.017161713759471883,0.016174878517572093,0.014312243307209987,0.015266829498418288,0.06432151542802289
25-CC-3,0.05545587629259962,0.05161091518808764,0.04656065199198218,0.04832026729555927,0.09753873682248859
40-CC-2,0.025607257515297046,0.02620655636103534,0.022071680155704477,0.022078157213320737,0.04595488049420815
40-CC-3,0.026212926400764554,0.02573122108201277,0.02191814869782533,0.020986813746842747,0.04809010387636303
