,RMSE,MAPE,MAE,MedAE,MAX
0-CC-1,0.06143104428006521,0.06390411024910951,0.0543005606847903,0.056417419511244904,0.09703999418699039
0-CC-3,0.06383614234057225,0.0670891599180177,0.05733925983447553,0.0589939723455572,0.10124701728025753
10-CC-2,0.052610367624649906,0.05335600722611435,0.04445653936326405,0.036794015976254646,0.09472490964462665
10-CC-3,0.06773948091573415,0.05396150095125396,0.04600500028301841,0.03762306433670343,0.6293873115924561
25-CC-2,0.014993923832808152,0.015886712099971716,0.01410097833803649,0.013394444656661009,0.035557744370893984
25-CC-3,0.01624673456042025,0.015058210586478,0.013047178314959013,0.00867518065617856,0.04596056145015193
40-CC-2,0.014778455014058998,0.015249326154623644,0.012891798589842502,0.0136045842057545,0.03198892023475319
40-CC-3,0.013880216577305532,0.014527332685052161,0.01230604709456612,0.012868714218034816,0.02766724807723553
