,RMSE,MAPE,MAE,MedAE,MAX
0-CC-1,0.04903444074007061,0.047217636270453986,0.04090416231282686,0.037390491885044064,0.1186155668665635
0-CC-3,0.06147744302786185,0.050569511572934996,0.046770394162313114,0.03294142520270682,0.1629315096710957
10-CC-2,0.022173330857269257,0.020317858600703727,0.018304858375600277,0.014436620750872098,0.06849632520392535
10-CC-3,0.028533359847978546,0.024104092114401957,0.022151647841722872,0.0173411231497963,0.10985873168267546
25-CC-2,0.024888154867002757,0.02328464715162282,0.02139267217245731,0.022242784981792607,0.0634100002207566
25-CC-3,0.05544314295651756,0.05317161215558561,0.04879692935451446,0.06302179162101484,0.1008761552960925
40-CC-2,0.034531091841423486,0.033070592817011954,0.02847478033475918,0.027394499927815397,0.06542956236438524
40-CC-3,0.024222107240887147,0.02445233092705929,0.0210010074113592,0.019821557126473932,0.059206983260938095
