,RMSE,MAPE,MAE,MedAE,MAX
field_data,0.03081734629124081,0.026602089995605965,0.02452520393564617,0.019395340913509473,0.0837099109266759
