,RMSE,MAPE,MAE,MedAE,MAX
0-CC-1,0.01610841429684638,0.016699432574736432,0.014758676355663594,0.014560228530450803,0.034537004805826665
0-CC-3,0.015846242949753793,0.016581574825747597,0.014690190134513914,0.014647626832651972,0.03312413750125953
10-CC-2,0.011853569720703986,0.012909684663261978,0.011069141242878578,0.011170557860161856,0.022326493250605317
10-CC-3,0.011970038535808357,0.01267903668629701,0.010940687023934994,0.010689297017935417,0.025094343425332677
25-CC-2,0.012682239661802912,0.013491920670214347,0.01215159345961122,0.012947661760454698,0.022272292926703408
25-CC-3,0.014841875672153993,0.015418419472367112,0.013958629903241128,0.015829094197824634,0.021574500301511645
40-CC-2,0.007614001492851059,0.007046021790860677,0.0059966518216470616,0.004552809116088685,0.01800191359096881
40-CC-3,0.007785786401865911,0.007517373386562046,0.006351154339135327,0.006136664195841024,0.018048124891040573
