,RMSE,MAPE,MAE,MedAE,MAX
field_data,0.05618248169138867,0.04533611229751873,0.04196817877024529,0.03238044068116619,0.22812011487181627
