,RMSE,MAPE,MAE,MedAE,MAX
0-CC-1,0.011361155513104343,0.009021870517879114,0.008247009387067449,0.006268135789291918,0.046299627468648574
0-CC-3,0.015935119504697844,0.017365846814569305,0.014999526266166742,0.01516456402159072,0.02597046376548462
10-CC-2,0.02916282998757326,0.02914848185317091,0.02451573942309381,0.018850961791894827,0.05995209575037119
10-CC-3,0.023440987493960605,0.023687313439860375,0.020456815031935253,0.017302434040822323,0.04697117326984279
25-CC-2,0.035870483428206916,0.03880516414754351,0.03475805930249287,0.03378878825800996,0.054248465783394484
25-CC-3,0.03316571965509643,0.03500613721148312,0.03158544682044463,0.03334539164572903,0.05356309542930204
40-CC-2,0.09203809692372722,0.10366293798554833,0.0847798386413345,0.0774425287757281,0.1507539148765218
40-CC-3,0.09124794569623797,0.1024908807867571,0.08430134571965288,0.07833048606786164,0.1551267925483688
