,RMSE,MAPE,MAE,MedAE,MAX
0-CC-1,0.04542389059043096,0.04299189186393209,0.038179655497027655,0.03399295785570061,0.10335084493064484
0-CC-3,0.02297020731491294,0.020882500499331692,0.018579376595079692,0.017298761189182943,0.0671083438384642
10-CC-2,0.05481408676328289,0.057357693712969324,0.048178220170938243,0.04079989093334607,0.11814674462377228
10-CC-3,0.04734516808141779,0.046489671220482726,0.039459865875916676,0.03391574144512327,0.12529509852193366
25-CC-2,0.03676833892970429,0.035672004064600846,0.03114555474217485,0.02471260273484388,0.08557152496476605
25-CC-3,0.03901624849415549,0.036281275661990346,0.03107822993129784,0.02360570004343132,0.11995564721062557
40-CC-2,0.01604768459677561,0.01641609802383074,0.013529126061238706,0.01309714739012835,0.040559167967340715
40-CC-3,0.017637455842992315,0.017670246360616686,0.014596578828307078,0.013321484804317163,0.047418355270862245
