,RMSE,MAPE,MAE,MedAE,MAX
0-CC-1,0.09636270616579436,0.10280891319270187,0.08777487902761634,0.09120374343033644,0.14769756550004498
0-CC-3,0.09248440640754184,0.09698312928828313,0.08286329805288363,0.08869402412011718,0.1404253082971234
10-CC-2,0.07278135919617239,0.07630989273934688,0.06392365704955273,0.051552966353454854,0.12363951001451268
10-CC-3,0.06925207319469884,0.07223564164612066,0.061623881983250146,0.04996983546264344,0.12473207172614742
25-CC-2,0.01778836152733032,0.015471202674970472,0.01343317418852774,0.010129657489361843,0.07519524076847062
25-CC-3,0.024329579945938526,0.014838616664380829,0.011958896828776289,0.002092907618175377,0.07001306800527152
40-CC-2,0.0026606271442683577,0.0022501058317061324,0.001860883994025719,0.001208695784948699,0.012312005898808431
40-CC-3,0.005451428598163117,0.00510360549324554,0.004121071826146903,0.002689812178471085,0.013307203621429009
