,RMSE,MAPE,MAE,MedAE,MAX
0-CC-1,0.03707493008923366,0.03560359182516753,0.031149594866486163,0.027368003463342838,0.12314692616091072
0-CC-3,0.024453895245319088,0.0186868920917219,0.016715649503229974,0.011364499214648771,0.16617657984041867
10-CC-2,0.043537405868818845,0.04634350971868842,0.039559102377132685,0.04433689420773884,0.07436284948983651
10-CC-3,0.03733910629261734,0.0389184786357272,0.03355046548270667,0.03745171687612775,0.06487222130588388
25-CC-2,0.02783025717808626,0.02334005639960411,0.020059300794553942,0.012971028073619828,0.10817105790706649
25-CC-3,0.013779008572774578,0.010464887674969163,0.008937978951675035,0.004329600876731399,0.0655479458959155
40-CC-2,0.03601255288380183,0.0425820890435491,0.03544512164652398,0.033770785934130076,0.04874006315125934
40-CC-3,0.044395426244648574,0.05217583935589937,0.04352639696049757,0.041691731293887035,0.06038566121681965
