,RMSE,MAPE,MAE,MedAE,MAX
0-CC-1,0.01610878550422569,0.014321439238692646,0.013020260590584358,0.0107429210765414,0.041174339629435064
0-CC-3,0.01499546744597492,0.012962041388241188,0.011861865063395701,0.009163844249919784,0.04178093729450294
10-CC-2,0.01248959796812616,0.012950463937318642,0.01093067932388487,0.012539687077049999,0.020658909638329503
10-CC-3,0.013196992897215683,0.013274052640172907,0.011354430166298581,0.011218225851710839,0.024861553258689884
25-CC-2,0.004034909204316183,0.0034058940743633298,0.0030004383562577818,0.002044462959172322,0.014436631781283515
25-CC-3,0.003542444523009444,0.0029195963752675254,0.0025375592300408982,0.0016989423878682741,0.013322118023069263
40-CC-2,0.006429334505586825,0.006707207227312005,0.005561884534332427,0.004963889676659283,0.015740453763545714
40-CC-3,0.006394250305849488,0.006773621660412788,0.005691677417762324,0.005297511538054356,0.020598011026282226
