,RMSE,MAPE,MAE,MedAE,MAX
0-CC-1,0.03079597114895114,0.03413401373688777,0.029819055362174874,0.028968390873237937,0.05113708728959576
0-CC-3,0.029652160922545884,0.03278216975811829,0.02871797416491716,0.027444430442222667,0.04607005580886292
10-CC-2,0.006527837848358442,0.0056320338685998715,0.004821553840037354,0.002911151761531783,0.015308366158464093
10-CC-3,0.006008511511852189,0.005034479816886168,0.004452934811537368,0.0028316823091120713,0.01853059381964639
25-CC-2,0.007285198663956036,0.0052782902233373084,0.004539841491087478,0.002251500298001974,0.0388844487991713
25-CC-3,0.013499023593127053,0.009642823827564843,0.007965967889512201,0.003067392077307385,0.03519065639999086
40-CC-2,0.019875111524360032,0.021458609193524047,0.017588351710307235,0.01919372261365737,0.03035285439384794
40-CC-3,0.018096105280749664,0.019669332703289553,0.016310316937566478,0.017256182306011003,0.031269328603644286
