,RMSE,MAPE,MAE,MedAE,MAX
0-CC-1,0.01592443773459975,0.014999061370469276,0.0135192389664462,0.012103846655533823,0.038930641986155035
0-CC-3,0.014828727655614672,0.013773303479026807,0.01247784900296795,0.010541897021192792,0.03963952122165748
10-CC-2,0.011750095354290804,0.012226441452297438,0.010332096046055023,0.011698904377050456,0.019971846898003576
10-CC-3,0.012559115669905242,0.012596646628080703,0.010768674052699876,0.011023841326776695,0.024155715055259708
25-CC-2,0.004700310009043774,0.004367998800090395,0.0038806523030255487,0.0030442854373522454,0.01508429585141291
25-CC-3,0.005015270054620147,0.004857166355251806,0.004288751368184003,0.0037084221839904785,0.013711395958097339
40-CC-2,0.005941979373657991,0.0059079283931177595,0.004850208113178076,0.003697881048286722,0.014705121083797179
40-CC-3,0.005605994977089536,0.005589799082446894,0.004640825970943502,0.003675940350233997,0.019080715188879882
