,RMSE,MAPE,MAE,MedAE,MAX
0-CC-1,0.006757086309061182,0.006063783787754779,0.005299914173463674,0.004434862645988857,0.027553915977478027
0-CC-3,0.006518879508066927,0.005916773910840751,0.005211601043080636,0.004378269109158062,0.023563265800476074
10-CC-2,0.027147311121121266,0.03086793003910354,0.026944956232710843,0.027302862336471723,0.04319127796816513
10-CC-3,0.027550537311591492,0.03107320880927856,0.027389924914848245,0.02740966269805256,0.04304320931583561
25-CC-2,0.026473112789480377,0.02798021664539036,0.025414499185229908,0.025885453019555082,0.04016384817995933
25-CC-3,0.02882191675453419,0.028091696346722084,0.025833138126913152,0.029282056009588664,0.04416537192161696
40-CC-2,0.015212448997792978,0.013476201894560856,0.01169417128195039,0.007943475790612942,0.03954219097511713
40-CC-3,0.015811314924334904,0.014841671591657501,0.01282644492107666,0.011999342226567622,0.03789279239146104
