,RMSE,MAPE,MAE,MedAE,MAX
0-CC-1,0.030290330158913997,0.0313798001962062,0.026726051538440248,0.030596728641222037,0.05249988788774029
0-CC-3,0.025264014312922703,0.026385061437786416,0.022739926676774592,0.024955003895952288,0.03881458813950012
10-CC-2,0.015288311328732802,0.015067286955215602,0.012563861303830944,0.011113008358660914,0.02474010081872058
10-CC-3,0.014912804756085462,0.014172191631330539,0.012021229883461002,0.008447478089016858,0.06112618003809811
25-CC-2,0.004732801492483331,0.0047639403295873595,0.004283128467792242,0.004371563860679828,0.013641301944647743
25-CC-3,0.004017372967178863,0.003972895739058594,0.003489171930496246,0.003199564326065607,0.01474153717445803
40-CC-2,0.03209747831415237,0.034061861152008654,0.027546041480898658,0.023539478692080562,0.0639643068748128
40-CC-3,0.032710203911323565,0.034076788474470446,0.027647070884291955,0.024598431734492165,0.06577466165847623
