,RMSE,MAPE,MAE,MedAE,MAX
0-CC-1,0.05563582489448473,0.05986430129998712,0.0511461089698111,0.053869364482811544,0.12135306920857336
0-CC-3,0.061248437107062605,0.0657310139155012,0.0565990462968232,0.05904120756775583,0.10354165608688781
10-CC-2,0.009543373901126626,0.008801721897821817,0.007878122958828577,0.007495762437328746,0.02931593352606876
10-CC-3,0.020672303730712053,0.01800682845152039,0.01625738254686732,0.012700945251694018,0.13322509084666134
25-CC-2,0.03206858530387919,0.030525873042519143,0.02655359966731158,0.02325704951342611,0.05732047875276558
25-CC-3,0.016135452622146686,0.013760364873084515,0.011648652506743988,0.006213940707699317,0.05607559966330955
40-CC-2,0.08072421441021203,0.09386830434264608,0.07740378929955408,0.08246128471699765,0.11246842102581378
40-CC-3,0.07647327486183354,0.08797172958411836,0.07298934238080437,0.07735952641093735,0.11021794615340019
