,RMSE,MAPE,MAE,MedAE,MAX
0-CC-1,0.04983717863783361,0.04849934574903397,0.040821504512364805,0.038252853233399275,0.10259794944932477
0-CC-3,0.04556659063074608,0.04334171823386332,0.036536883186667084,0.03281092824391074,0.08758471782013366
10-CC-2,0.04127131792312519,0.03703810615827898,0.030312425076471475,0.018930962470705803,0.0869603908095753
10-CC-3,0.036723537820077076,0.03278163894398558,0.027312744618137264,0.018851204099728458,0.08219752395321134
25-CC-2,0.013492246231844657,0.011165033713828907,0.009571741499555017,0.007488593855158099,0.054650838941303626
25-CC-3,0.024275446421594446,0.020515609295126476,0.017179563491662813,0.01124892014582235,0.06518389968556937
40-CC-2,0.0032700047109861696,0.003217876801744601,0.0026609142959190778,0.002225459307829858,0.012737761876439047
40-CC-3,0.0039031354941078938,0.0038306481876709346,0.0031185211173063074,0.002437432187014421,0.009981383652251763
