,RMSE,MAPE,MAE,MedAE,MAX
0-CC-1,0.003841568057067475,0.003533348457679576,0.003137185046545976,0.0028774169307661523,0.011101471759104253
0-CC-3,0.0032826325905473486,0.002803818000914813,0.002523324032652509,0.001982979418767572,0.011086998810633575
10-CC-2,0.013173456238600766,0.014111030929128243,0.011909493598923244,0.011198507309128525,0.02126192934501714
10-CC-3,0.010845515345757163,0.010666252126765157,0.009133953760514391,0.008720828885587839,0.037334032401684536
25-CC-2,0.029905003935268116,0.03191675332580245,0.028128957758857983,0.030394992163497725,0.04472753222972192
25-CC-3,0.03583986952146941,0.03900583032194523,0.034152208933010963,0.03681610451464956,0.05482031505885554
40-CC-2,0.05020826031164159,0.05756114645371666,0.04728341306714256,0.041559761785719296,0.0835747714477193
40-CC-3,0.05068716854796322,0.05776927722604638,0.047677378002787804,0.04294898289069793,0.08467207586593473
