,RMSE,MAPE,MAE,MedAE,MAX
0-CC-1,0.031807673029445975,0.03549951090305364,0.0312636527080889,0.03148133931587571,0.05088143286826563
0-CC-3,0.03244482713659328,0.03628620725660143,0.03205183077950001,0.031880240641493085,0.048184919933815684
10-CC-2,0.0028858234763011925,0.002566740947945913,0.0022660596747414168,0.0017266990439507302,0.009938204275843354
10-CC-3,0.004076019987024574,0.0036609479375188407,0.0032945438268466814,0.0027945263288329247,0.015758083767919095
25-CC-2,0.0075874032834202495,0.006831003759089335,0.006259395352064737,0.005677789883610396,0.021618175300636144
25-CC-3,0.015365680336563145,0.015581377731781719,0.014108642340967585,0.013758921637505805,0.02638590243156569
40-CC-2,0.007942331930655156,0.008223413692118504,0.00692088795026208,0.007374900941083062,0.01737468714134638
40-CC-3,0.007569161080048728,0.007752070138539051,0.006556672799101391,0.00717378582320094,0.02416683913220874
