,RMSE,MAPE,MAE,MedAE,MAX
0-CC-1,0.023415266897177007,0.019127387568459036,0.017171412705214276,0.012826070345237361,0.10822696731262382
0-CC-3,0.022470893889775984,0.021290589591187764,0.018960326162564073,0.017113142025272587,0.07007372136099044
10-CC-2,0.04733174194694305,0.05011931663236455,0.04236843181304116,0.04712741065307591,0.07240228771341839
10-CC-3,0.03940975854767415,0.04015100426525222,0.034314877054071664,0.03590288074148901,0.07029445584110117
25-CC-2,0.03435962530592044,0.0324515241914364,0.028181785457313285,0.02196446973297783,0.07900219731970493
25-CC-3,0.023722551671777944,0.02037017349569851,0.01728434107181771,0.010676964385560206,0.05676306754722049
40-CC-2,0.009212790705378249,0.00939975458577729,0.008024477457706127,0.008297640980404197,0.02677711970064367
40-CC-3,0.007993974490014518,0.008434003629232144,0.007082898653097483,0.006830240965053247,0.022913780880039814
