,RMSE,MAPE,MAE,MedAE,MAX
0-CC-1,0.02057814830505917,0.02166916418784279,0.01930493186693987,0.018637105206622928,0.04209034381034327
0-CC-3,0.020328168526590747,0.021587487486688216,0.01928028707591885,0.018064486644939315,0.042276788334389415
10-CC-2,0.00851637450301318,0.008811524748611963,0.007463960713290855,0.008293936981036643,0.014312028248711584
10-CC-3,0.008774208790510314,0.00870585978277098,0.0074775002031763176,0.00736846439480543,0.01835407138019718
25-CC-2,0.004822685399110549,0.0050489450292024495,0.004517660404903559,0.004468900871947845,0.012725561243716377
25-CC-3,0.0061423705153662205,0.0063223828964422074,0.005686004809802146,0.005953286340589337,0.014334979751737476
40-CC-2,0.006468250524913485,0.005964611521868276,0.004838345794250238,0.003552878042403562,0.02034193234020587
40-CC-3,0.006760956953746143,0.006364760303725266,0.005175203058574373,0.004469517025679326,0.02047224522580615
