,RMSE,MAPE,MAE,MedAE,MAX
0-CC-1,0.011971403890089046,0.010834041068683607,0.009593876882158417,0.008356216238897318,0.029776381827616216
0-CC-3,0.011004134026930455,0.009756106420725698,0.008649403562980253,0.006624611894725629,0.029231775383492198
10-CC-2,0.015292179150684948,0.016417250611296803,0.014028512899112578,0.014088686480709933,0.02517038520137882
10-CC-3,0.01628952503195788,0.016974054866170544,0.014597307678830248,0.014510235409002148,0.03041149497181095
25-CC-2,0.0093678062648612,0.009885400579549942,0.00885275477242079,0.0093178548319236,0.019560247046176094
25-CC-3,0.00934005133239019,0.009968174365012796,0.00886052426044493,0.009271193847482817,0.019114318588407397
40-CC-2,0.0049782170841914716,0.0051939259896107174,0.0043630112246551235,0.004403878160639363,0.011700628734515606
40-CC-3,0.004742820099011061,0.0048584314181324235,0.004089661438246742,0.00435510083989421,0.016245143422980224
