,RMSE,MAPE,MAE,MedAE,MAX
0-CC-1,0.017149704121551538,0.017439861891217892,0.015208052682871707,0.016520368648454298,0.03529014299708566
0-CC-3,0.016175912000824817,0.01627977849646796,0.014378229779513994,0.014983663035873451,0.031214224433700033
10-CC-2,0.00337579881684976,0.0032775647516584145,0.0028334040759733763,0.0026069495563129097,0.009692773163825108
10-CC-3,0.008478826254544478,0.00432591313301326,0.003877673473735971,0.0026916340783347814,0.10076142106974484
25-CC-2,0.01975970567638976,0.019426328313668074,0.016910887746959497,0.014924743435525634,0.046104011403517275
25-CC-3,0.01046926647772455,0.009132637281192502,0.00773901835631089,0.004926592813999209,0.03129102390590144
40-CC-2,0.06213367110912792,0.0704461786995597,0.057665310915786167,0.05422904033243381,0.10329353481660963
40-CC-3,0.062381069652249044,0.06998189400203952,0.057689213359396106,0.05485057109933866,0.10372890768599297
