,RMSE,MAPE,MAE,MedAE,MAX
0-CC-1,0.02622067725517301,0.019726854250104058,0.018157223218583818,0.010440531274101883,0.11387748763733085
0-CC-3,0.025250100410092725,0.02044304256457177,0.01873646619846981,0.012594257495304628,0.08104331081855665
10-CC-2,0.03792324682680857,0.03930886768772265,0.03335867674151931,0.03565558285906156,0.07833782691672442
10-CC-3,0.03302214738568933,0.03312160348140437,0.02871214749682817,0.028964993676266093,0.05961805424817057
25-CC-2,0.024629391705554355,0.020492452007030135,0.018112689680794887,0.011783078233460587,0.05873357998033002
25-CC-3,0.02620344218086559,0.025865610274387513,0.022986796703693895,0.02047343257647971,0.0543400077016406
40-CC-2,0.015913270746191137,0.013728091509985638,0.011809038467383471,0.008916730824642616,0.05587753779146398
40-CC-3,0.015257467958617313,0.012775388179708982,0.011337074181490813,0.009267959401635384,0.0524930748615513
