,RMSE,MAPE,MAE,MedAE,MAX
0-CC-1,0.013147541820951077,0.011632480057687859,0.010470456029734445,0.009664812668209732,0.03545807538154078
0-CC-3,0.01229496315577903,0.01064906375071405,0.009620600408619208,0.008037382633940715,0.03415142355396339
10-CC-2,0.015838650685116917,0.01640989515663512,0.013851214708023593,0.013505787840157546,0.02831524546901798
10-CC-3,0.016623383887366987,0.01651975006485836,0.014060187637735914,0.012550153339545289,0.03244511181810761
25-CC-2,0.00863907531855938,0.008972663218732338,0.007984730836620428,0.00731680416596614,0.016123264414492744
25-CC-3,0.00874774914205488,0.008920666251266657,0.008042862974573175,0.00787947328320987,0.015169559982377456
40-CC-2,0.004253415855718816,0.0035238401829692447,0.0029212361251347574,0.0019232130906797762,0.014400124116481505
40-CC-3,0.004869942937167487,0.00417111412612311,0.003420387112427507,0.001871519931067156,0.016189770707983886
