,RMSE,MAPE,MAE,MedAE,MAX
field_data,0.029194007137690787,0.02393547544242197,0.022465294412161895,0.01858028311375093,0.08445032370207006
