,RMSE,MAPE,MAE,MedAE,MAX
0-CC-1,0.05338324936996963,0.057579584006556175,0.04930160443995554,0.048878720355169325,0.09399705881288067
0-CC-3,0.048430320885950444,0.05045156908430919,0.04305990068979003,0.044161798212325576,0.07898173248711438
10-CC-2,0.033441280507689186,0.03697949254528609,0.03143945563209967,0.025891616544994833,0.056227984226598915
10-CC-3,0.03441068718922221,0.03791121865859024,0.03286696421850698,0.02849664695344184,0.0686119869800842
25-CC-2,0.006841566764019043,0.006432034582991915,0.005777367584586094,0.005455013462781988,0.01740931913377597
25-CC-3,0.009363825289580437,0.009408551920684781,0.00846797096302355,0.009614272892481401,0.02337059067969749
40-CC-2,0.02842353934872205,0.0315622962849296,0.025750067161465176,0.02187537065147438,0.05476903872066852
40-CC-3,0.029541368569805063,0.032062593240531366,0.02627628159994106,0.022827260438022745,0.05645533142637993
