,RMSE,MAPE,MAE,MedAE,MAX
0-CC-1,0.03258317774735827,0.03426084902826922,0.030704076186181484,0.031006780064081085,0.062558246311195
0-CC-3,0.03268574482880918,0.03452131986486241,0.031000868362573642,0.03299021219516707,0.05332737120338815
10-CC-2,0.012943619496599515,0.01276636734529385,0.01108119439955806,0.011081364889495071,0.029041050322030748
10-CC-3,0.01269652869829801,0.012039951094292392,0.01076915939957822,0.01057157763210459,0.034816452635687
25-CC-2,0.00924314865686323,0.008683761671610495,0.007844112574132723,0.007344027441097134,0.031047490976004677
25-CC-3,0.015796004653840373,0.01641501582757733,0.01459368758482304,0.015172539285169429,0.03510039922355579
40-CC-2,0.023037097990333884,0.0237968377197962,0.019430959447707015,0.014976091191234886,0.05416981036228696
40-CC-3,0.021708582712077287,0.021969191550050775,0.01799929080540585,0.01274226732929351,0.054152256284828226
