,RMSE,MAPE,MAE,MedAE,MAX
0-CC-1,0.02762953468276525,0.03035862267558108,0.026860290729631944,0.026854478886602695,0.04776220259787989
0-CC-3,0.026211415320009163,0.028883782263282306,0.025643994086744705,0.025071907241607017,0.044525015930672374
10-CC-2,0.0045815347510571305,0.004250351835829668,0.0038305377309171356,0.0036951778633979027,0.01053170430447492
10-CC-3,0.0052059261293867865,0.004945253041997725,0.004474566955914549,0.004318952777439877,0.01803366989615396
25-CC-2,0.008833919840900597,0.008477517757768034,0.007394154311077753,0.006914415336119528,0.025405990871467443
25-CC-3,0.01043584817153058,0.009306388081605133,0.007891512894814406,0.005079445349329692,0.02319426796462709
40-CC-2,0.01930974328205596,0.02026802113649859,0.016986289538630156,0.016662487333381937,0.0324357125941227
40-CC-3,0.01931005008704591,0.01994271550095943,0.016861139919364578,0.01613048335972922,0.03854794980039111
