,RMSE,MAPE,MAE,MedAE,MAX
0-CC-1,0.015244218123257087,0.014280692032894917,0.012173789972600315,0.009662059364287323,0.037682530824446836
0-CC-3,0.012179894409331727,0.01103838496965728,0.009670119033877014,0.008023771636749222,0.03953569346916308
10-CC-2,0.008310608931667051,0.007908162404279724,0.006997365869500894,0.006699134202584389,0.02176339984277842
10-CC-3,0.00957480552992461,0.008495126512572941,0.007686339483419479,0.006700134456061879,0.035093055672673734
25-CC-2,0.013697966112415022,0.013171281750745837,0.011535012458852037,0.010163785918486656,0.025961005603421294
25-CC-3,0.01154411706021898,0.011790997606334338,0.010320358466429124,0.010117769241333008,0.024685976108784202
40-CC-2,0.0502640467567546,0.05191961707837159,0.0417793283368052,0.03595014322841317,0.0950413938003194
40-CC-3,0.05024509728197927,0.05128281081430835,0.041461089108434546,0.036868350900193136,0.09710798895187223
