,RMSE,MAPE,MAE,MedAE,MAX
field_data,0.07984345676581511,0.062276668147478655,0.058634266593289436,0.037231246429151876,0.22961197978844416
