,RMSE,MAPE,MAE,MedAE,MAX
0-CC-1,0.018271271305392554,0.015480217476545202,0.013046417549102986,0.007310979663177897,0.058912811223769346
0-CC-3,0.026841430155381128,0.02740631317798031,0.0235689901365253,0.018077826218242388,0.05707661683365295
10-CC-2,0.014369403368800856,0.01405671389176355,0.012234652932093084,0.010887424858199046,0.027676546560999604
10-CC-3,0.010700921264458695,0.010223847770204783,0.009065012865819441,0.008825370518837361,0.024685217143594396
25-CC-2,0.006398760543930208,0.00483357949607686,0.0041820003051566195,0.001979242050185681,0.01666031336933005
25-CC-3,0.006376692742502678,0.005905349900282818,0.005356239273311429,0.005347214628066199,0.021422532074503398
40-CC-2,0.01428539697578164,0.014277479143214365,0.011894594639848724,0.011224259101841938,0.02546256520184975
40-CC-3,0.015338066200430697,0.015614818778036266,0.0130587200121105,0.01293123908949445,0.025998245229766792
