,RMSE,MAPE,MAE,MedAE,MAX
0-CC-1,0.06770997477310939,0.07487451425298514,0.06590849806457565,0.066485592472035,0.12333837627992927
0-CC-3,0.04873432758151486,0.05132736394889375,0.045298324312753394,0.04394006605665002,0.19751849311586045
10-CC-2,0.02097420085086909,0.020170833924018933,0.01740267191614785,0.01858513031479403,0.045776586411255926
10-CC-3,0.020289533011025405,0.018006299814364773,0.016065125033464172,0.013591681704571312,0.06321483693249674
25-CC-2,0.01440107261102956,0.012084771187112082,0.010626745020762768,0.007515702666922031,0.04454505832231248
25-CC-3,0.01518995079306111,0.013675496826264616,0.012296886608121031,0.011607887686227891,0.07487798015189695
40-CC-2,0.07087934084195043,0.07808864975659491,0.06464153916729769,0.06990177649285934,0.10494045506870597
40-CC-3,0.06793316245249656,0.0723761016530939,0.059630410179667914,0.06974552841160331,0.10106332559003017
