,RMSE,MAPE,MAE,MedAE,MAX
0-CC-1,0.03702066540575548,0.041810613955779695,0.036688630674146135,0.03695327213395089,0.05228124795081568
0-CC-3,0.0399057089829386,0.045099239328129426,0.03972143277890148,0.03998296986421268,0.05072896538211891
10-CC-2,0.0026458653053533093,0.0025755335901604735,0.0022573454998953925,0.0021818690048044376,0.009539389597651216
10-CC-3,0.0032116726378334437,0.001966355227023465,0.0017587390902462144,0.001185615641845661,0.03171948241098177
25-CC-2,0.024154121134481333,0.024897721853088424,0.022708689638549922,0.023636817535581223,0.037082764882229835
25-CC-3,0.038647560173440156,0.03767698317360923,0.0346558944487597,0.039700015713668824,0.056205510166245864
40-CC-2,0.022212586259637446,0.024380863163308335,0.020672804519259173,0.019916170013087098,0.041530303901600285
40-CC-3,0.02271642705400013,0.025434742115560988,0.021527489837035164,0.021304445471047262,0.03709967670988823
