,RMSE,MAPE,MAE,MedAE,MAX
0-CC-1,0.02946786306147246,0.03244881193393306,0.028465386056994477,0.02772208636186979,0.05042212957551495
0-CC-3,0.030075566212328333,0.03319645240383948,0.029191093019969177,0.027382679599379456,0.04673616943790504
10-CC-2,0.0058080555945656444,0.005583153909082671,0.004859342623497259,0.00431998920095189,0.013039569733399481
10-CC-3,0.00658421893229861,0.0059822120713911246,0.00528479505361502,0.004233025407740065,0.01699422449591592
25-CC-2,0.007955495175276205,0.008236029532225485,0.0074162155342750715,0.007677142881226728,0.024253833087959142
25-CC-3,0.013624492651937348,0.014691476718466278,0.013174459178774866,0.013689444575423482,0.019836663272935318
40-CC-2,0.005311063559974816,0.0053837408209075205,0.004516239707132796,0.004504662519309699,0.013046860261501037
40-CC-3,0.005339255419840526,0.005383276906623512,0.004475342117578027,0.0041816069591150695,0.01796360493649951
