,RMSE,MAPE,MAE,MedAE,MAX
0-CC-1,0.07347344447959625,0.07816302235062578,0.06733769698712364,0.0752384209084157,0.12202541262386879
0-CC-3,0.0539026798427594,0.05523966824861337,0.04798076082765982,0.05133816964433063,0.11387121434194747
10-CC-2,0.07689857385864364,0.08257492287566402,0.06987520748486536,0.07485122902272423,0.11552862076819159
10-CC-3,0.07345396124001485,0.07598282348052707,0.0648320988608045,0.0700373879654288,0.1232903986642685
25-CC-2,0.042113968193963215,0.040431592930142125,0.03508055522552001,0.027307662997002713,0.10581905862422958
25-CC-3,0.035618328893096476,0.034704073331521514,0.02983181548112548,0.023295346445648124,0.08131681954775039
40-CC-2,0.006223516966968845,0.006384948544098827,0.005329395354029737,0.005049256716555595,0.020290552116321026
40-CC-3,0.011991399851868699,0.011721504093700803,0.00971746716486551,0.008624631473276856,0.023185059053896118
