,RMSE,MAPE,MAE,MedAE,MAX
0-CC-1,0.05747801014181972,0.060094433505341646,0.052110994234154516,0.05194692741987261,0.14533687492652514
0-CC-3,0.04569249074716498,0.04229255297284869,0.03814285154052713,0.033250097930486056,0.13240267374587888
10-CC-2,0.051319666809281766,0.051546691765464475,0.04331218127336759,0.04695798862441769,0.09332833437979438
10-CC-3,0.055664752429829815,0.05444578015546029,0.04640109934375061,0.04131853288781229,0.12028620535829926
25-CC-2,0.022081691648846245,0.01726099991428205,0.014933141597736187,0.0073946520570403185,0.07102649111978454
25-CC-3,0.0317058244818546,0.02666865333771124,0.022591506903423413,0.012636888246086997,0.08037457202043541
40-CC-2,0.0048101173309173205,0.004266949246044607,0.0036261668505753555,0.0026622736315409234,0.020894466377185283
40-CC-3,0.0055080087851923955,0.005211722955829545,0.00448174539466905,0.004001599906156894,0.01659316088781826
