,RMSE,MAPE,MAE,MedAE,MAX
0-CC-1,0.013921186154643566,0.013962014925987835,0.01218263771926523,0.01210871950241077,0.037421495638153335
0-CC-3,0.008808305955465194,0.007940592732888005,0.007035273874043063,0.005638196952311603,0.021266449074288096
10-CC-2,0.05117501780031239,0.0559838121461529,0.04750010384855434,0.05729423091276342,0.06682924009671287
10-CC-3,0.03783586804189213,0.040363566489253135,0.03461557298367237,0.04059193457915439,0.053832656235518694
25-CC-2,0.046427989595706265,0.04803967985551736,0.04211880009806403,0.04328281608111695,0.07418441520829633
25-CC-3,0.04280120361001329,0.04477898821549881,0.03878417201476724,0.039477253149308056,0.07199557226481867
40-CC-2,0.057457196168018164,0.06473726336651375,0.0529633768830773,0.04617648262560081,0.0996076460319173
40-CC-3,0.05555397786786488,0.06184117941838069,0.05092296396946198,0.045225698575364626,0.09724886951994682
