,RMSE,MAPE,MAE,MedAE,MAX
0-CC-1,0.04642989915998529,0.04587405418087961,0.0404730699010972,0.03957552351843174,0.10590517276933209
0-CC-3,0.04762308744413041,0.04584934996033552,0.04108075401537547,0.041217926194574706,0.0864147465850078
10-CC-2,0.034006576144310484,0.035613942526982446,0.031097301718096985,0.03118491827935055,0.06983085951791612
10-CC-3,0.03320500731614906,0.03558935960766065,0.031532610918092285,0.030826623745524584,0.061978168830517544
25-CC-2,0.022008978798751612,0.022226014292497,0.019442754263816708,0.015070859527981428,0.04389662591303778
25-CC-3,0.008924001732180735,0.00649945020329265,0.0054113751824062025,0.0017678507820396705,0.02752798127219369
40-CC-2,0.051041078019342684,0.054750674694588254,0.04432859605200039,0.03890681119188716,0.09302884012590529
40-CC-3,0.04688700426718727,0.04921706886778272,0.03996194732292107,0.03606419085474488,0.08872417843170011
