,RMSE,MAPE,MAE,MedAE,MAX
0-CC-1,0.049655454462181524,0.04775145682153888,0.04317545675419898,0.036497772443891296,0.10574458475268567
0-CC-3,0.026739730418643914,0.02137928762131045,0.019629207977053417,0.012805869496162248,0.07751145499940537
10-CC-2,0.04103276895280617,0.03841478067198653,0.031709309347973606,0.02190999029529117,0.10055348004399933
10-CC-3,0.03539332585321048,0.030798211255760738,0.02592043631126517,0.018403252871488085,0.13437848875783454
25-CC-2,0.024324414214833754,0.020342064018855712,0.01758933360044138,0.010512475195654791,0.07036733375688031
25-CC-3,0.02876327727331462,0.023985282413556838,0.020355268373020447,0.011891290072189142,0.10289882443383114
40-CC-2,0.009735710873713058,0.007982267514646391,0.006959724912604078,0.005021154032153474,0.038703361188252794
40-CC-3,0.00800707749774968,0.006886110794633953,0.005972619038257412,0.00443760001994864,0.029447866615237794
