,RMSE,MAPE,MAE,MedAE,MAX
0-CC-1,0.10286799576331594,0.10461601055167595,0.08858062016894254,0.08896500015835918,0.1787160014550926
0-CC-3,0.1037126103481362,0.10455833053627689,0.0887498500806603,0.09101334269215722,0.17020605380341003
10-CC-2,0.053121977985874536,0.04357029574549035,0.035351325260252774,0.013527880815878857,0.11581410527567026
10-CC-3,0.05009594611328264,0.04307063979753036,0.03585071037527054,0.01956245900796144,0.11474052751232389
25-CC-2,0.006793659615686433,0.004591498486867672,0.003932387671905178,0.002284524619024897,0.04149859723445548
25-CC-3,0.013902219130808842,0.009828618767711643,0.00816223323663634,0.003616827677329737,0.05510773944144676
40-CC-2,0.0027044333214763998,0.0024937504668015925,0.002079655866334986,0.0015851737293240409,0.014528643033360433
40-CC-3,0.004494684586526169,0.004719968063184665,0.004047095869215253,0.003799247782608317,0.010986501080742617
