,RMSE,MAPE,MAE,MedAE,MAX
0-CC-1,0.054550520074369446,0.055636031877807794,0.048845645138091025,0.050746973225901104,0.10345840454101562
0-CC-3,0.055394720412444434,0.05627041517798972,0.049603585610318884,0.0507796789682734,0.10389542579650879
10-CC-2,0.035741380631654836,0.0319798237696567,0.026475210283717313,0.019579119182510873,0.07104660687973408
10-CC-3,0.038218814343511605,0.03360387522995608,0.028509437566675917,0.018223940938918548,0.10241680587803959
25-CC-2,0.015091200624690009,0.015621456380468966,0.013985914136721244,0.013847542455184825,0.026385073020850136
25-CC-3,0.015448722428697466,0.012529071416120864,0.011069917112819511,0.005981009697284212,0.049307856090016866
40-CC-2,0.026469232489505817,0.0262547798469856,0.021739675174408144,0.015748713008496562,0.08498511874275483
40-CC-3,0.02884452100733269,0.029135896394511543,0.024200766399267663,0.017838831199876504,0.0841003329277693
