,RMSE,MAPE,MAE,MedAE,MAX
0-CC-1,0.028031796943837176,0.030861126184260592,0.027280573707127952,0.02743652017427406,0.04825668273093653
0-CC-3,0.02660302177042674,0.029377740285185854,0.026057324920052,0.0256660350072504,0.04369448481037208
10-CC-2,0.004579490865648965,0.004327027710853601,0.003878181909024856,0.0037912107099596914,0.010605963632229987
10-CC-3,0.0050698464592383845,0.00491346423301432,0.004431335634608664,0.004506435132379971,0.016940163083104642
25-CC-2,0.00931078958648698,0.008978044560888795,0.007828936114114558,0.00746039530235959,0.026271092685737463
25-CC-3,0.010992865247494151,0.00993171086086852,0.008440371184910254,0.005895673899703746,0.02390976212051088
40-CC-2,0.019900094627291635,0.020962508455060244,0.01755083295211364,0.017396876161659525,0.03290241696271401
40-CC-3,0.019867943934597784,0.020562652110467806,0.01736515348528632,0.016761219710742403,0.03935446024884692
