,RMSE,MAPE,MAE,MedAE,MAX
0-CC-1,0.17535859348460545,0.16659517265948717,0.13978594706082556,0.14115680594543084,0.319077906553054
0-CC-3,0.17308096136318385,0.1642347534666955,0.13777085355713936,0.14433501116787217,0.29399843404307635
10-CC-2,0.1460039295298729,0.13613454030855382,0.11193835361112771,0.07738419423359988,0.27464320740686265
10-CC-3,0.12797903495519308,0.1152759214239506,0.09606049331231425,0.06003726858146363,0.2592957329584109
25-CC-2,0.05560543502425304,0.05127699289729304,0.04444407647370996,0.0322643753677464,0.17469417628642692
25-CC-3,0.09238854332624763,0.08590315160960275,0.07283310501572558,0.04975656029036751,0.20744898109120902
40-CC-2,0.0018978241737035585,0.0015435223846412115,0.001260703620993003,0.0008886460905176419,0.013895343682621908
40-CC-3,0.007975047589710063,0.0075577586321041315,0.0060831432247875905,0.004359865020380327,0.018663210859398927
