,RMSE,MAPE,MAE,MedAE,MAX
0-CC-1,0.007166873853233023,0.006772366032730151,0.006028707983953919,0.005579309740701255,0.02031706509711695
0-CC-3,0.005411581060205665,0.004960449366434343,0.00443934297839344,0.003864608274461334,0.012399479016878656
10-CC-2,0.003145327705822715,0.0028094780013536826,0.002512221358740922,0.002053693053283956,0.010355124041309116
10-CC-3,0.006589074131963169,0.004877868237206402,0.004479962124227369,0.003655375813918782,0.05602342639887692
25-CC-2,0.01978256952882934,0.02142074356370063,0.01897823273361882,0.01947379886653494,0.028152738163441104
25-CC-3,0.024982322423051925,0.027489660945968164,0.024393019170416586,0.026137756752642516,0.036632862560801005
40-CC-2,0.03740422665375241,0.04369282342856997,0.036085723299955096,0.03543530899535474,0.059038161798061095
40-CC-3,0.03984771557297932,0.04619500925503339,0.03829184732870172,0.03752776089807697,0.060239416716764804
