,RMSE,MAPE,MAE,MedAE,MAX
0-CC-1,0.05743896650533127,0.059231615633629296,0.05287214922333731,0.06034387888415199,0.09818315262010113
0-CC-3,0.06404764215843711,0.06339100822884529,0.05729655344914782,0.06095908777900033,0.09492635037559316
10-CC-2,0.038296327218552,0.0393192934733166,0.034465347693438064,0.039151647509664045,0.057085061883791366
10-CC-3,0.03932494157609683,0.04180805251098298,0.036927193037042345,0.037787356326436594,0.05680425286441959
25-CC-2,0.026503400004124024,0.02638563569534682,0.023042456768412194,0.023271212248872075,0.0457574233182807
25-CC-3,0.008004729563460957,0.007799348650943392,0.006829490456298306,0.006110425383807461,0.020340320667500023
40-CC-2,0.060173873550876084,0.06593550753302511,0.05357289931375162,0.05069786162599971,0.10368233875805255
40-CC-3,0.05940529973182026,0.06436102192256034,0.05267832524799332,0.05122842244038461,0.10398723421644951
