,RMSE,MAPE,MAE,MedAE,MAX
0-CC-1,0.04395581031277777,0.04878843719492052,0.04234086991067909,0.04587083239523004,0.11168026069359205
0-CC-3,0.04390060449661578,0.04758361223974784,0.041234859218561466,0.04610501240971843,0.06000958800433975
10-CC-2,0.013721804929685623,0.01301500431354252,0.010841032627595249,0.006673563134568905,0.026360512691584348
10-CC-3,0.01480302561189277,0.01328981133131913,0.011196205783171093,0.00864050456632065,0.030448420688592437
25-CC-2,0.0069141553073876144,0.006022075964407271,0.005302158853836095,0.004058813520590676,0.01728204640646558
25-CC-3,0.007117560754952779,0.006792505443816938,0.006066287846949618,0.006497117426076948,0.015683443433164523
40-CC-2,0.015286858777031037,0.013204883169908206,0.010499598228136842,0.005347763586016463,0.040205290890174994
40-CC-3,0.017021967838026605,0.015215633554992598,0.012249043663868944,0.006471999470901546,0.04370130835127617
