,RMSE,MAPE,MAE,MedAE,MAX
0-CC-1,0.0028062606312869646,0.0025465653097038266,0.002248774408570663,0.002054097351624762,0.011020469046854497
0-CC-3,0.003036990455858334,0.002473743260052246,0.002254565111351793,0.0017924835886363732,0.01117507082228042
10-CC-2,0.009688663723063401,0.010862214392623889,0.00928391663064309,0.009410268760605356,0.01629282651474384
10-CC-3,0.007944281926135395,0.007985568098806841,0.006896530140220761,0.006462442215353192,0.04296708856547238
25-CC-2,0.015484772112917383,0.016543414779951245,0.014574456034858947,0.01415984400607817,0.026790750232658533
25-CC-3,0.013731209316648396,0.014575198225764722,0.012657057267407096,0.011600366365847936,0.030495957549242503
40-CC-2,0.03770217438501126,0.04283848596790237,0.03509261251336238,0.03218997313386157,0.06636875824505206
40-CC-3,0.036655422357062394,0.04138362686439943,0.03405683997986361,0.03223236578330657,0.06237260734863126
