,RMSE,MAPE,MAE,MedAE,MAX
0-CC-1,0.03356314730088372,0.0324327524395257,0.027732403713512984,0.019892661455200966,0.1023738359849693
0-CC-3,0.03456734745853903,0.03301544700719012,0.0282590668823936,0.019042979254572323,0.08225838715835998
10-CC-2,0.02887612905429223,0.030507477135655298,0.02642053009263973,0.029727779940510568,0.04353179930376694
10-CC-3,0.01955654872960895,0.019084084114360945,0.016594922256694174,0.01761191384868499,0.0379378330722443
25-CC-2,0.01668849837581152,0.016171607585852787,0.014088764165605542,0.010870899242759968,0.03416952429455866
25-CC-3,0.01141086834818965,0.01154108918744174,0.01011277981136751,0.008709686868966837,0.029127362468870044
40-CC-2,0.004819548126317524,0.004988629984906077,0.004157982798118179,0.004120030938775554,0.01226848320537921
40-CC-3,0.004021169477809352,0.0041289512688271945,0.003474464374217522,0.003744223359488319,0.009699779134509812
