,RMSE,MAPE,MAE,MedAE,MAX
field_data,0.03420537546962302,0.029415513119953576,0.026765736494585992,0.02134056406591678,0.10814197844624795
