,RMSE,MAPE,MAE,MedAE,MAX
0-CC-1,0.0526435410996379,0.05913548138495565,0.05208603126217433,0.0514941095223716,0.07504546877967522
0-CC-3,0.05500915128502068,0.06179366852705041,0.05460779205756668,0.05426276644116146,0.07721017656757423
10-CC-2,0.018526661602473897,0.01951534203992441,0.017305377134051766,0.016487714904718342,0.03542188870694074
10-CC-3,0.02043227621470248,0.020876143677359724,0.018810273020256122,0.01734838291468116,0.04092233032706216
25-CC-2,0.006049797107389072,0.0051454520237974805,0.004538055547728483,0.003966546569599272,0.03630481937793717
25-CC-3,0.011835480319047836,0.011240018038373665,0.009779708501737636,0.008298859015205995,0.025938108182217423
40-CC-2,0.006809245179190733,0.007241366496880179,0.006030934534552966,0.005457717774928872,0.014682689824172757
40-CC-3,0.0061814416406348015,0.006575934988073599,0.005628659810175155,0.006029519801336036,0.02469094277371875
