,RMSE,MAPE,MAE,MedAE,MAX
field_data,0.025213006206247175,0.022502928592826023,0.020875608678025438,0.019858377952027273,0.05280285648602068
