,RMSE,MAPE,MAE,MedAE,MAX
0-CC-1,0.0041765989272749575,0.0035982704487227683,0.003181034960113811,0.002372058293108048,0.014289019052291074
0-CC-3,0.0031626158406468543,0.0030243771852748484,0.0026630332526127484,0.0023707672376762634,0.010593985140365136
10-CC-2,0.006059855656369933,0.0053129222974675604,0.004520802019859565,0.002436975325601054,0.011764607220535295
10-CC-3,0.00621645990443893,0.005458723101731062,0.004723321978467984,0.003097937059428013,0.027113743171337856
25-CC-2,0.00876807019171042,0.006608561106513639,0.005699389279442388,0.0026207497270299696,0.024683277370031953
25-CC-3,0.009111067372753119,0.006896742253032766,0.005826086911697886,0.00208870043935494,0.02210380237880183
40-CC-2,0.033881744014742594,0.03291251295085277,0.026295733384529556,0.016943260289867534,0.07068467096859332
40-CC-3,0.03255014488126684,0.031063038676605304,0.024926138935245253,0.016868872632698984,0.06905089056320035
