,RMSE,MAPE,MAE,MedAE,MAX
0-CC-1,0.024758830795163056,0.019437543761473622,0.01733106578016609,0.013751409372101953,0.13020256141686737
0-CC-3,0.023734917930171247,0.019930231241622725,0.017780717567567147,0.01583428379461671,0.16204097116732297
10-CC-2,0.04733468482619328,0.05003997277050919,0.04269226279772401,0.04932169604583714,0.08325514723458749
10-CC-3,0.04399494841849432,0.04561651922624451,0.03933517164768188,0.04320836808667439,0.073580579116858
25-CC-2,0.0318105413114799,0.02622602952230065,0.022644934922452703,0.014295552412109669,0.08719844976568203
25-CC-3,0.019798274993084005,0.015332089637427142,0.01304848113974956,0.005194792943138293,0.05539393703055906
40-CC-2,0.021903780446093226,0.02494630972504689,0.02126303851806043,0.020919846560102373,0.03820921663566301
40-CC-3,0.03400892249132724,0.03992316232380188,0.03364689973973502,0.03305374014925777,0.0524821737652047
