,RMSE,MAPE,MAE,MedAE,MAX
0-CC-1,0.025995507436540714,0.028602483025753436,0.025304730789515593,0.024943586536313345,0.046759950495981695
0-CC-3,0.02585789382803357,0.028555989970891746,0.025337115152678443,0.02465394603498794,0.04362760839893409
10-CC-2,0.004441306241778237,0.004332665291452127,0.003774377944670003,0.0035420777098748024,0.011173407910126776
10-CC-3,0.005215839248282584,0.0049111396318484045,0.004354199779771938,0.00398954739852303,0.017867015309361967
25-CC-2,0.0026547941665911188,0.002201077718237629,0.001977758676651038,0.0014387099918698465,0.013614284786262365
25-CC-3,0.005115723089585101,0.00477711230177288,0.0042126519091445665,0.0038079733417648587,0.011957654993471789
40-CC-2,0.008628262227660605,0.008856202361242635,0.007313916699585791,0.007166869738802095,0.01980644421154376
40-CC-3,0.008500446331255412,0.008722625255572781,0.007282913337654762,0.008065190950783396,0.025699214944739257
