,RMSE,MAPE,MAE,MedAE,MAX
0-CC-1,0.007325264702210572,0.0065597769072638775,0.005893047096718618,0.005143143512908455,0.024271833277964117
0-CC-3,0.010602944110823314,0.010402571063055125,0.00931561297501913,0.008907228016054702,0.02469317970707008
10-CC-2,0.012181985039852341,0.013282235631502843,0.011303295162908854,0.010768310404177694,0.0218968629710643
10-CC-3,0.00991066582559683,0.010185371742945096,0.008699930100849374,0.007325067233766969,0.0201528587405988
25-CC-2,0.009221135967805293,0.00970187702834308,0.00875046657721113,0.008723251469942683,0.01915276463309379
25-CC-3,0.013674426749483406,0.014190729867470993,0.01285707309692977,0.013468918101790739,0.02235544076494389
40-CC-2,0.0052128102266658935,0.004461415441167641,0.003807783590684089,0.0023924956897954375,0.013779162927211486
40-CC-3,0.005745157631623735,0.005636615589320812,0.0047128118858126965,0.0046863587735529455,0.015492634570344888
