,RMSE,MAPE,MAE,MedAE,MAX
0-CC-1,0.10601330331673735,0.11244971675193034,0.09589182838582788,0.1013004492034435,0.1724024986665489
0-CC-3,0.10491212485989472,0.10982145027092584,0.09380369224008153,0.10039761717488427,0.16230760390564392
10-CC-2,0.05616492737355507,0.05152805371067077,0.04228410997990335,0.02559550118164089,0.11312668118760838
10-CC-3,0.05302472289874245,0.0500814161174423,0.04212079614246173,0.02874214073685316,0.11033729398418668
25-CC-2,0.008153192628527359,0.005680606791833375,0.004883032240977706,0.002722209021607358,0.04442596015330924
25-CC-3,0.015424063525042489,0.011469198946153667,0.009542203230397223,0.004311753372849947,0.05254432248359153
40-CC-2,0.005922957442943003,0.006635940911243345,0.005614937894442353,0.005488675692920775,0.01639109704582542
40-CC-3,0.0019698058221222785,0.0018158907237538534,0.0015496517918911381,0.0012848943410546099,0.00794018496367399
