,RMSE,MAPE,MAE,MedAE,MAX
0-CC-1,0.011305972790005184,0.012355560179630356,0.010751354848547404,0.01072572036203101,0.026127991620803037
0-CC-3,0.010073618621002586,0.010978731200163646,0.009550641424173511,0.009308218955993652,0.018260403225864863
10-CC-2,0.00532048071335818,0.004299940186051528,0.003901477154028253,0.002798592344908535,0.01556621957191795
10-CC-3,0.00861423085056861,0.006060426475406724,0.00559488823166969,0.003525982019242979,0.059850461825970425
25-CC-2,0.0209037906306001,0.021485869614976526,0.018815025380168753,0.018678021904750264,0.03272140024639214
25-CC-3,0.02270763601014555,0.024217221079409303,0.021088225578586348,0.022410906878963965,0.036165074523119456
40-CC-2,0.04922888291246927,0.05637945112154429,0.04626270384005566,0.04394776967832964,0.08042150692516681
40-CC-3,0.04910689107141743,0.055854784315031145,0.046038970850909196,0.04501868587859137,0.0798339072448715
