,RMSE,MAPE,MAE,MedAE,MAX
field_data,0.052596935314608836,0.046804487031812295,0.04376975555574589,0.04224233310207104,0.14525433990059855
