,RMSE,MAPE,MAE,MedAE,MAX
0-CC-1,0.04144820818570424,0.04329703395651422,0.03856978766594542,0.0357579448759589,0.13169389073616566
0-CC-3,0.018148948652666565,0.016488558428903632,0.014984551495583013,0.014633015817312911,0.039144321479445576
10-CC-2,0.06786030813676826,0.07324182113032313,0.06228651504958748,0.07633363285415917,0.09343732791311687
10-CC-3,0.05472700340352014,0.05835726534375968,0.05064906430093787,0.05340054579426212,0.07689825159810215
25-CC-2,0.05864099847189871,0.05142801447209656,0.04466594388112934,0.037502106037910155,0.12842872576793463
25-CC-3,0.07012002684261336,0.062292279323052126,0.05302266459708028,0.04029325687830254,0.1478113002867968
40-CC-2,0.020785500878201916,0.019678682167108837,0.017025714569210936,0.01630641482562184,0.0491078444954447
40-CC-3,0.02258857065772931,0.020959727626449737,0.018081110589936108,0.01261165785969487,0.050857872323132436
