,RMSE,MAPE,MAE,MedAE,MAX
0-CC-1,0.06964571467205444,0.06755948289533227,0.05743428107697353,0.04274655564343316,0.16476130241563336
0-CC-3,0.07347368095540634,0.07017139548394533,0.059365799367612146,0.041465482562993095,0.15209777543559344
10-CC-2,0.045859347991670116,0.03963733771778674,0.0324641967579184,0.014142282015878749,0.11242845139489976
10-CC-3,0.03862925994195393,0.031414294017011894,0.026162541781751775,0.012688371298165524,0.11900252853358151
25-CC-2,0.014653525028786286,0.015037096400993504,0.013289045381235102,0.013997213766739014,0.023040210051763932
25-CC-3,0.00830437109601559,0.008251677560590092,0.007220620067877371,0.006962171063179312,0.020572748653940653
40-CC-2,0.06493085504000835,0.0732751946276169,0.059915213696296175,0.061688374576816585,0.09943890528255817
40-CC-3,0.06381497927894396,0.0712777671375076,0.05850968690304872,0.06147448538752076,0.10005931293792569
