,RMSE,MAPE,MAE,MedAE,MAX
0-CC-1,0.023897534979347653,0.02410806973562289,0.021698578064005835,0.02040875328476871,0.047120975829386236
0-CC-3,0.02585308389179694,0.02650457971137036,0.023902703994276443,0.021699963832248925,0.048359621147652354
10-CC-2,0.007103223600748126,0.007074103277841384,0.006137720986098096,0.006418390557588527,0.026867053320854928
10-CC-3,0.004479209387551022,0.0038980885674581105,0.0034158633699968217,0.002985077300668326,0.02781321955816496
25-CC-2,0.021928410548912314,0.02366458692262151,0.021104890471018007,0.022195497161729416,0.03627865480535386
25-CC-3,0.04034938859304845,0.043048070839283525,0.038123558945723515,0.04037090891531181,0.07553190300765789
40-CC-2,0.01454531888207822,0.014137907087407626,0.011370989994380154,0.007690763100023479,0.03526669697338458
40-CC-3,0.02168894310761994,0.024192573497869654,0.02006779222656732,0.018353906296341926,0.04234067833251798
