,RMSE,MAPE,MAE,MedAE,MAX
0-CC-1,0.01536564946793037,0.01652696739875041,0.014245387818678703,0.015479542543182734,0.02623927349259869
0-CC-3,0.013903489755644547,0.014625934046287517,0.012575310853769301,0.014951085434552147,0.02045984729751038
10-CC-2,0.0037212805975138786,0.002452704650922621,0.002224044481999545,0.001364731775995942,0.018287548586597202
10-CC-3,0.006669471483676958,0.004821818924716774,0.004420961707886309,0.003337765212316879,0.0501461700054443
25-CC-2,0.022323479686174177,0.023828509825595555,0.02104995422267127,0.02358484038979758,0.0289878164606161
25-CC-3,0.028025457496508588,0.030479673522495716,0.026844617556644412,0.02970340039316366,0.04262694405799339
40-CC-2,0.041398774183706084,0.04736639121799174,0.0389028658454623,0.03367088833075038,0.07073855356747027
40-CC-3,0.042183674361628065,0.047932046719788166,0.039541240230847326,0.035254361945304846,0.0718576732856735
