,RMSE,MAPE,MAE,MedAE,MAX
0-CC-1,0.044770161003327855,0.04014637850412141,0.036074625911495566,0.03144089568979519,0.19533384701057055
0-CC-3,0.056342814035258384,0.043399795862321316,0.04001379573624191,0.02642662122403311,0.17691196539474363
10-CC-2,0.03635839084724334,0.03620379021053114,0.0320850437076141,0.03239049391604121,0.06601842384621504
10-CC-3,0.04248101583443308,0.041489120961435706,0.03687655396411116,0.03607768432042563,0.1570659513582443
25-CC-2,0.03383015182341775,0.033271832989448274,0.03046957589144779,0.03555775223748642,0.10411600966684265
25-CC-3,0.028526633550974994,0.02832756328078781,0.02582666951715435,0.026110167831742137,0.05189988349046715
40-CC-2,0.042783086583497984,0.05040258743577328,0.04187451216091205,0.04385925720400091,0.05588511399421092
40-CC-3,0.04576357484943981,0.05299140608137144,0.043976368844517215,0.04765751283301334,0.06242867002114094
