,RMSE,MAPE,MAE,MedAE,MAX
0-CC-1,0.07330427055465409,0.07804389389251554,0.06790065100216487,0.07598546577028975,0.10935487501034924
0-CC-3,0.07125546999520478,0.07536448604215762,0.06501691229726902,0.07539384710883384,0.09956803348274068
10-CC-2,0.04389418318779245,0.042067967227803205,0.03500246355135441,0.03068024105796041,0.07438756585458872
10-CC-3,0.04079792228043537,0.03796585150258364,0.032393155383660104,0.028144053272024017,0.1664464548679626
25-CC-2,0.010346591360777677,0.009879093304026471,0.00879342817053299,0.007707215557776426,0.01941889104243888
25-CC-3,0.00925926239111809,0.008614217566503197,0.007814005141357673,0.006962480020852535,0.024846670231098655
40-CC-2,0.0540549207189607,0.05988367123179845,0.048833997023046805,0.05362803194570043,0.08515632109218951
40-CC-3,0.05450090942258639,0.05947416321175803,0.04865408942800332,0.05475441931696412,0.08777390158004605
