,RMSE,MAPE,MAE,MedAE,MAX
0-CC-1,0.15776324558321167,0.15506102028708668,0.1306426808669598,0.13168579251005869,0.27630012983491437
0-CC-3,0.14085294858850944,0.13523622409849545,0.11407776180481922,0.1087282357756355,0.24560688311859558
10-CC-2,0.13093964139638276,0.12511624767558444,0.10329280597160549,0.07448019633549807,0.24064394316659776
10-CC-3,0.11636639289237172,0.10911105771542028,0.09144221287468053,0.05955944794662171,0.23171016691455715
25-CC-2,0.044174663695134266,0.03413338046138716,0.02913406675556206,0.014193395795715602,0.16076457080241813
25-CC-3,0.06748729865842462,0.04502257531845603,0.03660813299458791,0.006892210996371495,0.1827057817427593
40-CC-2,0.002410972098035275,0.0022493175555339277,0.0018583917519094534,0.001573344125879228,0.011561404607151937
40-CC-3,0.008981454237521913,0.008561384320076696,0.006892467687350716,0.005092425601573858,0.019431175538993428
