,RMSE,MAPE,MAE,MedAE,MAX
0-CC-1,0.038441733487808626,0.04330410514369211,0.03800102930743769,0.038247215267979306,0.05186139283301783
0-CC-3,0.03719813808355898,0.04161516485736561,0.03652757378579101,0.0371659599946923,0.04547527698719389
10-CC-2,0.005448740868595697,0.0035806377554529227,0.0033173392735953338,0.0016796013263663534,0.020635017916431186
10-CC-3,0.011084788401148002,0.00954453311029786,0.0086939352775667,0.006484527632995729,0.07610721145594479
25-CC-2,0.022961374611008004,0.023954074963845533,0.02103878450594495,0.020897956760895675,0.03599823561991644
25-CC-3,0.023543355708961475,0.02449656821072655,0.021273108383954124,0.020991077318489038,0.06157907532935569
40-CC-2,0.04611681243848764,0.05327757279219858,0.043843622364962184,0.04005921723609007,0.07296091274792071
40-CC-3,0.04261447318905343,0.04869023166708039,0.0401949801498003,0.037287418418496865,0.06929371988601529
