,RMSE,MAPE,MAE,MedAE,MAX
0-CC-1,0.040625468035900114,0.0455096866008442,0.039458855419105536,0.0426327729780433,0.05551039928605572
0-CC-3,0.03861782558492245,0.04268367698810524,0.03702052330579258,0.04181588905533795,0.048538169965645084
10-CC-2,0.025355568995141815,0.029014064502345477,0.025077433222983087,0.02625652272534007,0.0316152663676641
10-CC-3,0.028634679509775614,0.03204619479933967,0.02813619571674841,0.028722627350587393,0.0771234706493652
25-CC-2,0.004003954904084084,0.003119716252045893,0.0028719146741260993,0.0020215394911402562,0.01202451226903034
25-CC-3,0.008036125369110766,0.007757917780402996,0.006963602642451857,0.0077863421491931595,0.022604194157175517
40-CC-2,0.02095224966585756,0.021730032468879685,0.01756268239897351,0.012125092558594674,0.04636764483028766
40-CC-3,0.021886547243877223,0.02246020549432382,0.01822872070286037,0.012374287659613126,0.047474009154508945
