,RMSE,MAPE,MAE,MedAE,MAX
0-CC-1,0.06794186283999344,0.06916068810034058,0.05856127657339915,0.0584476818322216,0.12380718940904156
0-CC-3,0.06432247433714777,0.0642059362301125,0.05441016949577665,0.05327183188847251,0.11072574431702087
10-CC-2,0.05650509669951457,0.05550728977157511,0.045932664299949785,0.03650666784957912,0.10561750922487034
10-CC-3,0.04993791009815055,0.04809189000209873,0.04045685918628154,0.03288077566637737,0.09899011933971646
25-CC-2,0.019344604710561177,0.017593336342694953,0.015209313648121529,0.01079587919127678,0.06598132428523673
25-CC-3,0.028602197167086896,0.024101508455489588,0.020179034621224053,0.011022785066287955,0.07320459870976981
40-CC-2,0.003036002045645479,0.0027157720262848506,0.0022690191401663865,0.0017747683862306962,0.011777936978877745
40-CC-3,0.003381476451623191,0.0031227726805842277,0.0025369226156684668,0.0017917172664965175,0.010265948196429453
