,RMSE,MAPE,MAE,MedAE,MAX
field_data,0.05916988888558297,0.04730134240572958,0.04295882333582443,0.03191079294044541,0.25946301607832345
