,RMSE,MAPE,MAE,MedAE,MAX
0-CC-1,0.007466826811556938,0.00683036076826158,0.006088731868629073,0.005465733123966754,0.02198094365226433
0-CC-3,0.007108224265612823,0.006447459989896293,0.005778983969285995,0.004876640848346603,0.022911477665444102
10-CC-2,0.02455981367253591,0.027353747462926164,0.02338637724623426,0.025269500847776127,0.033829057204004975
10-CC-3,0.025005792565760018,0.027120502457402804,0.023411309401950443,0.025211999292099663,0.04065592408329166
25-CC-2,0.01923834933704804,0.021058683932361613,0.01881141847422151,0.019810035943636117,0.029867141825381416
25-CC-3,0.018025371291102796,0.018918073252696427,0.017071711238599945,0.01934492726353132,0.030665221908719897
40-CC-2,0.013009730330242709,0.01405209372997344,0.011790077401738616,0.011607361164064356,0.027054607434810363
40-CC-3,0.013288135931015917,0.014555158348243297,0.012237173958413443,0.012267546858071188,0.026148336511371384
