,RMSE,MAPE,MAE,MedAE,MAX
field_data,0.06973318978680582,0.058983116864495165,0.05439641302488427,0.044465582698040795,0.22811998086778706
