,RMSE,MAPE,MAE,MedAE,MAX
0-CC-1,0.04796512501556155,0.05168569609239613,0.04612041576455791,0.041535781530975036,0.0850181878998737
0-CC-3,0.047657997049586204,0.051287169323891726,0.04594491188493821,0.04072382455455703,0.08019491185383232
10-CC-2,0.02475375264445395,0.023116540851065195,0.02097568706315471,0.016968469323120794,0.050961234788412524
10-CC-3,0.02725960847990343,0.025015117428105697,0.02295667642131843,0.02095792325157808,0.05603386264176757
25-CC-2,0.017214712682002795,0.01713860652911657,0.015565062053169265,0.01489054009702434,0.04179353811657971
25-CC-3,0.013154060069531676,0.012029810961576442,0.010742111854747813,0.01036039790049792,0.041562753036440525
40-CC-2,0.010914049405347378,0.00970885600013134,0.008132062123593584,0.005797908113862493,0.04430151650312564
40-CC-3,0.011473831994658432,0.010176763122904194,0.00869259160799404,0.0061029497257562015,0.04297783572360181
