,RMSE,MAPE,MAE,MedAE,MAX
0-CC-1,0.021078803259308467,0.021760046369583026,0.019155518965383426,0.019918385231667557,0.04060642376703316
0-CC-3,0.022285078209358516,0.02204879414658221,0.019103015073188415,0.01632338594333771,0.039104630799492
10-CC-2,0.015052630096447694,0.014992491896176479,0.013251375147988782,0.012824474279333531,0.024098637489016195
10-CC-3,0.016738692835165915,0.015627900522214404,0.014043993836655383,0.014569530579823742,0.053242512092236294
25-CC-2,0.04260015955942893,0.045210099107623754,0.04016828237102867,0.043861574123693736,0.05628622137120387
25-CC-3,0.03980465676555759,0.04238210227941876,0.03737645169500309,0.04080265071251454,0.06363188942360354
40-CC-2,0.10701658097099416,0.12273309367051802,0.10078368307750385,0.10538072442879237,0.1550070043044698
40-CC-3,0.10748061049455349,0.12225811145446024,0.1008033612437798,0.10710100649805543,0.15964375173873746
