,RMSE,MAPE,MAE,MedAE,MAX
0-CC-1,0.03721190291964411,0.03475576861346379,0.030361432537354186,0.02931875805887152,0.2008953440152198
0-CC-3,0.04614197738572203,0.04925061593893129,0.04283876956052099,0.04483484496515833,0.13506141490981416
10-CC-2,0.07042518521670037,0.0762308232493035,0.06451201265035238,0.07168041016971671,0.11211547781625253
10-CC-3,0.06722171641406383,0.07077295176191868,0.060570461143248544,0.06383802157394708,0.12071699311472406
25-CC-2,0.055492910924037575,0.05766368770630469,0.05062449253007589,0.050904206621463666,0.11401015940311776
25-CC-3,0.05464394534641472,0.058095507354943274,0.05063680006920718,0.053723109461978225,0.0878233764407379
40-CC-2,0.013569313426865744,0.011620587414338758,0.010080257925016654,0.0064535803077652165,0.033190174756866475
40-CC-3,0.017514627707110292,0.013822706809266986,0.012264626113405458,0.005571234848046003,0.0406278082583158
