,RMSE,MAPE,MAE,MedAE,MAX
field_data,0.03271241345822878,0.029188645037028203,0.026657875995923282,0.023654534165250207,0.09366092617574395
