,RMSE,MAPE,MAE,MedAE,MAX
0-CC-1,0.03286315934422568,0.03600791694470334,0.031113417121700734,0.028500966225198543,0.06734257692506329
0-CC-3,0.03215405665898317,0.03510127746391213,0.030465282044990234,0.02706678486988401,0.058804257462467646
10-CC-2,0.010754045688598331,0.010637545975829102,0.009190851307662791,0.008400704498783162,0.028514826285120698
10-CC-3,0.006822244309593811,0.00658666579056772,0.005852744001508454,0.005915981577950258,0.020769165463475736
25-CC-2,0.005267664646227201,0.004820156389484015,0.004199204362999602,0.0032673349757192383,0.013706219402275233
25-CC-3,0.005337687647448631,0.0049963717607879755,0.004376622844854435,0.0036924052703566357,0.016983452239757058
40-CC-2,0.021110095535396143,0.023430346515333628,0.019275694368191227,0.02177970303582133,0.02936768234971987
40-CC-3,0.023037164343948584,0.02578484390121425,0.021286359974149745,0.025554203553484478,0.030390630712554878
