,RMSE,MAPE,MAE,MedAE,MAX
0-CC-1,0.015720967439126963,0.012990135801273854,0.011970892679876737,0.00786098313073641,0.04044252869712517
0-CC-3,0.0148945115857502,0.011834221340049042,0.011000115008099498,0.007047233328103308,0.04152773676349708
10-CC-2,0.015184182009088259,0.014956216931049413,0.012501541720326111,0.010457538707367098,0.02643038656290686
10-CC-3,0.01476808520739564,0.014126655497532115,0.011988204088035189,0.009535116627453377,0.02796430000764394
25-CC-2,0.00488144478692975,0.0037427817552412993,0.0032916626918547015,0.0016527953603897583,0.01383863587610168
25-CC-3,0.0035069165205439882,0.002892408702616964,0.0026204544294008347,0.002089622394458146,0.011984467506408691
40-CC-2,0.007935967508195705,0.007715225407458777,0.006334343717374637,0.005609627969103803,0.02221411423260089
40-CC-3,0.008773284180867744,0.009015388271960143,0.0074560857474741775,0.0070215473567284414,0.02477951527585498
