,RMSE,MAPE,MAE,MedAE,MAX
0-CC-1,0.005723051963128909,0.0058191101030020875,0.005043583927641611,0.0050058291261401155,0.01860975975205914
0-CC-3,0.004891628167889184,0.004746190887272165,0.004226612250004185,0.004265175274095423,0.01398191314939834
10-CC-2,0.0025532069319281606,0.0024512098642414212,0.0020652289881125953,0.0016257896421654205,0.005926369984551427
10-CC-3,0.0033393590258898875,0.0025427626547612054,0.0022023711671128564,0.0015460148807425744,0.026800580367687954
25-CC-2,0.006875185554384112,0.005721657126783222,0.004932523261455915,0.0032684568651433765,0.018623034717138887
25-CC-3,0.006116562895656235,0.004290218109445297,0.003542700250253796,0.0011513515018433118,0.018066064532427317
40-CC-2,0.031140540960212546,0.030479130172208792,0.024370153244285347,0.01590959654017271,0.06498420195156451
40-CC-3,0.03019981745286294,0.02896666541348442,0.023254146641204752,0.015958295886289164,0.06338797247238004
