,RMSE,MAPE,MAE,MedAE,MAX
0-CC-1,0.02323347641130813,0.0246191733401852,0.021867554558249604,0.021217925474662502,0.0445483797562356
0-CC-3,0.022202627690120127,0.023462196084614785,0.020913371922944745,0.020180167327061738,0.04512666521503517
10-CC-2,0.007526365256563122,0.00678134377537466,0.005995582429597858,0.0055373918317109805,0.020422856686371893
10-CC-3,0.00880071424718132,0.008051388927562268,0.007155780409044808,0.006335874223377114,0.02286408991339639
25-CC-2,0.005312530791782355,0.004342175785485908,0.0039453440806341035,0.0028696198546735996,0.023009049686469885
25-CC-3,0.008044481064106471,0.0068265374940845456,0.005833167001994604,0.003235309595053526,0.02029164097335512
40-CC-2,0.01180139158762384,0.012801052831528529,0.010757286960854484,0.010836387273848835,0.02083764425761392
40-CC-3,0.011147842548220403,0.011881905654399488,0.010130077542878322,0.009769279348360027,0.026860194215674316
