,RMSE,MAPE,MAE,MedAE,MAX
0-CC-1,0.15130304209032833,0.16455932464609538,0.14110039256423224,0.14329974314236488,0.2318482970636131
0-CC-3,0.14627646444945194,0.15614335617296612,0.1338828482782647,0.14004225116412428,0.2166977363328595
10-CC-2,0.07658017646984758,0.07552369874279298,0.06277713106652633,0.038941940167132594,0.14684255481104014
10-CC-3,0.07802040476657128,0.08014025554535639,0.06826074075232032,0.049024005479181176,0.14954224346408718
25-CC-2,0.00957787322336902,0.005673123755560846,0.004842213137937594,0.003016351108836135,0.05715119418498649
25-CC-3,0.019126148386389766,0.0146777679988167,0.012236544304441314,0.006468878705100434,0.06566824702901419
40-CC-2,0.005017975398265605,0.004475166605239417,0.003880206880224842,0.003962256556844068,0.015470199531483098
40-CC-3,0.003849293562321697,0.003724054124345488,0.003117375123392797,0.002723932360601644,0.010367696243398394
