,RMSE,MAPE,MAE,MedAE,MAX
0-CC-1,0.03817694935634689,0.04226515307278026,0.03668283539308338,0.033659722917389945,0.06499910110642926
0-CC-3,0.036832541733360986,0.040610126916197774,0.035336224950178984,0.032731143954880415,0.05946596130355286
10-CC-2,0.011895686616466422,0.011078310212124647,0.009214488435507186,0.0056124670384608555,0.028487668374040265
10-CC-3,0.009450007631877692,0.008490866344296496,0.007247769892463796,0.00524540838973131,0.02587633785468746
25-CC-2,0.011777705881777801,0.010025945893299493,0.00861952321636443,0.0071962869500760696,0.05259011963275895
25-CC-3,0.019418194385591784,0.015030759187995237,0.012497723714828565,0.006736025946089519,0.04882858448065974
40-CC-2,0.02858897178092137,0.03141323561430787,0.025665616519627395,0.028319565917940492,0.04199153349658524
40-CC-3,0.02616092226357582,0.028888827329256163,0.023852633398308738,0.027933594087503177,0.03765931127814415
