,RMSE,MAPE,MAE,MedAE,MAX
0-CC-1,0.2356132425938884,0.2384787825518822,0.2023874572706789,0.23278693067859152,0.35555329674890057
0-CC-3,0.25814853347682865,0.25929945098891943,0.21941336412214055,0.2568434111867485,0.37748096773638995
10-CC-2,0.24618790347223896,0.22989864205078248,0.1892628511981052,0.13111813912648318,0.41107952079759447
10-CC-3,0.21232811524402195,0.18968814318663654,0.15806190640298748,0.09191845196731263,0.40342801926860683
25-CC-2,0.08408219016912798,0.06486502376409296,0.05532055760826441,0.03264367779310512,0.3266695993840374
25-CC-3,0.11807129416033349,0.09207626225984812,0.07647321980561961,0.035384241982804654,0.31884287981671866
40-CC-2,0.005372517187512629,0.005507917468350972,0.004709745312212284,0.004709544897766316,0.013827861808849873
40-CC-3,0.010249351330735656,0.011064971131697172,0.009106143695703834,0.009087554223748628,0.020654005168150302
