,RMSE,MAPE,MAE,MedAE,MAX
0-CC-1,0.3166189838391836,0.3252738858143069,0.2760189490958556,0.33641461241076925,0.4491207873265983
0-CC-3,0.33319055356792826,0.34550846819688874,0.29352135520047945,0.3524858101700203,0.46212358408445897
10-CC-2,0.296137632046277,0.30347495459326446,0.2534077563608897,0.20267612302607252,0.47437578628826405
10-CC-3,0.2689750664430739,0.2697779368246029,0.2283221344550349,0.17606554764754945,0.47195571778545253
25-CC-2,0.09544080419168594,0.0902049983651275,0.0784007454238123,0.05773694999224055,0.3116987007558025
25-CC-3,0.1131918084425573,0.09917816350365063,0.08363829306715372,0.047699699506462134,0.2937638082949596
40-CC-2,0.008813225669571588,0.008563652527488893,0.007314604695025053,0.007442844205544308,0.017491169634410664
40-CC-3,0.01263634522738232,0.013892976688681904,0.0116614977180459,0.011224168755865849,0.02208110220888837
