,RMSE,MAPE,MAE,MedAE,MAX
0-CC-1,0.05507506673791674,0.04861472008251705,0.04259653031678332,0.040076207770309735,0.20905738179451527
0-CC-3,0.026981410266321327,0.026598278022957684,0.022794178938947255,0.020467988829077577,0.05216238480322344
10-CC-2,0.011011687180468117,0.010452408859373688,0.009011759835420304,0.009554441083254317,0.019059932502065835
10-CC-3,0.011495534371494148,0.010519734630587555,0.00900398818829756,0.008274438488426072,0.028208696006047695
25-CC-2,0.01632406846963113,0.015932515366602392,0.014139675841171411,0.015562284721086284,0.03148598324488927
25-CC-3,0.02173271352588725,0.021908168067720557,0.019300402091256913,0.020490910040806387,0.0467738796411763
40-CC-2,0.04903320379957876,0.052757606105990625,0.04284423335056809,0.03204801511232208,0.09479194836193439
40-CC-3,0.052696430021571074,0.05666998251905358,0.04627541244944691,0.03578850185535665,0.10282443201370084
