,RMSE,MAPE,MAE,MedAE,MAX
0-CC-1,0.008006122977811485,0.006763209745532969,0.005986377216174159,0.004635727012045954,0.05536139093144066
0-CC-3,0.00820098724175275,0.008032809294829768,0.00712416012624413,0.007024812852772455,0.019222078901017237
10-CC-2,0.02577056368182086,0.02853416976115209,0.02441182199133563,0.026427660257619445,0.03611520458856088
10-CC-3,0.025590644837665703,0.02762504208811763,0.02390373842294834,0.026106127585425187,0.038011981250344884
25-CC-2,0.021380473912600104,0.023131141512350555,0.02052355517944746,0.022368317730578124,0.032445102316561836
25-CC-3,0.017020926636602186,0.018232327122519307,0.01620672907505168,0.017659396900389757,0.03001457174705935
40-CC-2,0.020508798986814458,0.023216659523541756,0.019141363502582356,0.01712159668585239,0.04116064266735431
40-CC-3,0.021674890942207235,0.024165982660249555,0.019991052079318828,0.016700171359617988,0.042634266000507126
