,RMSE,MAPE,MAE,MedAE,MAX
0-CC-1,0.01565120218900835,0.013780482637714366,0.012494574457292022,0.010612147719668064,0.04013419386970207
0-CC-3,0.014719675638843346,0.012565948928273733,0.011457600858892032,0.009170667674962885,0.041536975483437266
10-CC-2,0.013504731579827407,0.013858492425967183,0.011703074483455103,0.013430507173806228,0.02289086516658878
10-CC-3,0.014357458617049963,0.014300049367661041,0.012222674512273686,0.01272944650883201,0.027073898858818057
25-CC-2,0.005647371129574133,0.004963627285916071,0.0043698920463338415,0.0031183305089054203,0.01595017252606501
25-CC-3,0.004734414300606069,0.004411767954188498,0.0038862658771605025,0.0033740327633748346,0.014279070594938159
40-CC-2,0.0048658101668692146,0.0045343604865023595,0.0037120558604932063,0.002835053800166909,0.014779507680476867
40-CC-3,0.004899886137872009,0.004805073886923807,0.0039704224223075756,0.003293173819026385,0.016485946187872802
