,RMSE,MAPE,MAE,MedAE,MAX
0-CC-1,0.04704575630775848,0.0520326398930891,0.04621198035109155,0.0442618015466994,0.07181595502021265
0-CC-3,0.04935295066167428,0.054557024060240454,0.04861193611013606,0.047785824352906014,0.07056610641910621
10-CC-2,0.016191612806068276,0.015687290145523423,0.01419641832861571,0.016705860875061207,0.031033615944642157
10-CC-3,0.01877634591706165,0.01865881920843852,0.016966647085755678,0.019576114478886575,0.03636072725775674
25-CC-2,0.005399585164578944,0.005395157269854565,0.004787080088399364,0.004579302169149868,0.015037703308143469
25-CC-3,0.007000350938952871,0.006774167055300332,0.0060878745448161515,0.006335381717301802,0.012630819347459243
40-CC-2,0.01028200684113838,0.010509423306093273,0.008629462451555433,0.00801306684333547,0.026546120210231505
40-CC-3,0.010804456271763697,0.011621826018810079,0.009670016478896646,0.009481045396043664,0.029523866186041747
