,RMSE,MAPE,MAE,MedAE,MAX
0-CC-1,0.022282472112721052,0.021404327111723735,0.01935995873638106,0.015732400117391798,0.05077648398505852
0-CC-3,0.02114126729572492,0.02010683767696383,0.01827598417497482,0.01448831963975683,0.0522194987340171
10-CC-2,0.010618833677864354,0.011154573012410922,0.00972159701279816,0.010643749918316625,0.018790821907776922
10-CC-3,0.01168667732581153,0.011939547027028527,0.01054201968008011,0.011622276809116372,0.02675019354346231
25-CC-2,0.007876667546782996,0.00737699118810759,0.0067719867203486946,0.0076640194546713225,0.015737528057115813
25-CC-3,0.008537165266931561,0.009011336924901027,0.008023833774280136,0.008877674247188216,0.01286501650088756
40-CC-2,0.01153614876380856,0.012690425627297285,0.01081498855661255,0.011546527042912813,0.020258644738265774
40-CC-3,0.011762705389762628,0.012531231697754443,0.010810722378701704,0.012348876623499372,0.027619140157599364
