,RMSE,MAPE,MAE,MedAE,MAX
0-CC-1,0.031338851549197445,0.035109589671590856,0.03061077092128411,0.03007485640064278,0.05226612470356795
0-CC-3,0.0383308240441581,0.04318849409826294,0.03787705031767478,0.037164630245533514,0.05182685121520447
10-CC-2,0.015176957453874337,0.013780309906613311,0.011500822341423076,0.006573288318314163,0.032426069983114814
10-CC-3,0.015087391686708383,0.013099011832043317,0.011124921066402166,0.007666491747285509,0.035656506388012654
25-CC-2,0.018683823155994997,0.01962825886580225,0.017579852754372353,0.019691075970458827,0.03334562944524644
25-CC-3,0.02858842927283235,0.027736546941181175,0.024863648594242265,0.025752922168124526,0.06029165098968303
40-CC-2,0.009889691829891245,0.0092297464345846,0.008053306923108244,0.006495264475820828,0.032553194499896465
40-CC-3,0.016475227064890647,0.017551298520364886,0.01511343680825613,0.013842941320507118,0.03203992473809125
