,RMSE,MAPE,MAE,MedAE,MAX
0-CC-1,0.01327519527697333,0.012253243733974725,0.010906986656878285,0.01042016154797648,0.033892142154001714
0-CC-3,0.012188907306339357,0.010992340909777578,0.009810265913813766,0.008696743697327203,0.0326809769673545
10-CC-2,0.01505753039607597,0.01601129960368552,0.013647440069603013,0.01290201847366601,0.026432811577721593
10-CC-3,0.016220654127533755,0.01667350304568659,0.014316719754676065,0.013452795145236285,0.030821362085136417
25-CC-2,0.008891972096546765,0.009324272357656468,0.0083498854953765,0.008431953834745709,0.018121986967745918
25-CC-3,0.009664676941814977,0.010044713347035146,0.0090120557232186,0.00919860700114522,0.017801943519742847
40-CC-2,0.0047491358450985075,0.004742715949512599,0.003951153458243436,0.003425263071042184,0.012180506749690734
40-CC-3,0.004235587775422883,0.004196834523097128,0.0035292782431126106,0.003319505050411675,0.01792533875455371
