,RMSE,MAPE,MAE,MedAE,MAX
0-CC-1,0.011639872892772867,0.01105454467747435,0.009835873259378292,0.009091712422662157,0.04035061353852765
0-CC-3,0.009508957689324301,0.008778997359702464,0.007597000236594852,0.005801300540939858,0.02172047542798705
10-CC-2,0.032277996346978456,0.028203967967397145,0.02585546062225415,0.01992177048080712,0.05698365621458723
10-CC-3,0.03445599188063868,0.030077312229560737,0.027800760974787207,0.02709239228121113,0.09274423871958615
25-CC-2,0.0586635030186634,0.06078288076850387,0.05538459500996389,0.06184643507003784,0.07623397649785746
25-CC-3,0.06912513563156922,0.0700792751380345,0.06402009370115433,0.07538007366987887,0.08472036783439252
40-CC-2,0.04002645305517344,0.03958357107976709,0.034490822503499434,0.031448269561308806,0.06777923753216841
40-CC-3,0.04050140287608871,0.03977446888148886,0.034891015071960275,0.03066337155590082,0.06693647307016992
