,RMSE,MAPE,MAE,MedAE,MAX
0-CC-1,0.011440555399032507,0.00943518788457069,0.008701888744894273,0.006011430747833002,0.033415603019022466
0-CC-3,0.012695855942913645,0.01024157077862901,0.009518001177673494,0.006837161596519592,0.029965746979256358
10-CC-2,0.012986296337448234,0.012626530606131333,0.010518921903182142,0.009133521854129634,0.02292782231720336
10-CC-3,0.011584731607503703,0.01091050183544113,0.009300255657270258,0.0071830143369820965,0.02351278953417779
25-CC-2,0.005116119160556555,0.003776976048260012,0.003263475587118964,0.0015826574118144032,0.01649528490205243
25-CC-3,0.004653735726874131,0.004636216788371758,0.004137416344049464,0.00367838225405559,0.010471164253312515
40-CC-2,0.005600441305093908,0.005911594083789502,0.0049019147954705924,0.00452456276787272,0.01684278206402179
40-CC-3,0.006398507873390693,0.005850940570497322,0.004710001362274547,0.0029432413998579654,0.01774652460788151
