,RMSE,MAPE,MAE,MedAE,MAX
0-CC-1,0.00521321670048317,0.0046752499006627165,0.004104298728877878,0.0033732293309279293,0.016406046725534917
0-CC-3,0.004640308316291761,0.004365133618917453,0.0038554943600396215,0.003415264335504764,0.014188874344368663
10-CC-2,0.027856855019035606,0.03169272268120665,0.02762925441171074,0.02720133809787173,0.044188344465967866
10-CC-3,0.027496201099806435,0.03094616285098116,0.027259584614739988,0.027299592246248394,0.043121708633004796
25-CC-2,0.034624330123010146,0.03740799642015149,0.033813181405161354,0.03612971520626518,0.048545781925116493
25-CC-3,0.03942755002667018,0.04126985754102808,0.037468973967332515,0.04289821049117626,0.050684626219798856
40-CC-2,0.025722705293626583,0.02815357451134042,0.02388883877150465,0.022729937742901107,0.042836480087208195
40-CC-3,0.025974559997367874,0.028636660703483523,0.024390431180044678,0.024417772592191023,0.040140662359875345
