,RMSE,MAPE,MAE,MedAE,MAX
0-CC-1,0.013433421861640323,0.014692784431528858,0.012672357589211565,0.014134303056142217,0.02337944263627545
0-CC-3,0.010810213756184208,0.011526255109665255,0.009915836258242971,0.011452402394220296,0.015963061402286982
10-CC-2,0.0019071998799505842,0.0016266267615049493,0.0014577018652915566,0.0011992807880394363,0.008965992914911958
10-CC-3,0.005578215459372394,0.0031926679918882037,0.0029329156180950117,0.002197821093907759,0.061483927116040005
25-CC-2,0.020314319451953614,0.021676287984438384,0.019105102539392866,0.020329670961043655,0.02853343939929831
25-CC-3,0.02025803348886062,0.022051347845753275,0.01935005090182939,0.021304836168586694,0.030803707115702128
40-CC-2,0.0414343860327161,0.04770015431078799,0.03921623943413156,0.03607359646802322,0.06945890144878741
40-CC-3,0.040284725722078876,0.046143995492904426,0.03811754510722526,0.03613786560751109,0.06533251440353238
