,RMSE,MAPE,MAE,MedAE,MAX
0-CC-1,0.013998927795536664,0.01193579278486718,0.010901427593002624,0.00840229791019148,0.037161278105997564
0-CC-3,0.013178547605215035,0.010938598451118645,0.010053809567459,0.007187185034035926,0.037664998154183116
10-CC-2,0.015304148636574616,0.015707170261636504,0.013186946178778197,0.012155579090286972,0.02687007125179386
10-CC-3,0.01550744632847999,0.015258529983279317,0.0129547329012108,0.010139262571986718,0.030722179956230167
25-CC-2,0.006505401427848042,0.006614570981841393,0.005853508558025631,0.005192210387650387,0.014069191105849255
25-CC-3,0.00585379860877409,0.005673068946097436,0.005146090837415999,0.005381178548034882,0.014271977642209888
40-CC-2,0.0056955574628674,0.004924658133037167,0.00400748326871671,0.002907639533995865,0.019149720235408507
40-CC-3,0.006667751791387448,0.00610219366801514,0.004971430648532278,0.003808188899990017,0.022124843606848632
