,RMSE,MAPE,MAE,MedAE,MAX
0-CC-1,0.010606319834667977,0.00960959137399262,0.008237145754661774,0.006865643969636792,0.049999473039412656
0-CC-3,0.013306596567746071,0.012194302066477656,0.010426216785939444,0.00901094550039816,0.03948284575953753
10-CC-2,0.017934992388263214,0.01760259073847701,0.015179623554433721,0.013335624801538382,0.03117220161994516
10-CC-3,0.01811723106828105,0.017592259448241995,0.01538272451730601,0.014251172542572021,0.06494534765208126
25-CC-2,0.027250245313577816,0.026096366882638892,0.022830449289310082,0.021359632805333928,0.07641125938030258
25-CC-3,0.03094361685317874,0.028111853127209235,0.024021934660018163,0.018423331477359084,0.07492776315989924
40-CC-2,0.07319749812772584,0.0782622420529795,0.06332911980825962,0.06204090938731016,0.12363845066601153
40-CC-3,0.07129763542258366,0.07547018467334853,0.061352212788313626,0.062674074420065,0.12514511978454435
