,RMSE,MAPE,MAE,MedAE,MAX
0-CC-1,0.026447866830204062,0.029246386661939384,0.02581935798558358,0.025356718939902434,0.04600513360707137
0-CC-3,0.02502708016452243,0.027747995465891205,0.024584427413265122,0.024151805890388234,0.04304664192630836
10-CC-2,0.0036950204414763015,0.0032120237470695573,0.0028708851468618856,0.0024261717304236985,0.01169546841311142
10-CC-3,0.004136885088387379,0.0033244749739532848,0.0030399619571203616,0.0022542757592667884,0.017210231728581937
25-CC-2,0.00747897002637862,0.006817438635696189,0.005913239014146098,0.0047320180938073,0.02349530437854752
25-CC-3,0.010018545282053941,0.008375127564379461,0.0070646816385187446,0.00438031935427835,0.02494765285724132
40-CC-2,0.018731768469536534,0.019459625671376806,0.016220800226777726,0.016618258239972872,0.03122451271904325
40-CC-3,0.01866112524831825,0.019561085675645185,0.01641297898525155,0.01675791317410158,0.035156207094092284
