,RMSE,MAPE,MAE,MedAE,MAX
0-CC-1,0.007284489723770499,0.006744886764884584,0.005688097160549241,0.00439397327051283,0.023984191362166563
0-CC-3,0.006209632414155675,0.005576961570197588,0.004732560575871662,0.0030074885179067756,0.015499992917026972
10-CC-2,0.004818449912914691,0.004778732274414579,0.00422149740948685,0.004720330204571854,0.010586067975073887
10-CC-3,0.005071412830579533,0.004003752814881808,0.0035419212086430173,0.003445275664308245,0.05009109531367184
25-CC-2,0.017080088923650913,0.018200655129619922,0.01606054012375347,0.017626924054941207,0.023462603963269713
25-CC-3,0.013568887918024877,0.01453784160653886,0.012718429040510926,0.013990744216492823,0.022918102344746116
40-CC-2,0.04960662233348504,0.05672705502398494,0.04653335751129644,0.04482044122729095,0.08009362177425738
40-CC-3,0.04918097494753035,0.05573923225478783,0.0459051999390061,0.04509928005561492,0.07961205875701749
