,RMSE,MAPE,MAE,MedAE,MAX
0-CC-1,0.006036926136636565,0.005127530258385943,0.004541190449886789,0.0038072295895458796,0.022994939305466144
0-CC-3,0.004748891583773522,0.004157284201926422,0.003725208860183115,0.0031496834628967907,0.016786206345101085
10-CC-2,0.022734660699640686,0.026023006344120875,0.02260987327327313,0.022900905080809775,0.03740903137850449
10-CC-3,0.023323690273620468,0.026371167078332335,0.023122187802301023,0.023159538579374306,0.039408935309945714
25-CC-2,0.020910061741978115,0.02203852839752263,0.020013394011994888,0.020660391467264172,0.03288644964972587
25-CC-3,0.022651553657996846,0.022127719229323616,0.02032330541074825,0.023379170034763364,0.034179448154527114
40-CC-2,0.012566640918040103,0.011758489333201862,0.010073019718962793,0.007589719860700228,0.03045158857719843
40-CC-3,0.01260672504393254,0.012131916466553015,0.010415867853962472,0.008265681558909943,0.028862986731213236
