,RMSE,MAPE,MAE,MedAE,MAX
0-CC-1,0.03135134440701802,0.03148101388187155,0.026788834092266726,0.027504476728339666,0.05340863855174116
0-CC-3,0.03568930049914013,0.035848691944618157,0.030535282405301022,0.03182915710980344,0.059878236083150016
10-CC-2,0.017920132439931704,0.015003604104361678,0.013563201255313365,0.011815621427368583,0.04902815170396135
10-CC-3,0.030247849538720943,0.021795678090221603,0.019802413856091692,0.016697744156832228,0.24876027549779056
25-CC-2,0.05206223725107557,0.04686934612255413,0.040751872926946736,0.026170694453077903,0.0997841581414165
25-CC-3,0.058469273899005664,0.05372321647977026,0.0460400194131315,0.03200097783188105,0.11583740580702206
40-CC-2,0.03992292293503344,0.04338978735395631,0.03565139778494378,0.041128153475026685,0.05743044336158498
40-CC-3,0.03470083286190732,0.03702736279289186,0.030588067148963085,0.03351713778142984,0.05193586801124417
