,RMSE,MAPE,MAE,MedAE,MAX
0-CC-1,0.013013990714247928,0.012078902292019448,0.01068702809287528,0.009672326320642577,0.03111987052085352
0-CC-3,0.01204656461809642,0.010869453805227794,0.009645160457147244,0.007828527147239028,0.03197442350818702
10-CC-2,0.015453277934989495,0.016447897276449984,0.014092080353602248,0.014577948168659982,0.024454498779733713
10-CC-3,0.016513487208685434,0.017131400681664997,0.01477032804168425,0.015239142065237132,0.03106398701816715
25-CC-2,0.011788969982440955,0.012398701234261018,0.011101111587011527,0.011388576521952076,0.02444234429043879
25-CC-3,0.012052655195482887,0.012973602703565137,0.011603066003496016,0.011588613713618079,0.023547056415708423
40-CC-2,0.006111269144660298,0.006440623530511233,0.005472446535152351,0.0060387399129001595,0.01679569337456077
40-CC-3,0.005241523885147981,0.005372117569081939,0.004605445315933837,0.004933795073914005,0.011716543261882872
