,RMSE,MAPE,MAE,MedAE,MAX
0-CC-1,0.003008823478716504,0.0027562042987057996,0.0024293894766317515,0.0021621308741210377,0.013397095147872129
0-CC-3,0.0037205871961383543,0.003653876138001613,0.0032536263502864343,0.0036106967219159403,0.010555242121261132
10-CC-2,0.006268200791426341,0.006481241455542971,0.0056320652397091634,0.005995643633923131,0.013232450363892645
10-CC-3,0.006997868547465345,0.006783235746744031,0.005967468049008621,0.005534767440742827,0.03524763141596676
25-CC-2,0.010100235405948503,0.009758910201613942,0.008586875074401559,0.007417974263100424,0.019931243851107783
25-CC-3,0.008779334068486931,0.007714915916349966,0.006676327866988113,0.004419076661614341,0.02139915626826716
40-CC-2,0.03313589229478896,0.035090709380382244,0.02838438974272893,0.024137779332836284,0.06467413858944293
40-CC-3,0.03258314155192748,0.03413638073344469,0.027738402491379203,0.024514065806638285,0.06376860773391568
