,RMSE,MAPE,MAE,MedAE,MAX
0-CC-1,0.017420120428685574,0.014126652851844201,0.01200511189255934,0.006177128161418632,0.06867408508470074
0-CC-3,0.015185557190798131,0.011752386401441408,0.010025051268270278,0.003795971365090467,0.04279537389292987
10-CC-2,0.006849172467122221,0.0066673211227506485,0.005634544032614832,0.0055503180614612235,0.016856218194826522
10-CC-3,0.006757243949166635,0.006453779699395194,0.0057541987566223475,0.005805720251925273,0.026227302894238247
25-CC-2,0.029287075502524407,0.032377153957032126,0.02876029954263439,0.027363669312134298,0.04190969215531781
25-CC-3,0.038076996010777,0.04270979379553687,0.03792408756487067,0.038370072603714,0.04902233284297419
40-CC-2,0.058250400483637,0.06681654717361248,0.054945980596928054,0.045806755069254246,0.09929244813962568
40-CC-3,0.05878614515775157,0.06685768224986939,0.05536874440987872,0.04741340828647589,0.10005779800963188
