,RMSE,MAPE,MAE,MedAE,MAX
0-CC-1,0.01068291007915851,0.009928048209551637,0.008366806962702013,0.007482208246793853,0.03161620849778668
0-CC-3,0.008568600164675089,0.008290837545776697,0.007137192337718813,0.005887042899588857,0.020422204087223506
10-CC-2,0.00526492048693325,0.004785756236804377,0.004012096628775543,0.002880485200233096,0.015185878613450665
10-CC-3,0.004406991589978138,0.0036491181218470115,0.0031320300399685134,0.0022872173656379724,0.02665413175547482
25-CC-2,0.007136996256607911,0.007467309144478217,0.006569918158636626,0.006334149630707719,0.013021056011115029
25-CC-3,0.0034331715801287186,0.003667421048511459,0.0032345367746025168,0.0032030701504853765,0.006807315293303251
40-CC-2,0.023046737454597364,0.0240401135763997,0.019398963548155856,0.014432098472846655,0.04989850477749225
40-CC-3,0.022366071336722013,0.023141070781153843,0.01876565331597532,0.014613283695058654,0.04631773865051114
