,RMSE,MAPE,MAE,MedAE,MAX
0-CC-1,0.03370825662994316,0.036712268166254294,0.03152386741204059,0.03263616828815269,0.06229454034974591
0-CC-3,0.030591244959661475,0.032640881283791924,0.028016187576049158,0.029709109935271316,0.051294489453281855
10-CC-2,0.0190598777951851,0.02083257324048891,0.01764419469823746,0.016524239461905177,0.03619216475770726
10-CC-3,0.021387577449924124,0.023177950681256197,0.02011522816120562,0.019451479535857685,0.08000875268900753
25-CC-2,0.005527495922460264,0.005842323860154198,0.005162350709054859,0.004819274069086943,0.012624267890845253
25-CC-3,0.006140585890627594,0.006562718395795848,0.00586212977768619,0.006151637627062279,0.015599277489237284
40-CC-2,0.023954400247046835,0.02658029763958305,0.021725422384138146,0.016680330353909756,0.04954713539654132
40-CC-3,0.022674849208223075,0.02507932148618523,0.020597936620039396,0.016592161313425446,0.045414072631071445
