,RMSE,MAPE,MAE,MedAE,MAX
0-CC-1,0.11664536371701371,0.12207459201231433,0.10384030005811926,0.10948464977572897,0.19261198991944806
0-CC-3,0.10924340624117959,0.11127959030636596,0.09459068054719816,0.10143638234774854,0.173919125149693
10-CC-2,0.08718026083110242,0.09008570373036472,0.07520258034452311,0.0642508418531802,0.1516317747005369
10-CC-3,0.08239285455912773,0.08468722719599016,0.07197608622659223,0.06072048682220155,0.14725903381136263
25-CC-2,0.02029905700860371,0.015553631220570583,0.0132698080671574,0.007260596872792013,0.08329384306339249
25-CC-3,0.029134777200897712,0.018839643378739397,0.015297370764588697,0.004012834415858202,0.08347006826085623
40-CC-2,0.006581104116301436,0.006029489751106605,0.005210097128653737,0.004877277893813592,0.013518922275471135
40-CC-3,0.00805448428113968,0.00877485160324707,0.0073831980931832065,0.007650596562935097,0.01609207926344658
