,RMSE,MAPE,MAE,MedAE,MAX
0-CC-1,0.03585728231146364,0.03936141409584834,0.03412355495137042,0.030234058220714788,0.07523917907884137
0-CC-3,0.03956958057717946,0.04341459077174752,0.03778244577249046,0.03393523322067504,0.06862597043320129
10-CC-2,0.010720628285729589,0.010689291440016865,0.009190735679527107,0.009292914728790624,0.026884520041224214
10-CC-3,0.008184573483029457,0.007415568799495141,0.006676975093729652,0.005436306911005884,0.02586566061499551
25-CC-2,0.005846228596296793,0.00494801609603955,0.004289856944376748,0.0029952892193231273,0.015562146288577217
25-CC-3,0.0036512274018485704,0.0033914883115883352,0.003000683756795922,0.0027592551882428262,0.015597846977762675
40-CC-2,0.008081294953655725,0.008333638494008007,0.0069601173194289365,0.006739406744410037,0.015232798832983785
40-CC-3,0.00887774721830319,0.008746119652624562,0.007359401504511964,0.006736654120925056,0.015955611018178883
