,RMSE,MAPE,MAE,MedAE,MAX
0-CC-1,0.01408293604658538,0.015042308501571443,0.012881439722650717,0.012000145025478803,0.031931397859358945
0-CC-3,0.012337577662420409,0.012796861366894766,0.010926931209366995,0.010268099121324314,0.02352599675461242
10-CC-2,0.006602723785206889,0.005604768296677211,0.004594451567302052,0.002191676364066586,0.015129998925725197
10-CC-3,0.007221303148961017,0.006195230748392569,0.005292120628064265,0.0038686859720459266,0.0428829864116943
25-CC-2,0.00698342654173077,0.006971403209712705,0.006151360432501792,0.006501421879948011,0.011867614224926326
25-CC-3,0.004045652020838175,0.003782379001618609,0.003378875657236152,0.003347980458451194,0.0137757035105176
40-CC-2,0.03289310407483823,0.03664846835181529,0.02988146115421245,0.027920915939052715,0.05926120237881061
40-CC-3,0.033425183866280656,0.03672467388695202,0.030044384140555904,0.0286433317028012,0.059779686091612216
