,RMSE,MAPE,MAE,MedAE,MAX
0-CC-1,0.06201686461851835,0.06867797026891903,0.06078650439515799,0.062468437126048715,0.08698273084370467
0-CC-3,0.06673402498449778,0.07358725033601515,0.06548191686288936,0.0661544838078687,0.08700143156482765
10-CC-2,0.03517158943339366,0.03974881475951309,0.03451721275197186,0.03456331170011823,0.04495304953527446
10-CC-3,0.04203414087680913,0.04698131206710228,0.04142503359462609,0.041902058294324585,0.07420405102865446
25-CC-2,0.01930888330670157,0.02069295173527592,0.018448670504522622,0.018536516188695007,0.03623145267488315
25-CC-3,0.013062998205594017,0.012167882587130443,0.010860608865464928,0.009984903776425136,0.04351169178787029
40-CC-2,0.03211273652313981,0.035626857005423465,0.03040749512287389,0.0338805139986752,0.04204854939411318
40-CC-3,0.0234707764724576,0.02555813496194163,0.021687533878289905,0.02251994311604999,0.035101489817842446
