,RMSE,MAPE,MAE,MedAE,MAX
0-CC-1,0.023639386326814314,0.025934797757152888,0.022609357654103403,0.021696738413708117,0.045787692887617415
0-CC-3,0.018000595652783835,0.018819564298367956,0.016201035682193995,0.014302032619722516,0.03412560141030163
10-CC-2,0.006215896770440066,0.006279782704042178,0.005493588234781402,0.005598350431961552,0.017204725729700776
10-CC-3,0.006880536341115254,0.006727808134036444,0.0059335367664565064,0.005966190793525672,0.023375726212098713
25-CC-2,0.00421960223146103,0.003965416979677545,0.0035792610074188744,0.0034498581733817257,0.022744643482246252
25-CC-3,0.005723925831758655,0.004801187888355528,0.004091655370160021,0.0024999818131040685,0.015370681500698868
40-CC-2,0.0070035781012190435,0.007054731475054242,0.0058157426107600906,0.005540100223190403,0.016505479379237853
40-CC-3,0.007065133882671996,0.007060927599420786,0.005822672408166467,0.005966949272106503,0.0233102607821416
