,RMSE,MAPE,MAE,MedAE,MAX
0-CC-1,0.20766203626773294,0.2237786304691949,0.19145191479182264,0.21298625817238548,0.31461524719407574
0-CC-3,0.19257805927675248,0.2028952080164191,0.17349349431200956,0.18903774210379926,0.2858597474794049
10-CC-2,0.11887261985964805,0.11841096620790897,0.0984750471439308,0.07016434321660159,0.21472271761880724
10-CC-3,0.11737706810491012,0.12073469072313543,0.10272573410470265,0.07851708648929473,0.21397605655917995
25-CC-2,0.021421706279392504,0.015412369000356797,0.013166283740436232,0.008114205629932147,0.10009890374538077
25-CC-3,0.03773274905578219,0.02371057551802203,0.019257092595921194,0.005190871019994714,0.12016685990972098
40-CC-2,0.005422752573323597,0.005128894043712876,0.004451472683064825,0.004354219031349527,0.014089040702747746
40-CC-3,0.0034850296592805114,0.0034831149876070884,0.0029687131193600128,0.002743002422557983,0.009365356001202696
