,RMSE,MAPE,MAE,MedAE,MAX
field_data,0.03497815466784712,0.02932925197516209,0.02679980366349491,0.021789083674618515,0.10819216114029895
