,RMSE,MAPE,MAE,MedAE,MAX
0-CC-1,0.02656673118090798,0.020695898439765895,0.018705103991654204,0.012180842606491882,0.12457068011932548
0-CC-3,0.023188620188012227,0.01679798545332369,0.015521368018383743,0.00908258378525395,0.08248151129234205
10-CC-2,0.0275862738527965,0.02609478556311163,0.0230795438286284,0.02228071597128456,0.10419730205252764
10-CC-3,0.02703794825574592,0.02458605415554868,0.0222284566536364,0.01978983198045381,0.07352429471142741
25-CC-2,0.025405957278804042,0.023654506166789307,0.021332477190141603,0.01807497593380658,0.07395143529506698
25-CC-3,0.03096822161752527,0.0302400376083999,0.027656022178535557,0.028526493775906214,0.08834857026649046
40-CC-2,0.035913282902972944,0.04190206349693995,0.03505328785539841,0.03195318712653217,0.06091079241487707
40-CC-3,0.044289394570508955,0.05118657326437245,0.04274416980059403,0.036809454548416054,0.07480709346582726
