,RMSE,MAPE,MAE,MedAE,MAX
field_data,0.03669599623829162,0.03260281344545826,0.030394119356632943,0.027313862804644762,0.11202660347653881
