,RMSE,MAPE,MAE,MedAE,MAX
0-CC-1,0.015323698425519273,0.015871362691012362,0.013538686018945872,0.014937574883546079,0.030361173097396055
0-CC-3,0.011698731150676961,0.012222954426975926,0.010675615354446923,0.012470918583466606,0.020834073042146017
10-CC-2,0.0027466653623603346,0.0026412787769835473,0.002308159164771879,0.0023495978066333523,0.005709178454477382
10-CC-3,0.004845124021305162,0.0025818525471862966,0.002306724615025834,0.0019336640845447617,0.057264275893811
25-CC-2,0.011046166043261396,0.011057108922608317,0.00969806037820137,0.008363981285606392,0.019449784047402052
25-CC-3,0.009803285438276878,0.00931154768981187,0.008005779603483558,0.005617577260228046,0.029910639937548167
40-CC-2,0.04409609883840013,0.04644059329097468,0.037501649576611645,0.03407910632495148,0.08252870993191119
40-CC-3,0.04417390641278264,0.04573180450298853,0.03706698110081152,0.0347170066735315,0.08417449629134977
