,RMSE,MAPE,MAE,MedAE,MAX
0-CC-1,0.0074242505764800185,0.006542541316570364,0.00585803342943314,0.004968272979469834,0.024461018420481206
0-CC-3,0.006502135920466582,0.005676895942756585,0.005119995263695787,0.004526069768961638,0.023962128738899913
10-CC-2,0.02112143074385117,0.023933309602107274,0.020577064925672458,0.020919838788379108,0.031163179861780854
10-CC-3,0.021623528932930784,0.023958415629624072,0.020792228748558766,0.021486892577645633,0.036488546134530675
25-CC-2,0.016502318998095004,0.017941421729143554,0.016174535300953804,0.015566980165267419,0.025909070327673867
25-CC-3,0.017163121343382697,0.01694349762818659,0.015522960511398664,0.01710898145578632,0.026331542995530532
40-CC-2,0.009340139839438441,0.00836833176170434,0.007132352972571544,0.005648658311746879,0.0228179025115246
40-CC-3,0.009530329895761669,0.009029514422086039,0.007677046046112981,0.00739491824704952,0.021211240458172465
