,RMSE,MAPE,MAE,MedAE,MAX
0-CC-1,0.00921468002497438,0.008078697688241218,0.00728930449587187,0.005904883139727757,0.02753947911384058
0-CC-3,0.008487793982635798,0.007346911601570859,0.006661081833924735,0.0052835114705682695,0.028297293762703624
10-CC-2,0.019015482389140775,0.02071364472295794,0.017591018881460887,0.019229140025100122,0.0291345709161005
10-CC-3,0.01955615552858419,0.02056255847039338,0.017617732971562012,0.018114494271051218,0.0335730701158371
25-CC-2,0.011873446865814536,0.01280737841267622,0.011412367654505977,0.012059075886388715,0.022627919298831123
25-CC-3,0.01042742806442892,0.010288486931716708,0.009325196951834227,0.010901981285765472,0.022421899536283374
40-CC-2,0.007485835502199995,0.006859036668661022,0.005682638048737839,0.004756272528059324,0.02148479179912921
40-CC-3,0.007765790058331812,0.007322943843358158,0.006060316657253978,0.005616081997975253,0.020630972963092575
