,RMSE,MAPE,MAE,MedAE,MAX
0-CC-1,0.009486818408533639,0.008449334583374143,0.007642034444197259,0.006514772471650554,0.027561532832407476
0-CC-3,0.009405880706524416,0.007967130599005832,0.007288871998893804,0.005982882358986585,0.025836232832426198
10-CC-2,0.01663833231807562,0.017850538378242364,0.015081894556367447,0.01636477581791962,0.025762624482759677
10-CC-3,0.013961519011219272,0.014092609137768108,0.011984465625867316,0.010386924364514383,0.02711670780828679
25-CC-2,0.013009421333846428,0.014109255503020305,0.012499609179997241,0.012265447194334755,0.020505909278784706
25-CC-3,0.01170365748733031,0.012332552708577723,0.011124413715240965,0.011702045066407374,0.018081274502329325
40-CC-2,0.005135747722696217,0.004614405682784202,0.00393951658502234,0.003135269569157717,0.015705525441707335
40-CC-3,0.004103773271977841,0.003800996106827373,0.0032885399207804385,0.0026905950406845847,0.010924184150538752
