,RMSE,MAPE,MAE,MedAE,MAX
0-CC-1,0.07693905338651137,0.07955328194233378,0.06821104662022717,0.05438434500285394,0.19138989772648718
0-CC-3,0.1026668122069564,0.1115616153723364,0.0969067678622248,0.08571217811396775,0.18450926120087097
10-CC-2,0.0321493478105866,0.03117467605161546,0.027802149686509823,0.024669617617096518,0.05931151561629011
10-CC-3,0.04455121458337719,0.03788250273337332,0.03496890655221255,0.028685068648010015,0.09809733186686398
25-CC-2,0.08043023681125847,0.0838191282311491,0.07552854332623785,0.08645368208684723,0.10602153743786225
25-CC-3,0.11257439963586759,0.1160698958625927,0.10351840221212082,0.11958205378818187,0.15557888132939335
40-CC-2,0.08008688220372409,0.08864799535844389,0.07498630873780558,0.0817381766968664,0.10872045504309669
40-CC-3,0.08307973340465817,0.09275003892299644,0.07875242343748137,0.08568651033050945,0.11105754659787614
