,RMSE,MAPE,MAE,MedAE,MAX
0-CC-1,0.013677775427644622,0.011703946154092074,0.010673210755316496,0.008103746938722955,0.03713427720191431
0-CC-3,0.012497919080817295,0.010191458760247993,0.009369040251570144,0.006246784647744641,0.03637026606037208
10-CC-2,0.013501527777358906,0.013828887647398013,0.011596178533310771,0.011494800332030986,0.02296870883266544
10-CC-3,0.013861930148278783,0.013616662132942749,0.011550556128410484,0.009196437414726921,0.02720097596147919
25-CC-2,0.004006875029273391,0.003828361491245487,0.0034011103596900284,0.0029721762118840034,0.012467175108615058
25-CC-3,0.003675295226083775,0.0033552657987847923,0.003004253124553386,0.0028585402633850565,0.011945906379850268
40-CC-2,0.006981235618097337,0.006990146811125153,0.005760459446766248,0.005624923540632709,0.018480002446712218
40-CC-3,0.007319055843079489,0.007502887343092171,0.006215562934122672,0.006370243218326244,0.02336366654386035
