,RMSE,MAPE,MAE,MedAE,MAX
0-CC-1,0.3384920631826231,0.36914603593725526,0.31554582235791484,0.3234696326494425,0.5187693032249918
0-CC-3,0.34417983334312835,0.37331054026707916,0.3211902205490342,0.3313332436594601,0.5055742698411603
10-CC-2,0.21734203980689415,0.23025015997210527,0.19438600483670318,0.14584994547427887,0.38774695477472154
10-CC-3,0.2185545955118042,0.23475535864718053,0.2023098730568983,0.16640977231004767,0.38597408054599636
25-CC-2,0.06961260571981776,0.0609226976871219,0.056172236592053976,0.05019863846492301,0.14727829594842834
25-CC-3,0.07084337222729908,0.06631708080537904,0.060351353505542035,0.05633245925412733,0.144709297645642
40-CC-2,0.058773697763614394,0.06249523876876907,0.05227671635871934,0.058354949799487466,0.14140627944069184
40-CC-3,0.05272652747593995,0.053995489088811785,0.04575394289829492,0.05097583288514784,0.14143905970194437
