,RMSE,MAPE,MAE,MedAE,MAX
0-CC-1,0.05510700491424268,0.06068695139445374,0.05396585825885193,0.04977761915074164,0.08480620619880364
0-CC-3,0.05788189604791658,0.06374190822438446,0.05686515542031249,0.05294164590160555,0.08644597588016578
10-CC-2,0.02413002275247402,0.022876589508007278,0.02078860461967165,0.01989673144152948,0.04577342736508283
10-CC-3,0.027425867809950957,0.026693907030031775,0.024374497740257347,0.024559243443861956,0.05186771006110147
25-CC-2,0.009566550859898097,0.009997224962271102,0.009061736588539253,0.008703108005602811,0.018457698616065832
25-CC-3,0.004596501807569638,0.0038104230776843015,0.003332911694499985,0.001815625503098106,0.011938271126026634
40-CC-2,0.01087708712125317,0.010455136967339237,0.008588843529916367,0.006506400233119325,0.030309966183143744
40-CC-3,0.012256777877364894,0.012364310212269582,0.010295170540344845,0.008092804476965032,0.030769901853320847
