,RMSE,MAPE,MAE,MedAE,MAX
0-CC-1,0.005075408664291408,0.004641627002695929,0.004092910465350724,0.003745215842642091,0.024316785280013242
0-CC-3,0.0050394803965528884,0.004880001766514792,0.004252265724230053,0.004089272066426397,0.01750956437515383
10-CC-2,0.006378986758669477,0.006414847963809973,0.0055895545447547015,0.005367645866134696,0.012426008853966497
10-CC-3,0.006758133373844923,0.005873396775623797,0.005237449574753479,0.004233646120489765,0.03267318759882809
25-CC-2,0.020952814139652408,0.022055408479876776,0.019557808053261662,0.02174290053510347,0.02911202246677147
25-CC-3,0.02119453591687892,0.022057857859596845,0.019562149428292853,0.021763957412849866,0.03956865986275149
40-CC-2,0.06004242749876754,0.06762372219965063,0.05526454000384679,0.05378568765291791,0.0991505976157796
40-CC-3,0.06134960729410982,0.06800344115612948,0.055903756553906364,0.05532470293082792,0.10239447889876152
