,RMSE,MAPE,MAE,MedAE,MAX
0-CC-1,0.025808196605743135,0.017804203957518753,0.015895823898806942,0.011268673018755115,0.1909829723797828
0-CC-3,0.025667797584197457,0.021846850542654932,0.01949665047421148,0.018288610595276755,0.14312251943345689
10-CC-2,0.048605118314732014,0.05211595125972728,0.04433048585537768,0.0494149721254411,0.09375349213281137
10-CC-3,0.047346854404080665,0.04937512490998248,0.04245826149448767,0.04446062162457326,0.1130099933359765
25-CC-2,0.03928481815630899,0.040281480289805376,0.03534785213599911,0.035730132987213614,0.0856306594908558
25-CC-3,0.03695682731820762,0.03982753547947271,0.03501587779054742,0.038171697994898834,0.05351959701305897
40-CC-2,0.024553111005977134,0.02411285814741822,0.020337241362844614,0.01644130561537971,0.04541955481922477
40-CC-3,0.02280237004016709,0.02309572198574842,0.019585482089892355,0.019688235363407247,0.04271526593579433
