,RMSE,MAPE,MAE,MedAE,MAX
0-CC-1,0.03027401717261188,0.033551880772149364,0.029645945453738252,0.029630122378443924,0.04988794264914942
0-CC-3,0.02903878993575856,0.032253752893447195,0.02859572732000034,0.028119436918921492,0.0461002474827964
10-CC-2,0.005892401660759093,0.005715434337404788,0.005110574774159473,0.004834313747802299,0.013204793808716864
10-CC-3,0.0062374639522472545,0.005853306073360121,0.005324800172901112,0.0053070900569148205,0.019406841702489408
25-CC-2,0.009939923895816646,0.00964026032918617,0.008417920681341829,0.007913705245583824,0.02699940184024796
25-CC-3,0.011334377718004772,0.009906363124046004,0.00837567339634053,0.005232250851011422,0.025270357346798722
40-CC-2,0.021333504335798042,0.022878731410001185,0.01913907401142538,0.019628984801304816,0.03463130928906899
40-CC-3,0.021316606099689217,0.02278892759353214,0.01920604352588664,0.01886521423566656,0.04009981633176318
