,RMSE,MAPE,MAE,MedAE,MAX
field_data,0.03511380163566302,0.029142962151059708,0.026468672989918913,0.01930692868865813,0.11329284925973049
