,RMSE,MAPE,MAE,MedAE,MAX
0-CC-1,0.02813282099450894,0.02752096127511779,0.02423121093375733,0.0228645322925341,0.06956086186953425
0-CC-3,0.02871604800467167,0.025675406017843815,0.023213298636777548,0.019763260529736093,0.08840108698356519
10-CC-2,0.03949097229640713,0.04097439582847168,0.03455960021447164,0.03744630670564342,0.062169811516647355
10-CC-3,0.033401519581533604,0.03358754941358672,0.028849746761522743,0.03058457058624514,0.06099082644275522
25-CC-2,0.02649394159653009,0.02347303846151215,0.020338674960734077,0.013903093294828417,0.06481802039786044
25-CC-3,0.020468654489009436,0.016774091221690844,0.014303657230313252,0.0071030109256982055,0.0485680727155261
40-CC-2,0.006343862532034596,0.005709123180793918,0.004850579074025086,0.0038940477985313637,0.027729885619122485
40-CC-3,0.010228966355293205,0.00939464249671404,0.007711683691772963,0.004889458700165661,0.024731820081306255
