,RMSE,MAPE,MAE,MedAE,MAX
0-CC-1,0.04369298187796715,0.04926333315287046,0.043055770712215044,0.04450322963897185,0.06799953931977765
0-CC-3,0.041772765158776246,0.04656691307653568,0.04058530057739187,0.043566856660550046,0.053979550957115596
10-CC-2,0.005685174826615249,0.005608989663726222,0.004903509781914585,0.0050619261122965,0.029798433125525547
10-CC-3,0.007571702854644217,0.006812819316542411,0.0062158213020177995,0.00578430417646536,0.02877599750483395
25-CC-2,0.03128047068132731,0.03421747102755163,0.03036868660416218,0.03125341786930991,0.04230988343111031
25-CC-3,0.03529275222544649,0.039054251747423586,0.03448905555997525,0.03610423848350014,0.07497104691749046
40-CC-2,0.04674727721873602,0.054958682716087205,0.04557947521873353,0.042954536750450245,0.07153963999325152
40-CC-3,0.04527149781355992,0.05248442786738458,0.04370528541727765,0.039365754681802034,0.07179863987517143
