,RMSE,MAPE,MAE,MedAE,MAX
field_data,0.03832456954008385,0.03594674253205084,0.032847920348203205,0.033600194871288735,0.07802160000314917
