,RMSE,MAPE,MAE,MedAE,MAX
0-CC-1,0.006647731676748236,0.006003427894635094,0.005397705666652386,0.005243792110641077,0.021283413523078054
0-CC-3,0.006204397477678706,0.005799789370425509,0.005216181132510229,0.0056177336255532895,0.015617018567791074
10-CC-2,0.03954153833547741,0.04302626431230701,0.036747220152305644,0.04141065920593667,0.05232141951533842
10-CC-3,0.03595673269832984,0.038096036525279896,0.03287297547679353,0.03711813285098464,0.049558593036233556
25-CC-2,0.05909954410038414,0.062101206341419496,0.054552146873035334,0.05532275561487626,0.08902401772822333
25-CC-3,0.058169168698677894,0.06157395842657948,0.05349922585266344,0.053871357630051464,0.08895799625527756
40-CC-2,0.09103002492290739,0.10543037015584476,0.0868310103798912,0.09122060675203525,0.12662649111324664
40-CC-3,0.08772856490848212,0.1009290465062715,0.0834823270329597,0.08875564519231588,0.12261973059005582
