,RMSE,MAPE,MAE,MedAE,MAX
0-CC-1,0.06651573296397237,0.0729400804921007,0.06266916238143667,0.06673685587285388,0.10588693374803082
0-CC-3,0.06625380161926558,0.07164591916611204,0.06163036909692941,0.06756770262187883,0.09717480714127014
10-CC-2,0.024745248612318266,0.02338785153186978,0.019326746030601142,0.012104525766644003,0.051000342705705304
10-CC-3,0.02604734569596451,0.02615654259646216,0.022320269398381085,0.01668365988032694,0.08672315631831051
25-CC-2,0.010775235946591957,0.010541987622419759,0.009273557596275673,0.007613939951445048,0.020565095738086625
25-CC-3,0.010153044440408664,0.009398800126582804,0.008333314592511283,0.007474049193909815,0.05289491700416038
40-CC-2,0.024181828882760357,0.026660811233876952,0.021705660271128708,0.018307198472616304,0.046320080323756896
40-CC-3,0.02052471852312699,0.021642598112496556,0.0175990914593965,0.01467194370644187,0.04122684633560025
