,RMSE,MAPE,MAE,MedAE,MAX
0-CC-1,0.06496644375692456,0.06456868456315129,0.05610374420989776,0.06017131679389931,0.12341157824276527
0-CC-3,0.0453994271972765,0.04108449342663693,0.03630762955218584,0.03152637681282888,0.10950410122854415
10-CC-2,0.06743593191697038,0.07050384672318408,0.06025636789225577,0.06096764626615053,0.11120233683645941
10-CC-3,0.06570351415525913,0.06688333281441121,0.05754371280049921,0.056705861791167766,0.12328205401399994
25-CC-2,0.028119724343428215,0.027616209233450466,0.024099848096684667,0.01905244558020852,0.06882138272853866
25-CC-3,0.019647446679031986,0.01920151532767342,0.016866717983278,0.015266346895871363,0.06048316041541624
40-CC-2,0.03671364063774725,0.041116865760808766,0.03386630479161414,0.04012346643845016,0.0494300097346686
40-CC-3,0.04663350503730554,0.05226531328376008,0.04321632956661,0.051065173342200065,0.05993219870938438
