,RMSE,MAPE,MAE,MedAE,MAX
0-CC-1,0.017245412212169665,0.01670064144339391,0.015046118368938386,0.01319580737459708,0.040588664389872076
0-CC-3,0.01613352045237738,0.015529751055135991,0.014057459737202791,0.011606019083366226,0.041002023796578135
10-CC-2,0.010559181255132784,0.010976931696706256,0.00928708539936537,0.010687013562649561,0.01763540442745304
10-CC-3,0.011309220526922003,0.011354772505463866,0.009734226406369137,0.009952639237740368,0.021748223848136905
25-CC-2,0.00323058369341551,0.0025222854903072917,0.0022469867108994585,0.0014814112003645463,0.01289620934170832
25-CC-3,0.0038821589264910012,0.0032472266436999893,0.002816198844615853,0.0017322345540352613,0.012617054680021167
40-CC-2,0.0072825648841252115,0.007597134424496286,0.006303685055208574,0.0058083258898622425,0.015016316934169494
40-CC-3,0.007163644337285961,0.007496326326675841,0.006303869895086765,0.00583119063138593,0.022150771627325927
