,RMSE,MAPE,MAE,MedAE,MAX
0-CC-1,0.16575860012899696,0.16859497777241353,0.14272583684144227,0.14861199011742332,0.2889245724122764
0-CC-3,0.1606213078383059,0.16307923332991425,0.13799194300100112,0.14740882106524789,0.2611580629111794
10-CC-2,0.1300742556827452,0.13152602751472933,0.10954991956789366,0.09148128876942752,0.23291936001764146
10-CC-3,0.12176813643331011,0.12309027627218878,0.10432838845003622,0.08467416304595643,0.22487583873996608
25-CC-2,0.0340409317739405,0.027077561061901644,0.023167823620082843,0.013397231533500142,0.125525827974049
25-CC-3,0.05043206157242937,0.0328023418597302,0.026630014780028795,0.006641380538786212,0.13936080722493704
40-CC-2,0.004472286483503329,0.004592221776401872,0.003874957560788531,0.0038137745230875653,0.011818461364674016
40-CC-3,0.0060080282592276,0.0055434423464373675,0.004583299352612059,0.003856465304047485,0.015458660703418503
