,RMSE,MAPE,MAE,MedAE,MAX
0-CC-1,0.009030502154521215,0.007843404625939852,0.007047902375046287,0.005758504320585611,0.027301492663494797
0-CC-3,0.008200077960720451,0.0070211881817647155,0.006326343561189769,0.005354140479162273,0.028110015968819346
10-CC-2,0.01956440843748909,0.02128548145262301,0.018136851439415538,0.0191947192411831,0.02968829806606388
10-CC-3,0.0203097760066277,0.02143303510792783,0.018429295070516865,0.02016544193109182,0.03609771847873844
25-CC-2,0.012166669408989004,0.013047721868162046,0.011600705135995919,0.012042800375044016,0.02486661015195002
25-CC-3,0.01024779759069633,0.010161727054864724,0.009195017050281758,0.010653977301580131,0.024094882705839038
40-CC-2,0.005991235628898612,0.005721136627216753,0.00482996233083107,0.003978586016595065,0.01617836806862205
40-CC-3,0.006105019165081459,0.006167918884682342,0.0051730315493357425,0.004838364111168891,0.01535512743544365
