,RMSE,MAPE,MAE,MedAE,MAX
0-CC-1,0.010882297055564224,0.006967089533373747,0.006146799104541455,0.004976710004367613,0.1338145647402229
0-CC-3,0.008308505109210607,0.0076566778601873135,0.006761678131376232,0.006375976653465343,0.024393900846711447
10-CC-2,0.03306614230184439,0.034936261038425426,0.03045710077575392,0.027675044924949432,0.05215188646451607
10-CC-3,0.030246193336089362,0.031355239203780284,0.027617191769261546,0.02929103416926765,0.047467781306802403
25-CC-2,0.037913213614043983,0.03750402324841834,0.03282882639023306,0.03181383271273641,0.06588613554918887
25-CC-3,0.02481988122652503,0.022410801260042947,0.019314027133965586,0.015427746489815153,0.06248590309702906
40-CC-2,0.05022911134284863,0.05573644684381388,0.045411522755473,0.0477968244609116,0.08408462104840864
40-CC-3,0.052361651302449255,0.05662361283279946,0.04632247219810927,0.048918932359367506,0.08844562111449028
