,RMSE,MAPE,MAE,MedAE,MAX
0-CC-1,0.20079554533363944,0.20180174352333435,0.17050997587301825,0.18805118696680412,0.34271055216004864
0-CC-3,0.2082810990077415,0.21103361942518653,0.1785130861995644,0.1938839897011177,0.33503295371547015
10-CC-2,0.16587741411030493,0.16231674228784396,0.134407367645677,0.1142716611411011,0.3023305781839928
10-CC-3,0.14785070548558985,0.1405896996923202,0.11795022441942471,0.09140841502196961,0.28686824558505886
25-CC-2,0.05567143431472785,0.04814108845241996,0.04141825926302227,0.0269024605607201,0.1829424458443798
25-CC-3,0.07279930988702418,0.0625215561776504,0.05249936580663511,0.029167859127423146,0.1810447791068035
40-CC-2,0.002596701997403669,0.00217810577379123,0.0018573314295522367,0.0011083804543430276,0.010932327770306172
40-CC-3,0.006180867684367865,0.006018333938247634,0.004910419406674038,0.0037813637709896986,0.016407651065061923
