,RMSE,MAPE,MAE,MedAE,MAX
0-CC-1,0.025982135708096116,0.021995262044933607,0.019854160430859823,0.014243735570591054,0.08334205178805232
0-CC-3,0.03291540327452564,0.024852001824460866,0.02316251181369553,0.013560045486335937,0.10648668592918287
10-CC-2,0.02684278902007086,0.026618707152967533,0.023467760373300037,0.023352049107601303,0.057207425916378174
10-CC-3,0.028215702097162978,0.026328583455859974,0.023747221207039735,0.02131962411088345,0.06455453587667692
25-CC-2,0.024266864518016063,0.023294969624370856,0.021085743893339785,0.019086115628251576,0.057761000587863154
25-CC-3,0.026965463777272762,0.02655187167106079,0.02422567491421276,0.02364391493174134,0.07590031901908445
40-CC-2,0.033257918802775406,0.03919071212288569,0.03297204278307289,0.03180360725175635,0.05407710556312273
40-CC-3,0.040912452225415424,0.04817123888602944,0.0404325448029382,0.03734064528446279,0.05492943471314249
