,RMSE,MAPE,MAE,MedAE,MAX
0-CC-1,0.007689925128789857,0.006783184035616452,0.006087567330323211,0.005002004182515785,0.024294617148510667
0-CC-3,0.007225501251449452,0.006199462901308697,0.005610876576485859,0.004489531841767258,0.025082755665322032
10-CC-2,0.0217558641655158,0.02395305208316959,0.020497901203043897,0.022261658884396684,0.03143444060015366
10-CC-3,0.022331113660233895,0.023920723305157866,0.02064051247299566,0.02245341105140286,0.03815878749042667
25-CC-2,0.018353009266040585,0.019645144689497435,0.01756167649879647,0.01931256868858444,0.02978560267132868
25-CC-3,0.017515470246494164,0.017255116341303844,0.015633510585831588,0.019396937296082606,0.030395510891111255
40-CC-2,0.01078100035509289,0.010205688106080735,0.008741155949131265,0.008391823330979431,0.023908434844897686
40-CC-3,0.01097888875434797,0.011197355685811783,0.00954844682481901,0.010143143801245147,0.019497268205254326
