,RMSE,MAPE,MAE,MedAE,MAX
0-CC-1,0.11275466630358014,0.12472385996388445,0.10749738855038707,0.0993087507793931,0.18646585697343365
0-CC-3,0.10092306294664373,0.10984296626207334,0.09465080670519804,0.0921332909451299,0.15719662482544372
10-CC-2,0.04498331413798976,0.049180467022819425,0.04170419151942951,0.039213575013298474,0.08578571162210313
10-CC-3,0.053650304685812854,0.059870453107055945,0.05201116804280855,0.04916364246237692,0.09395153079951168
25-CC-2,0.005914029689648979,0.005373717655874335,0.004789897636747987,0.003725230513190736,0.015777083060522945
25-CC-3,0.010465237480938774,0.010810344620814526,0.009619445247777306,0.010548096393908968,0.046324279778055644
40-CC-2,0.028461918859686117,0.03210756812690306,0.026283707582468983,0.023260530671714574,0.053280293508113585
40-CC-3,0.027224343791020105,0.02975672903312211,0.024351092243518682,0.0207124473137158,0.052766484378050205
