,RMSE,MAPE,MAE,MedAE,MAX
0-CC-1,0.21607784892481405,0.21434529940781447,0.18079959659361125,0.2038436665068017,0.3675531422536613
0-CC-3,0.21348702425577346,0.21156277404996468,0.1784301246218266,0.20558554880176805,0.34132470080867083
10-CC-2,0.17226904287070757,0.1693211508340021,0.14033587942174156,0.11461933503407595,0.3006143220423302
10-CC-3,0.15917523956293553,0.15458452621096086,0.13021111638222116,0.10094062823302918,0.29196205852756374
25-CC-2,0.052674403118834666,0.0496353563684619,0.04318726704446341,0.03346700252312862,0.17398726519939078
25-CC-3,0.0889344388807886,0.08344150995198049,0.07087437225525474,0.049638192331684594,0.20294894961995658
40-CC-2,0.0016786704424876673,0.0014258274349527888,0.0011923537193882531,0.0009223111688050345,0.01353467597708602
40-CC-3,0.0052427150642252295,0.004897778450430252,0.003965092393961389,0.0026028374266735543,0.02729342698107251
