,RMSE,MAPE,MAE,MedAE,MAX
0-CC-1,0.032579032243584966,0.023750300205804636,0.021590403941787503,0.016131900465425064,0.1325710326886803
0-CC-3,0.021098239119874226,0.021826452927390903,0.01908109387226741,0.018671465505904372,0.03955748405153614
10-CC-2,0.09988526013988502,0.09923503147380475,0.08257693789242991,0.09578361163395999,0.14538080888159222
10-CC-3,0.07584276519122134,0.07282135306452847,0.06137702100383833,0.05672302700123061,0.12077953522702789
25-CC-2,0.0737439919514114,0.0494349481417053,0.04154566898949359,0.0077732561640225795,0.18857394298410435
25-CC-3,0.09177220899727921,0.06324453627528179,0.05175479906646584,0.006656781142586055,0.20853806459989366
40-CC-2,0.010242444632511847,0.010918330802158009,0.009211638444589203,0.010480698565664415,0.01687992652077397
40-CC-3,0.01694088551535145,0.016691654525351356,0.013780285603688488,0.013809905358185603,0.037637514231871005
