,RMSE,MAPE,MAE,MedAE,MAX
0-CC-1,0.026326125375139318,0.02895647085975526,0.025557964588230165,0.025098826568016874,0.045764910556101324
0-CC-3,0.025575216980893514,0.02825649641868019,0.024994268380361333,0.024439040990688166,0.045488882641335215
10-CC-2,0.004017856471372955,0.003384645480137128,0.0030402389738785696,0.002442835640793506,0.012019495842713446
10-CC-3,0.004926374660861066,0.0041024280460043375,0.0037032536769440235,0.0027075784016607485,0.018506394333867582
25-CC-2,0.006605222815952045,0.006717479181749802,0.005932851242373572,0.006276644039413248,0.02490131834415421
25-CC-3,0.009503200958994113,0.00853906767038778,0.007254604236318246,0.005984212313668635,0.0225662138226288
40-CC-2,0.018154179494109624,0.020146344342658683,0.016836035554081207,0.0179155611630456,0.027333256978125386
40-CC-3,0.01768717074517298,0.019548219750562035,0.016491643799526244,0.016501835126553566,0.034227745542426025
