,RMSE,MAPE,MAE,MedAE,MAX
field_data,0.03829249606444732,0.03190140435973666,0.030018754638296077,0.021946701313066974,0.09181764454952945
