,RMSE,MAPE,MAE,MedAE,MAX
0-CC-1,0.019563023965237163,0.019374450169474738,0.016764191524020183,0.015769277754867028,0.06421077007462994
0-CC-3,0.02119949497141374,0.020366161037486584,0.017392456325583026,0.013231863948958311,0.053332223391678646
10-CC-2,0.006150611360368603,0.005703234133041322,0.005008438042217829,0.004213465036818964,0.015377367353304305
10-CC-3,0.009097775759779209,0.005503881496985313,0.004984952758675652,0.00434100577368729,0.10044843708002926
25-CC-2,0.021215737890777242,0.020196519005346084,0.017682505430399717,0.015702138737188176,0.04436448033839502
25-CC-3,0.022373562767601402,0.01999314642976812,0.017111778893722337,0.013227346637876392,0.05542887848201228
40-CC-2,0.0675243872934594,0.07241549717900803,0.05863049130075134,0.06039485928186994,0.1113699670272481
40-CC-3,0.06564633272556551,0.06949724781761706,0.056499804481595965,0.0597657253828946,0.11132941877670133
