,RMSE,MAPE,MAE,MedAE,MAX
0-CC-1,0.04873894702221962,0.03850953278463884,0.03524204984871828,0.024416920580427603,0.2125684108380852
0-CC-3,0.07155633879047554,0.061149756234253304,0.05580609932647967,0.04311055260588531,0.1989026222474658
10-CC-2,0.04261888310905832,0.037099944865519645,0.033808338734910535,0.024639339804291283,0.08693489452452385
10-CC-3,0.04671893859203235,0.04118621582780387,0.0376520418512739,0.03153340224600171,0.1785629625429367
25-CC-2,0.05314695357441283,0.05545622806745504,0.0503579431015423,0.057488307836947805,0.1254774798893158
25-CC-3,0.04395704771336722,0.04374126626235383,0.04002065703399651,0.04714728645591648,0.0715962676198535
40-CC-2,0.06140824704523747,0.07285913136797942,0.060839084506631405,0.06406418043354362,0.07143560818824168
40-CC-3,0.06394932136138831,0.07516830637292854,0.06276763482662383,0.06790447285834778,0.08268183734045498
