,RMSE,MAPE,MAE,MedAE,MAX
0-CC-1,0.08281886531371033,0.08638077117485661,0.07343223455215801,0.0783327974803989,0.14340620989015118
0-CC-3,0.07878959397380587,0.08096707883476716,0.06893096233618937,0.07356018008640952,0.13028226668640563
10-CC-2,0.06537570228486421,0.06683598272975705,0.05567577380529005,0.04982761967032601,0.11956213507936253
10-CC-3,0.06160838935033947,0.06293341238692121,0.053460799619008986,0.04706211227424317,0.11583081567455533
25-CC-2,0.013906633427700094,0.011024784099994977,0.009414903338664937,0.0068138710431177585,0.05645465430614127
25-CC-3,0.020973459444718644,0.014501894001861939,0.011921179308524333,0.00460069491078785,0.06206127195043143
40-CC-2,0.005466433932001953,0.005068853654363742,0.0043654239890820404,0.0037431901914737886,0.015068881458210392
40-CC-3,0.004685810792091501,0.004520492483105597,0.0038807484646992386,0.003400607238342901,0.012816333598933527
