,RMSE,MAPE,MAE,MedAE,MAX
0-CC-1,0.03284521648160381,0.036963901296034954,0.03241374053776822,0.03255245174899041,0.04926877230345683
0-CC-3,0.033832493456830426,0.03791152789284939,0.03347245814990543,0.033266844171797705,0.056588001904372076
10-CC-2,0.009285441197150253,0.00848065423663657,0.007597589814311573,0.0077855401187423845,0.028437256813049316
10-CC-3,0.011541998913610385,0.009708011172458756,0.008788189078263498,0.005909424212794667,0.044851505290434246
25-CC-2,0.01362083045750656,0.013427578563091208,0.011969537371375414,0.010791909738686323,0.034395748825090666
25-CC-3,0.018460510879015374,0.017932011520037244,0.01582960287276699,0.01523252744511494,0.039052539132619524
40-CC-2,0.012275929982855496,0.013730916609133382,0.011594596277972519,0.011198289719743904,0.034380347792837274
40-CC-3,0.011417135509887688,0.012622395976877589,0.01059550947269641,0.010234695394806537,0.032003581523895264
