,RMSE,MAPE,MAE,MedAE,MAX
0-CC-1,0.019548766587498788,0.018572164243662783,0.016585094440393727,0.01598226661291241,0.04295933002641217
0-CC-3,0.01940847678361994,0.018398730310511344,0.016447765948583815,0.016621835220058223,0.042768824677010264
10-CC-2,0.012576263145093053,0.012368156396098567,0.010426647022556282,0.008687195760619382,0.0227054538923136
10-CC-3,0.01287431128247288,0.012518048642560663,0.010662995643586679,0.009265058082745248,0.025521151072294357
25-CC-2,0.006037763460162847,0.005723487872587483,0.005003272698721888,0.0037591941788334138,0.020734596046485754
25-CC-3,0.0066515917702611735,0.006641216188171415,0.005804148968271918,0.005026419768169088,0.01671825235176072
40-CC-2,0.002903425661964817,0.0022736925441943644,0.0018292088381930873,0.001039846732455607,0.011526643796504699
40-CC-3,0.006122861634201463,0.005228401106320327,0.004193458883073104,0.001722232385831246,0.01750882149686328
