,RMSE,MAPE,MAE,MedAE,MAX
0-CC-1,0.05994612308314009,0.05748110656324724,0.04844028306897049,0.03712333611516844,0.12260365242173688
0-CC-3,0.05763352858602979,0.05152604868850714,0.04314861813957206,0.03198069498280287,0.10681764657303283
10-CC-2,0.027694957579016792,0.026984402656714316,0.023203907750285913,0.022772434142763753,0.04509724652125535
10-CC-3,0.02506742345836992,0.024859299838219606,0.021331620875445864,0.022001694913806658,0.043994165551932696
25-CC-2,0.021551927333130074,0.01918584745535171,0.0166476958869344,0.009281932093090584,0.050669721253401745
25-CC-3,0.010776232757529466,0.010524567141690316,0.009269887880391089,0.0075473623773300025,0.033385839932016825
40-CC-2,0.006204225973484601,0.0058629119394799445,0.005041205928979248,0.004804244334018104,0.01723616594688837
40-CC-3,0.0047001642464684955,0.004288754607971441,0.0035893204741509126,0.002368884333700305,0.017047448361173667
