,RMSE,MAPE,MAE,MedAE,MAX
0-CC-1,0.048330319137192566,0.04479275465091651,0.03755161543825213,0.029634625743818255,0.10745328420808331
0-CC-3,0.045537960792991376,0.04133328650096204,0.03474342526781015,0.02526986779621787,0.09310714776321838
10-CC-2,0.042771985266597194,0.035939328863948156,0.02921255398643363,0.012648304798785426,0.09252460360864756
10-CC-3,0.03717496069251412,0.030074956836385235,0.024780560232183894,0.011961833000523558,0.0875323780791879
25-CC-2,0.014046794976844083,0.009997030505643253,0.008483988585277873,0.004642534384288577,0.06268262442943229
25-CC-3,0.025541820476450733,0.01945818708842625,0.016103161413487728,0.007580588053356041,0.0723372915236431
40-CC-2,0.0020811258883878113,0.0015029341223674734,0.001215749264804172,0.0006620939095929868,0.010705899140690756
40-CC-3,0.003697768281250564,0.003249457097588605,0.0026084648892054536,0.0014304766363694155,0.010503591915148935
