,RMSE,MAPE,MAE,MedAE,MAX
0-CC-1,0.030796760151499052,0.03297698914092812,0.02947308967363207,0.02678629921026099,0.055670546866678716
0-CC-3,0.031632663428602846,0.033983689882257515,0.030467525347075416,0.02773034815805253,0.05638693628742286
10-CC-2,0.008658513738605232,0.00765364998156367,0.006882575773035475,0.005596818844322948,0.024991195080536932
10-CC-3,0.010063321358265357,0.00884690838361553,0.008077346353549172,0.006879593341792667,0.027836070961980375
25-CC-2,0.0034052767244832512,0.0027064584341635564,0.00247123328508235,0.0019593741781737672,0.01364361688615634
25-CC-3,0.007533194694772123,0.007813797238947906,0.0070146864157010005,0.00777193644372115,0.014757928451771263
40-CC-2,0.0072867224258491405,0.006927087445358239,0.005663292130534429,0.00463026819656942,0.019843101068080626
40-CC-3,0.007074711274217472,0.006902785698995965,0.005695098140962541,0.0055195924871001,0.0226236152743291
