,RMSE,MAPE,MAE,MedAE,MAX
0-CC-1,0.07455183524334894,0.0798612066461195,0.06908136338465037,0.0743951894111991,0.1378851828959018
0-CC-3,0.0654969354823171,0.06998946155837278,0.060652432340666765,0.06658398074079852,0.15011868339781143
10-CC-2,0.07786829353253129,0.08484580959198015,0.0726750439425412,0.08160113487948917,0.11684274542856221
10-CC-3,0.06567558776293837,0.07011888061311912,0.06060524393921108,0.06644491954252335,0.09753959561041081
25-CC-2,0.038948180860600465,0.037225689126977615,0.03234415785811725,0.025296550214118252,0.12561560889812484
25-CC-3,0.017810046931069443,0.013463700853754788,0.011455132359143742,0.006491790882413695,0.07460940162253904
40-CC-2,0.016324504355133322,0.017567090170740395,0.014569376802540954,0.013966325654509892,0.03967193067206698
40-CC-3,0.031927852122543975,0.03491131177841346,0.02869051141678943,0.02458409820424423,0.0695754149799569
