,RMSE,MAPE,MAE,MedAE,MAX
field_data,0.03327919621101409,0.028065889102780586,0.02619845589999184,0.01990978212049721,0.07864286046967517
