,RMSE,MAPE,MAE,MedAE,MAX
0-CC-1,0.005063359779362355,0.004430041725720878,0.003950321390320414,0.003268051479751677,0.01619135349928813
0-CC-3,0.007908773033458018,0.007635087307780692,0.00677146256825956,0.006483988624465531,0.024096716026802745
10-CC-2,0.029270139727071313,0.03230349799450031,0.02807341152375861,0.029087564866857485,0.046365821348902436
10-CC-3,0.019397244595157615,0.020900687046197897,0.018281812272173344,0.02069879782831746,0.03678418517261661
25-CC-2,0.031106311902636713,0.03314952558403605,0.02929273399595399,0.03173428096842318,0.04814874099843858
25-CC-3,0.03869383708106349,0.04047530509657973,0.035339960805693224,0.0379221372244537,0.06856203387084758
40-CC-2,0.02842209004525648,0.03194112307978509,0.026140243758771598,0.02389682731613052,0.05116665319973346
40-CC-3,0.030821520110450275,0.034477828341730465,0.028345700033539447,0.025596517328538626,0.053506733795184336
