,RMSE,MAPE,MAE,MedAE,MAX
0-CC-1,0.040999818859232616,0.0457047410027321,0.03956665758098023,0.038116674492736424,0.06596666330506817
0-CC-3,0.04228210986560488,0.047118422481505585,0.040928265703429466,0.03938199107250551,0.06185902818664002
10-CC-2,0.008912759058770656,0.008697172933952562,0.007346227097774648,0.0064837005686519955,0.019775999717270842
10-CC-3,0.007492311508043343,0.006895987986453631,0.005891997183021068,0.004519210789600603,0.022024250496461506
25-CC-2,0.016282723843108353,0.016342169945562274,0.014856424450562107,0.015170317457870619,0.0360312936630629
25-CC-3,0.025896010792306082,0.027550376144853048,0.024769765876857714,0.02544764786510767,0.03849440720375197
40-CC-2,0.012094108619823737,0.012129881440483251,0.01039537217209563,0.010730185166354489,0.028829030937122746
40-CC-3,0.010121889939542125,0.009415887541628521,0.008230417247534648,0.007456746098917777,0.02574161069361558
