,RMSE,MAPE,MAE,MedAE,MAX
0-CC-1,0.006719413482323613,0.005817546575186514,0.005244455673406104,0.004280596240253731,0.02282218871238184
0-CC-3,0.0031604126228260256,0.0028026175289190135,0.0024811803046157917,0.0020331066669474485,0.009405184368630137
10-CC-2,0.01238288551502317,0.012907698835896176,0.011150855613133795,0.012427745943546342,0.02322754100515434
10-CC-3,0.011643518105423604,0.011191104280129838,0.009967010001513921,0.009662486399239112,0.03037141413214639
25-CC-2,0.02690243382102229,0.02775782165317951,0.024331052899059978,0.024066795150398723,0.04378243676339444
25-CC-3,0.030190618595514303,0.03194238798712634,0.027732036184599167,0.028546118925370068,0.050889448340563304
40-CC-2,0.05384344795163002,0.06066246101296362,0.049583594945100194,0.046906520905602545,0.09037774757915851
40-CC-3,0.053816170070406635,0.05971816737301832,0.04910827700563227,0.04755887336768705,0.09129931269240166
