,RMSE,MAPE,MAE,MedAE,MAX
0-CC-1,0.03372859349130756,0.03809317309648012,0.033444889064585245,0.033838392766317504,0.048476117325733536
0-CC-3,0.035451056028467945,0.04002399939130639,0.035262736283421414,0.035516917208125776,0.04389490673174978
10-CC-2,0.002979129048964215,0.0025891407101834873,0.0023049019080211073,0.0017140121853184143,0.013654795109955375
10-CC-3,0.0031763705762954406,0.0026344603071324696,0.002362755530768498,0.0020326539361981144,0.020436466361426375
25-CC-2,0.016446746829489788,0.016171387425038958,0.014791206248852782,0.01643499515686253,0.029463464384554938
25-CC-3,0.02593127953662579,0.025709858062048365,0.023533804273593525,0.027516756601558112,0.0372143542792408
40-CC-2,0.013662592238824614,0.012846475368923147,0.010885761586817965,0.009566867197018603,0.028599190525186224
40-CC-3,0.01342904852598574,0.012899789876012454,0.010923680927537142,0.01076875862643667,0.02872651669063342
