,RMSE,MAPE,MAE,MedAE,MAX
0-CC-1,0.005656840312718935,0.005008358085001005,0.004465652641066712,0.003788179942889547,0.020143749686352463
0-CC-3,0.005158459903902651,0.004232092298193295,0.0038258244629453164,0.002900205305710779,0.02149527130558082
10-CC-2,0.030774924589670814,0.035012942025908815,0.030134229159336265,0.03231295259370881,0.03939535616564438
10-CC-3,0.029812718525368716,0.03328906604194736,0.028963309350401544,0.03109463207980845,0.04361332774311222
25-CC-2,0.036159472307501786,0.039984807180981456,0.03579039782723458,0.0374923997373971,0.04506656466168513
25-CC-3,0.038930954365798846,0.042560427901757895,0.03817572852738846,0.04203230543143882,0.051995274624104026
40-CC-2,0.03403161026841094,0.03995097181005264,0.033420162945179674,0.03350891364382458,0.052100061936916076
40-CC-3,0.03452018068208775,0.04032190282594379,0.03387130541258658,0.03330706584640264,0.05241222916197563
