,RMSE,MAPE,MAE,MedAE,MAX
0-CC-1,0.02627695098647922,0.019651168801712325,0.01770226416786931,0.012926811895828616,0.1321406064417392
0-CC-3,0.025558501644269416,0.018752913524684413,0.017104754756731358,0.012776979060539317,0.17397721851610837
10-CC-2,0.032521434180035017,0.03306202120578046,0.02880415964642831,0.027213084522880182,0.07459302791375366
10-CC-3,0.029346927081304066,0.0275520519392308,0.024553536076491616,0.022042123522052925,0.08886515936978312
25-CC-2,0.047284843806520746,0.049216603140171,0.044733178193494046,0.04840470420545656,0.07699769735336304
25-CC-3,0.05470533796060142,0.05587870116959863,0.050859115084900354,0.05857313122668717,0.09321033606000728
40-CC-2,0.058305465095308456,0.05560694932949143,0.04885972125392709,0.0520083561177303,0.0986266961255371
40-CC-3,0.06382835893464298,0.06152737781087551,0.054164413851194824,0.056621594034651834,0.10961487385698099
