,RMSE,MAPE,MAE,MedAE,MAX
0-CC-1,0.0330273192493921,0.036928193382867465,0.032155589298774837,0.030720989380148778,0.04980477911167225
0-CC-3,0.04171746937220973,0.04679529912701267,0.04108735691361633,0.03974099491327793,0.05714546105789309
10-CC-2,0.006867492191500279,0.006642233911978499,0.005834065307968254,0.006448040332740046,0.014713996125348072
10-CC-3,0.058872381718188274,0.014444326717136016,0.013059579537295668,0.008651157981175384,0.8017581030276978
25-CC-2,0.04886897285097886,0.04882314622232278,0.042606018291101874,0.0399597250658284,0.0850972160408916
25-CC-3,0.05539428717838866,0.0557338472266527,0.04812885062294065,0.04662187798599482,0.09898177099937966
40-CC-2,0.11114818258265434,0.1274991836801531,0.10574962057870807,0.11798566041154801,0.1373370304337278
40-CC-3,0.10539360628274813,0.11974992032598557,0.09962315001403467,0.11140526062671496,0.1326042030147272
