,RMSE,MAPE,MAE,MedAE,MAX
0-CC-1,0.03226585924477105,0.0331840558982203,0.02866580898530928,0.025434201607108575,0.07859253639390484
0-CC-3,0.0350676179226086,0.03625449859561001,0.03142087397685806,0.02685606586374556,0.07093624646469543
10-CC-2,0.023811841157060996,0.024950010668114822,0.021583306948467634,0.023407855647299858,0.0393986940257518
10-CC-3,0.013092881080156393,0.012383653461351776,0.010774845593805649,0.009053811387847277,0.027627161986143234
25-CC-2,0.014619816761912229,0.01384151733365768,0.012035384219251407,0.008273951399143109,0.03212957728672694
25-CC-3,0.01264420991247441,0.013241118351085154,0.011657103779972578,0.010320176973640405,0.03000506448035667
40-CC-2,0.003965481506634227,0.0036942591440387146,0.0030586023289756537,0.002509665425006802,0.012317776246608458
40-CC-3,0.0033721520815630135,0.0033039566401216027,0.0027808382415035545,0.0025047144203008687,0.009464416670483256
