,RMSE,MAPE,MAE,MedAE,MAX
0-CC-1,0.08077616836877889,0.08810553236763384,0.07692256382347665,0.08050156620561849,0.18466052392983734
0-CC-3,0.07856005298099665,0.08653560452341567,0.07548227648381745,0.08044466542851192,0.14695274586660567
10-CC-2,0.10767686979833359,0.11944869548619752,0.10205060142272623,0.11623844489715912,0.15246204067864877
10-CC-3,0.0992384800449139,0.10777689945234949,0.09301643185915902,0.10641573784969627,0.1387343256362481
25-CC-2,0.06820947288187369,0.06952044218611016,0.06076102838963696,0.05265194977781873,0.1600329997214891
25-CC-3,0.04908658321702903,0.051214721917589565,0.04461532226891139,0.04052232114678389,0.0968436052593239
40-CC-2,0.005912108894824643,0.0054039937430844015,0.004539192158665929,0.003920862386226409,0.03582657470450301
40-CC-3,0.017278722473624785,0.018634822753052546,0.015272458780056087,0.01786449900537468,0.028342323394859203
