,RMSE,MAPE,MAE,MedAE,MAX
0-CC-1,0.05791019343147015,0.0610383992779109,0.052744457646948226,0.05314119600405848,0.09935288731819691
0-CC-3,0.06421072349955932,0.06805293757795514,0.05948849433372567,0.059531855332988215,0.11362384072759613
10-CC-2,0.04309582758670536,0.04216735041501419,0.035497483832220164,0.0273975661388538,0.08408050030554315
10-CC-3,0.05712701823131432,0.05036601325369136,0.04408107501517755,0.0327884432398462,0.44337766613041996
25-CC-2,0.01707463587671587,0.01575268424815264,0.014195420240067284,0.012613778044310464,0.03153437960878247
25-CC-3,0.013206285577700178,0.012307960377030695,0.010959945948898155,0.009318222894966088,0.03185763995564428
40-CC-2,0.04110630395378852,0.04566348731019075,0.037269909467296275,0.03834413996603686,0.07367289022976276
40-CC-3,0.04459942372028019,0.048315551419389986,0.039476313050710234,0.03990659023198517,0.08090518152541959
