,RMSE,MAPE,MAE,MedAE,MAX
0-CC-1,0.06895233901229232,0.0699383599535704,0.05926593111082808,0.06169984733514022,0.12483566755464093
0-CC-3,0.06437514218996171,0.06475423378728007,0.055129951433265066,0.05512571912448194,0.10737762367668957
10-CC-2,0.05112621107355645,0.048387654536307625,0.03992249253492504,0.030545433857623316,0.0958531057868397
10-CC-3,0.04634790800605123,0.042921457015118625,0.03593608287645503,0.027591861469839774,0.09139993904361599
25-CC-2,0.017519460002434043,0.013191156180050616,0.011258935461634485,0.006199366314341648,0.07025222757724747
25-CC-3,0.02555982484836828,0.019063959265389896,0.015802956941173153,0.008158120523410584,0.06634791879338797
40-CC-2,0.005527180345184004,0.005572210761777236,0.004735467709038251,0.004644484677080674,0.012342982238697453
40-CC-3,0.005726911414611654,0.005723229412910274,0.004798964444615418,0.004105600684001787,0.01385210192031705
