,RMSE,MAPE,MAE,MedAE,MAX
0-CC-1,0.008783929193304514,0.008341338627248009,0.0073601675873582965,0.007164940836450251,0.02205247397425414
0-CC-3,0.009040551875545498,0.00858736039564963,0.007608356010492745,0.007389483097797966,0.020802605728646006
10-CC-2,0.026632496245439966,0.029806144782322543,0.025529649413476928,0.02665374601112691,0.03679120477001285
10-CC-3,0.02718018191445354,0.029660525928683717,0.025642932226418263,0.02728613475146463,0.04179401517063297
25-CC-2,0.021564058801590978,0.023627470040415186,0.02113082273899723,0.02225221063658961,0.03255739746731867
25-CC-3,0.02054897705568464,0.021328429438688064,0.019290495954418268,0.022342349100958725,0.03259879658523357
40-CC-2,0.014278161995646854,0.01559245869752168,0.01319034259441103,0.01307004766216957,0.025690971351550518
40-CC-3,0.01470339496362694,0.016439805109529693,0.013917470167443729,0.014099759414261226,0.024832802396533737
