,RMSE,MAPE,MAE,MedAE,MAX
0-CC-1,0.03937648804768656,0.04410097920503323,0.03845746019173243,0.03938572497711512,0.05789583677461163
0-CC-3,0.03872300340792709,0.04288751715728981,0.03741789863162978,0.03943883650754221,0.05293551353657133
10-CC-2,0.005857872281425149,0.005002276656894344,0.00447753228440218,0.003223152306206567,0.021553003775355073
10-CC-3,0.011367145385844388,0.009689743489490097,0.008788484768731819,0.007958148667456255,0.0740993097873962
25-CC-2,0.016913912609282197,0.016986666896710446,0.014870020974864973,0.013052306845335204,0.0303111177858727
25-CC-3,0.018195215112584793,0.018256965402171987,0.015745839000692093,0.013916839749368859,0.051701453201822734
40-CC-2,0.029168426960324,0.03212965657098724,0.02617499126499151,0.023182043985038925,0.058341025872768126
40-CC-3,0.025250885443451845,0.027045317309991396,0.022067010637387717,0.019590122689919443,0.054930907843778964
