,RMSE,MAPE,MAE,MedAE,MAX
0-CC-1,0.014317367820465771,0.012378710826357657,0.010462096843959197,0.006033213093108891,0.03936403745820538
0-CC-3,0.01343928119937627,0.011301610286239546,0.009552940187621447,0.005662061389693829,0.033562557544550176
10-CC-2,0.021169758357451537,0.02175532269391275,0.01943149771008501,0.022891089938979814,0.04011240004229233
10-CC-3,0.022522646276766367,0.024007653078454406,0.021469781724665106,0.023802627032938894,0.0415091049686066
25-CC-2,0.02345351481257207,0.02424560714955997,0.022090969269818485,0.023170730100703918,0.03623363711275962
25-CC-3,0.02674439509845689,0.028353905864957764,0.02563466556301904,0.025997285858992025,0.04058742430503981
40-CC-2,0.014092477007334398,0.013715007142864747,0.011861987662154337,0.011671395795222805,0.035528831428455754
40-CC-3,0.01264541475416283,0.01113822012376693,0.009865652293197755,0.007212458042941683,0.03385696189371934
