,RMSE,MAPE,MAE,MedAE,MAX
field_data,0.027037500985468334,0.024365979167630017,0.02268848535876027,0.02092182842109147,0.08239150251021043
