,RMSE,MAPE,MAE,MedAE,MAX
0-CC-1,0.10463917116166313,0.11210095834502995,0.09636872423016525,0.10051358538703187,0.19741792724304374
0-CC-3,0.08852196843991317,0.09274542123904674,0.07949832673001132,0.08881192348972089,0.20321128231291152
10-CC-2,0.08521395106076844,0.09282288911193601,0.07859208363470985,0.09365068401184823,0.1492001797647774
10-CC-3,0.07515716511035633,0.0797416796530154,0.06825570845108254,0.07532185007371411,0.11523698950460637
25-CC-2,0.06638450918273169,0.06783530380794012,0.05931070196379077,0.056498056064890445,0.1630612733039476
25-CC-3,0.03632343535210004,0.027082448445079784,0.02275239606096592,0.00828162080117989,0.1047556450160988
40-CC-2,0.1260075352935088,0.14400128490166736,0.11938729892739938,0.12807572603871697,0.16446193474680215
40-CC-3,0.10551234717985285,0.11698466278271875,0.09760717004372403,0.10877318096717259,0.14851403814026498
