,RMSE,MAPE,MAE,MedAE,MAX
0-CC-1,0.006517665759189943,0.005819916574378963,0.005188288572279965,0.004237992955242187,0.020750346156231614
0-CC-3,0.005856398388794501,0.005066811679364823,0.004558601743965169,0.003924727439880371,0.021591652016182628
10-CC-2,0.023322610710723748,0.026063514997624316,0.02236254433418328,0.024298501973186615,0.03557583092379257
10-CC-3,0.02368544406662822,0.025853157551605326,0.02238815892881191,0.02458141623129695,0.04034878134876407
25-CC-2,0.01983207453638764,0.021438986213912867,0.019210791059906123,0.02036974608551434,0.02943599636832328
25-CC-3,0.01936893436667428,0.019699225765691407,0.017846968121143097,0.021454856344328532,0.03107124874892986
40-CC-2,0.012319956502547044,0.01244477508205966,0.010524644513435643,0.009466465444653571,0.024636983438075744
40-CC-3,0.012578104709206747,0.013092231237143544,0.011084340411173252,0.01089708086874408,0.023720400911090622
