,RMSE,MAPE,MAE,MedAE,MAX
0-CC-1,0.00948366491336342,0.008223523921805254,0.0074158137906856925,0.005902993998220585,0.03549158329179303
0-CC-3,0.008171509163652113,0.007240074843944372,0.006539167805179707,0.005545731659939157,0.02344775189420556
10-CC-2,0.01848886580487416,0.01773847225569018,0.01584802289613007,0.013246035778488596,0.03288147246871387
10-CC-3,0.019747946975915316,0.018317785531993317,0.016504954494574942,0.013508384272006735,0.08113069091761471
25-CC-2,0.024917858301939398,0.025524540844331808,0.023067395081029,0.026594349936368777,0.04554319381713867
25-CC-3,0.03365493758504389,0.034366944045289005,0.03102698388973015,0.03820395448148356,0.04274702072143555
40-CC-2,0.03180924293528781,0.02841187561965291,0.022612499279423603,0.011741529118971084,0.0710170264678609
40-CC-3,0.03137552972747721,0.02765738808915849,0.022184381443782736,0.013683724754177895,0.07206256924223686
