,RMSE,MAPE,MAE,MedAE,MAX
0-CC-1,0.025995602006146614,0.022526569946864146,0.019998253814887366,0.016387389650831086,0.11960823581390556
0-CC-3,0.023239064380451094,0.01665564311396213,0.015239833042385562,0.009788350000760504,0.1374820218682704
10-CC-2,0.027894378162060564,0.027894146697268668,0.024301970115986813,0.027324332459315426,0.11126837987616656
10-CC-3,0.02415265857380549,0.022256555631954972,0.02007429366516326,0.0176400039880249,0.0640483482850358
25-CC-2,0.04041022924408923,0.04128209856478749,0.03760208052325904,0.03983255532464797,0.07185034651986999
25-CC-3,0.05176782294478707,0.052044114911102134,0.04756754436488383,0.054546472935986245,0.10519981662345457
40-CC-2,0.056426105776228815,0.06434340797318083,0.05493774750185197,0.053776686573713706,0.08590085160263305
40-CC-3,0.06584377559036769,0.07718477470007348,0.06549356756720237,0.06657070955677069,0.08065174023583066
