,RMSE,MAPE,MAE,MedAE,MAX
0-CC-1,0.025092625393806772,0.018636220025092173,0.017182434929696545,0.011021841591090487,0.12314576765342333
0-CC-3,0.03338109839218549,0.024236800762577695,0.0225311905672215,0.01206751833905817,0.11503727024543653
10-CC-2,0.027565772227454186,0.029035049582396326,0.024986485746096822,0.02658858731939384,0.050678588438632266
10-CC-3,0.029353015370482273,0.029799278235739135,0.02625845144374553,0.026923366517823177,0.09340878678457487
25-CC-2,0.02224236677022126,0.022659342744211695,0.02051417896127305,0.0221634149808837,0.06484596629373474
25-CC-3,0.02804636223850058,0.029128245672689467,0.02638263757874898,0.02914073721819377,0.06510168592048216
40-CC-2,0.030276120538555888,0.03492568765135126,0.02970504712894889,0.029962443451325815,0.04249984728978051
40-CC-3,0.03584121924949636,0.04210513064660382,0.035661827449317826,0.03539981129403458,0.04825705554113857
