,RMSE,MAPE,MAE,MedAE,MAX
0-CC-1,0.002346716900585079,0.002031532464742363,0.0017832552467821644,0.001560490736497,0.013943957663797857
0-CC-3,0.0020342196994505312,0.0017234659480614186,0.0015020345432686757,0.0010161369069013881,0.007112859120234405
10-CC-2,0.008736756897320497,0.009187081200704677,0.007698334301516013,0.007585272076568339,0.015406342632548586
10-CC-3,0.008519914038832604,0.00820093653493159,0.00697955603226666,0.006380914460968001,0.045362360820416225
25-CC-2,0.016160249740244246,0.01674882174537033,0.014670193987222987,0.01507219206207644,0.028968152867750674
25-CC-3,0.015814402414348293,0.016203193486171448,0.013952340768689495,0.01356534586673086,0.035488800223497874
40-CC-2,0.04416896256656195,0.049476885161925624,0.04038806278858355,0.03719855913406306,0.07723766521984454
40-CC-3,0.04300114999401452,0.04766005939523997,0.0390593131744589,0.037039480384441825,0.07550947105712735
