,RMSE,MAPE,MAE,MedAE,MAX
0-CC-1,0.007805068464304089,0.006821853800315063,0.006082827817412517,0.00512706255904033,0.027281691729421187
0-CC-3,0.00862899668280953,0.007425693838757906,0.006711903215052748,0.005549425965592936,0.034467287716750006
10-CC-2,0.03120152001204847,0.034384954362144005,0.029735649581793814,0.030943267978234046,0.048692548262354585
10-CC-3,0.02020646878523343,0.022017211429129185,0.01918547382499906,0.020945803851671108,0.03397865414768375
25-CC-2,0.03542267950367633,0.037882305408537854,0.033422821677049894,0.035536879008124134,0.05021869110219834
25-CC-3,0.039640722915202466,0.04193841283591102,0.03670180959685104,0.03889695898910284,0.06465327050545278
40-CC-2,0.017388594353181526,0.020355966719172395,0.017046180256945133,0.017428476812008986,0.03522002551643699
40-CC-3,0.018000781303036045,0.020819347421639378,0.017594227083305065,0.017963498552613033,0.028640024557290533
