,RMSE,MAPE,MAE,MedAE,MAX
0-CC-1,0.011384722928064398,0.009553830030370388,0.00870112520252875,0.0066672760905114314,0.03266309437873316
0-CC-3,0.010339369670776463,0.008198974598004439,0.007537856514967215,0.005015170528696822,0.03365253267719337
10-CC-2,0.016493018658120508,0.017587489119430238,0.01485370145522376,0.017394139701811584,0.025900661309166906
10-CC-3,0.0169792413536133,0.017405114947009952,0.014846180479692906,0.015550138110797918,0.03011153037050629
25-CC-2,0.00924814921688795,0.009876797877074702,0.008788750375837533,0.008409543227425098,0.019669502360049385
25-CC-3,0.008677692041918114,0.008669572234148049,0.007874755674890408,0.008126546466456885,0.018120470741422534
40-CC-2,0.006246581679685259,0.005524112420205024,0.004517172344271209,0.0031061979581753496,0.02045935349041339
40-CC-3,0.006104669745781727,0.005472336093998662,0.004471281059202781,0.003185872542552537,0.019255476575610886
