,RMSE,MAPE,MAE,MedAE,MAX
field_data,0.10631610381100803,0.090095540199474,0.08424847539018941,0.0679227369223846,0.31674113579083574
