,RMSE,MAPE,MAE,MedAE,MAX
0-CC-1,0.060229353271076445,0.05961337997530611,0.052565988986767176,0.05475216364720625,0.1538062087465989
0-CC-3,0.06957123217927741,0.054391669785527064,0.05065584255664439,0.027367258906928593,0.17079122786355172
10-CC-2,0.04472294743225177,0.04388194191562313,0.03913670198002621,0.03611916036840934,0.0839659784345329
10-CC-3,0.04847634860655024,0.04512097698888501,0.04098315431593297,0.03634882661757155,0.12947211688317595
25-CC-2,0.028240905062528614,0.026401103448921038,0.024175250703446043,0.02323569142875348,0.08034010352275855
25-CC-3,0.033175454614759056,0.03172712756811207,0.02832266916849073,0.026543651593257334,0.07230727837431572
40-CC-2,0.013640418838964344,0.015350758529035781,0.012863707613308305,0.012779432547232683,0.03358675722404192
40-CC-3,0.01442439398390679,0.015759166866582755,0.013454457107600432,0.01458972267852554,0.026361649193498593
