,RMSE,MAPE,MAE,MedAE,MAX
0-CC-1,0.029493941799128835,0.03263293594295597,0.028828179430501602,0.028950484955877043,0.04952320476507843
0-CC-3,0.02805977801281062,0.031113775285955065,0.02758266881044746,0.026988915960465043,0.045439112762947764
10-CC-2,0.005796989595010014,0.005679659716889745,0.005082149233018372,0.005216881912448623,0.011680456563595953
10-CC-3,0.006208428172189784,0.005957369661899848,0.00541016522873035,0.005460140731916363,0.019466505951909574
25-CC-2,0.010291234752013068,0.009969370157905338,0.00869506017731052,0.008254984821860323,0.027365553173103185
25-CC-3,0.011711895407297295,0.01042382686392523,0.008826423522536065,0.005460259133076462,0.025714233136441056
40-CC-2,0.02124236461948776,0.022686490186231915,0.018990994953144096,0.01902430220535345,0.034887668866247945
40-CC-3,0.02120580824508677,0.022391592385320538,0.018901350133721333,0.01835719077850939,0.040434436807532226
