,RMSE,MAPE,MAE,MedAE,MAX
0-CC-1,0.01506871368279068,0.012151384971796471,0.011201129998206537,0.007279443935409635,0.04038906333076164
0-CC-3,0.014337553637815657,0.011138497529162449,0.010349571873730559,0.005956703396677865,0.04142491875125953
10-CC-2,0.016037294606658845,0.016155911119728347,0.013558848285501862,0.013186273557555417,0.027110277970238683
10-CC-3,0.01619510176371164,0.0157954483344911,0.013441993509340043,0.012403914463768928,0.030876436776908878
25-CC-2,0.0060145629291935105,0.005157946184428445,0.004529152225744194,0.00283479297948791,0.014508115246218867
25-CC-3,0.004070676841457622,0.003540409961758626,0.003205885283263594,0.0028492293884936903,0.012692749500274658
40-CC-2,0.00670150706544599,0.005581181077457886,0.0045244385324826565,0.002723287118578055,0.021642267270625792
40-CC-3,0.007533496679099667,0.006988646409500776,0.005729078985717474,0.004266871308074238,0.02176679850568286
