,RMSE,MAPE,MAE,MedAE,MAX
0-CC-1,0.043004282948848074,0.04382684438305488,0.03805071588537758,0.04016211067408182,0.1308564243700534
0-CC-3,0.044044881499875746,0.04650141763377075,0.040269525920977094,0.04387136563875771,0.11285233254415694
10-CC-2,0.05574827049662045,0.059757808373489464,0.05070288170856066,0.05876396432068681,0.08519428837823873
10-CC-3,0.049633767469081914,0.051721782427470074,0.044295115005866505,0.05066128072622905,0.08142562325290537
25-CC-2,0.040937722226500745,0.03966656456213004,0.03447788737660698,0.029121550169271426,0.11840982457729354
25-CC-3,0.026738530367350775,0.024931127322569288,0.021303618990394277,0.015597821575081938,0.061979871853193536
40-CC-2,0.014173985241357741,0.015373499932786082,0.013024945738447095,0.014079451560974121,0.02947999133810897
40-CC-3,0.011161959729287142,0.012231232465159296,0.010272198519165138,0.011007165540631081,0.02468983920862511
