,RMSE,MAPE,MAE,MedAE,MAX
field_data,0.0378393943707576,0.03431898380457557,0.03164707349092561,0.029383805797388862,0.0809362674686932
