,RMSE,MAPE,MAE,MedAE,MAX
0-CC-1,0.06769052785479336,0.06633093086711891,0.055942818609466684,0.037459264757132904,0.15365199174733069
0-CC-3,0.07196552118812982,0.07272038633692392,0.0620069451789411,0.04563812061007544,0.13972864920898864
10-CC-2,0.01655548463204887,0.014842756696112937,0.012634557136448857,0.011653539992870221,0.047458829677953895
10-CC-3,0.019840277702157266,0.017183816500766346,0.014637021939961978,0.00864473424935669,0.0524906882064462
25-CC-2,0.009007878545857106,0.008929374336436416,0.007888762843412368,0.007222200869234974,0.019669570057588626
25-CC-3,0.013385276240874693,0.010495205682359197,0.008773316714168724,0.005307198863900298,0.042260847374625765
40-CC-2,0.009709426430672585,0.00921640352917522,0.0075679497827521895,0.00601466933849415,0.021067198012907684
40-CC-3,0.007470577814704701,0.007271626515551313,0.006130646148009193,0.005277703237541731,0.014763619244929527
