,RMSE,MAPE,MAE,MedAE,MAX
0-CC-1,0.051945662080347635,0.05303743482447809,0.045798193049817554,0.04297216609379978,0.15612566227128521
0-CC-3,0.052411642527817326,0.052754120327839445,0.04561901544976981,0.04344499619822778,0.11972685048594744
10-CC-2,0.03494364354529402,0.0320890055488438,0.027032425481349088,0.023764396861997605,0.09609087786660997
10-CC-3,0.031787062859160824,0.031416978125163975,0.02683512755868615,0.02618304677952532,0.07017234085330837
25-CC-2,0.023753673214635937,0.022469961427389714,0.019488291000290578,0.01838766166776762,0.048542582904446685
25-CC-3,0.008526357913824298,0.008300804396983753,0.007135807184795467,0.00624688663872125,0.018492815098042015
40-CC-2,0.06823736719621326,0.07586119229663037,0.0618192977993068,0.05866976488673836,0.11592888504396559
40-CC-3,0.06756475465363943,0.0745110816217492,0.061191861349269204,0.0600403999711987,0.11543007431578423
