,RMSE,MAPE,MAE,MedAE,MAX
field_data,0.0381625311786714,0.035313804975280264,0.03251471213892446,0.031012681200991987,0.0810045206943576
