,RMSE,MAPE,MAE,MedAE,MAX
0-CC-1,0.0097850736447756,0.010528885263932999,0.009073614455044237,0.010071539054676837,0.02064602032465035
0-CC-3,0.008110354439307221,0.00861067963820627,0.007412203652600423,0.008627855683258412,0.012895844446183746
10-CC-2,0.0012912239840129137,0.00114793668448115,0.0010196265341851252,0.0008112317556457915,0.00405987499880478
10-CC-3,0.004276704357549828,0.0019647539445415956,0.0017813413318104356,0.0013454881562051102,0.05276835714304806
25-CC-2,0.010012830470877008,0.010432994487612516,0.009157490761581675,0.009552025760518501,0.01711934553285077
25-CC-3,0.0092772767957405,0.009547744542850903,0.008243694913559934,0.008150957805379,0.02341629665675593
40-CC-2,0.036553762167039205,0.040695969134438514,0.03318419790293932,0.02937105866859141,0.06656330780559894
40-CC-3,0.03558700780484609,0.03911731854735557,0.032011893613682924,0.029230879370938823,0.06478158867187345
