,RMSE,MAPE,MAE,MedAE,MAX
field_data,0.025054654025060092,0.02202800603370858,0.020567103521632244,0.018566277050381164,0.05656040661503037
