,RMSE,MAPE,MAE,MedAE,MAX
0-CC-1,0.05790433992147021,0.0603324016886919,0.052068588066946274,0.05554743697834352,0.11312781536489502
0-CC-3,0.03327125428574481,0.03108855215074463,0.02740283311928176,0.02440260453989307,0.14355513912443496
10-CC-2,0.061504873371985805,0.06599838162974088,0.056345572314734325,0.06287050042015058,0.09543113450023222
10-CC-3,0.052257244465111125,0.054186023098925555,0.04653113857595368,0.05102648852702535,0.08700028950670624
25-CC-2,0.03319410354551031,0.031619372435297194,0.027466589881317654,0.021229652691345746,0.10919667502971664
25-CC-3,0.019776855705970573,0.017975839730346433,0.015618403173909513,0.01229146560827643,0.07329231778693723
40-CC-2,0.023349397204254576,0.026146536510381672,0.02151117297169574,0.022971862145083788,0.038133058687147114
40-CC-3,0.035913391090056986,0.040234680867585665,0.033224547600180274,0.03834517496288353,0.050494915758327985
