,RMSE,MAPE,MAE,MedAE,MAX
0-CC-1,0.027701390317652976,0.024114092932427503,0.021725900615839885,0.019584245768551722,0.12948442360206225
0-CC-3,0.04827746131939261,0.040466194096079496,0.03699574383641832,0.028663468339904907,0.14573527163017164
10-CC-2,0.025090298865986866,0.024069383581539604,0.021396216309187133,0.021323394669010176,0.05793682594016192
10-CC-3,0.03090813500324136,0.028569654184191204,0.025784412273983606,0.0231173568765074,0.11778434468404997
25-CC-2,0.050538860074597895,0.05085377767706334,0.046483258182897134,0.05520305042585083,0.09968571562997741
25-CC-3,0.05268699386959015,0.05386642647214169,0.049063715893524346,0.05825829092128576,0.0952250985295825
40-CC-2,0.07231420083759073,0.08500990729496395,0.07190796763188656,0.07409585555725656,0.08256191718266381
40-CC-3,0.0796241229953537,0.09375117258508424,0.07939313964992756,0.08077958495795279,0.09222728278265468
