,RMSE,MAPE,MAE,MedAE,MAX
0-CC-1,0.0187423639100448,0.02088878969303336,0.018264725042748852,0.018371322173362126,0.032200621939920904
0-CC-3,0.019387297173989567,0.02156806778872802,0.018976502735156216,0.019369063906917505,0.02655192248095939
10-CC-2,0.002511692885551142,0.0021423605202120738,0.0018769146376575595,0.0014500460348315647,0.01389571427035019
10-CC-3,0.004077449240610879,0.0037280454483748214,0.0033957374348502745,0.0031824172617558877,0.014720962948827299
25-CC-2,0.005056709208137641,0.005068406008166812,0.0044675305945423485,0.0044236956735511646,0.022673356327094885
25-CC-3,0.010030826216187333,0.009040110667208215,0.007753996666580363,0.0062380780129791535,0.027292235676618093
40-CC-2,0.017480214405479977,0.01964179661036801,0.016175407891426418,0.01968078100047982,0.02360048235233425
40-CC-3,0.013491188776070431,0.014884726286242028,0.012309660896258567,0.014074231720003327,0.0275492236969318
