,RMSE,MAPE,MAE,MedAE,MAX
field_data,0.028554354803953148,0.02689810552761358,0.024590558386315495,0.023676620787284497,0.06852151494965564
