,RMSE,MAPE,MAE,MedAE,MAX
0-CC-1,0.01255351573410622,0.012036166729265663,0.010332107657572889,0.008369422867257448,0.05082136148622052
0-CC-3,0.017055648574184575,0.013480407215188,0.011376850169971862,0.005584532537097453,0.04849479968353698
10-CC-2,0.02473651316775887,0.026441097792634826,0.02278511956726709,0.02456041204569126,0.03874155281710312
10-CC-3,0.019353038023721857,0.019715326954804466,0.0170241923948025,0.017131817453613474,0.03464050412326969
25-CC-2,0.01549583457010651,0.015447549714380494,0.013525240505630302,0.01066428999582908,0.033478121520575166
25-CC-3,0.01743445814916031,0.01912588835122719,0.01703682291553774,0.01689982908106158,0.03140011119132469
40-CC-2,0.0073147956743005995,0.0072180865025529605,0.006116243041208482,0.005775739040934702,0.01799886698143427
40-CC-3,0.006205424110683606,0.006244174572371856,0.005327371127557752,0.00536436636151727,0.014787697620234797
