,RMSE,MAPE,MAE,MedAE,MAX
0-CC-1,0.014682847868467257,0.015555270260195073,0.013331727474144456,0.010970614845329074,0.03324317688157574
0-CC-3,0.01187747507034462,0.012050237653754283,0.010292803974563225,0.007876538683137979,0.024820728848423457
10-CC-2,0.006117271422472248,0.005640436011577952,0.0047070110718158914,0.002927512131640553,0.014053330758073468
10-CC-3,0.006512619672800566,0.005575231420956847,0.004813997934267312,0.003171292596814035,0.0427834466549194
25-CC-2,0.005531080578832562,0.005678176580213307,0.004990493443982184,0.004719559719222888,0.011194054439459755
25-CC-3,0.0032403668997051426,0.003396793646136199,0.0030173627968987627,0.0031904691318921374,0.008257684311146263
40-CC-2,0.02349249034336885,0.02535257246467213,0.02056989701304159,0.0168319455319752,0.04919886545711871
40-CC-3,0.02302382216409379,0.02461417650874473,0.020055968464932253,0.017054958333687753,0.046526652930448886
