,RMSE,MAPE,MAE,MedAE,MAX
field_data,0.11036720004564023,0.08114482838897408,0.0731237477433339,0.040827779178024826,0.47338284779389517
