,RMSE,MAPE,MAE,MedAE,MAX
field_data,0.0472826546309313,0.04173166238591766,0.0384834573803794,0.03315415070453642,0.10596309003133386
