,RMSE,MAPE,MAE,MedAE,MAX
0-CC-1,0.010628912520087214,0.010698662756723347,0.009162385029808142,0.007966545754871046,0.031198737565779844
0-CC-3,0.00980548774415003,0.010018351232168887,0.008742711011060639,0.007588504677636276,0.02121226365372131
10-CC-2,0.006267684663793941,0.0057302302006186755,0.004838115221358992,0.003963619981433131,0.01671223435685887
10-CC-3,0.005323449410314047,0.004697392245007791,0.004062313682725077,0.003399258872217037,0.02225274597132565
25-CC-2,0.007723196997539644,0.008053449690158792,0.007095682833047869,0.007124727937618647,0.014460856498705654
25-CC-3,0.0037808624546020074,0.003895047295715744,0.003423689214515025,0.003268252483671019,0.009627270642271757
40-CC-2,0.029686257203921623,0.03071498735189432,0.02475068243506312,0.01759327785727649,0.060660242600978576
40-CC-3,0.02901072834046554,0.029548974923578268,0.023909913829829425,0.01765863417597291,0.059046131728361484
