,RMSE,MAPE,MAE,MedAE,MAX
0-CC-1,0.22381382369757885,0.23260079925624788,0.19806603934141537,0.25764898168872336,0.30581514492792183
0-CC-3,0.23282807267675962,0.24423621408529592,0.20821690867427214,0.27301932924398503,0.3072349164031988
10-CC-2,0.19523756680826734,0.20090321662777877,0.1679027719678229,0.16616781602162478,0.28996613741596433
10-CC-3,0.17935862640894068,0.178324911928617,0.15072049618581143,0.13741962450988465,0.2900187511944503
25-CC-2,0.08451734182758718,0.07885688763404106,0.0683012660857944,0.04665556189084519,0.23706745681163444
25-CC-3,0.10002050442100179,0.0922827230342617,0.07829965249806133,0.045671739934604605,0.2246333578078228
40-CC-2,0.005605510977342971,0.005678669764071873,0.004854627887793783,0.004967405639296707,0.01584420505650841
40-CC-3,0.007918907588789431,0.00874489187631385,0.007354681641434637,0.007384969636685446,0.016973933391400742
