,RMSE,MAPE,MAE,MedAE,MAX
0-CC-1,0.026975038932538727,0.029437641112947197,0.02605825386389486,0.02598689785358682,0.04788033900382471
0-CC-3,0.025706224095948582,0.028046891360255417,0.024910860378283658,0.024572329070989496,0.04593168554737159
10-CC-2,0.005285475003716802,0.004775020654708203,0.004311066184840956,0.003913621814833568,0.014596919892090887
10-CC-3,0.006067752540949421,0.005466765761607459,0.004977225747607857,0.004195250806139583,0.02033631653311685
25-CC-2,0.007912891965088613,0.00787233293282717,0.006924381098814945,0.007140377879437665,0.02728377560047135
25-CC-3,0.010370863427676928,0.00906238949320199,0.007655343604079515,0.004998291884438899,0.02441419622924501
40-CC-2,0.01767057057244275,0.01924384185210385,0.01612499516888297,0.016931217792540476,0.02768802382382851
40-CC-3,0.017176666222979982,0.018275102279864498,0.015488654443691446,0.014353583690283611,0.03695883036603442
