,RMSE,MAPE,MAE,MedAE,MAX
0-CC-1,0.003881151882080965,0.003353076209644609,0.0030244723529564066,0.002616366057052233,0.012313661519789854
0-CC-3,0.004767577951112835,0.004037397569284112,0.003698066650998064,0.002548425336612481,0.012126304261449006
10-CC-2,0.00677870464112394,0.005814452628010075,0.005259904647952509,0.0036112707902821173,0.024802982807159424
10-CC-3,0.007693481011886957,0.00680768481186332,0.006170943588759943,0.0046236819929891815,0.03773189340556027
25-CC-2,0.017750537464056717,0.019031770437561695,0.01702071255791676,0.018555693404420093,0.031532347202301025
25-CC-3,0.017742441486928835,0.018907278756621657,0.016882144161903232,0.018088371820561444,0.03235870599746704
40-CC-2,0.03592971729274709,0.04207282564499823,0.0348432845527512,0.03509276580875148,0.05560219244533893
40-CC-3,0.03769039290968005,0.04380329253245172,0.03637687923460466,0.03630205272564602,0.056831282733152744
