,RMSE,MAPE,MAE,MedAE,MAX
0-CC-1,0.03268365877129042,0.035015580838723,0.03007709518966953,0.026551217088868873,0.06184762472322003
0-CC-3,0.031248645198815008,0.03316123867415005,0.02852323637917626,0.024332963873109903,0.056468205299219365
10-CC-2,0.011366106471225372,0.01106973363001868,0.009448441869870641,0.009197356326353767,0.025599525311448712
10-CC-3,0.009316492183110493,0.008876102943800313,0.007752365197975179,0.007623987370849572,0.022569531767193562
25-CC-2,0.012581380094031333,0.011190241438133436,0.009967328504233201,0.008114288128457492,0.050169038566627355
25-CC-3,0.02109954480023828,0.019165357750923612,0.01657331030725677,0.012759115079486238,0.0466130202297137
40-CC-2,0.025763994241675848,0.027510763127566285,0.022447250542525502,0.02518803445253659,0.039140822150912635
40-CC-3,0.02295111833632707,0.024556692041044395,0.0202349276315136,0.025209663560890605,0.03445806501654747
