,RMSE,MAPE,MAE,MedAE,MAX
0-CC-1,0.023107751941009648,0.02353406188950285,0.021139868153239216,0.021141418496031628,0.0451623672020669
0-CC-3,0.027505942741928534,0.02851803842064513,0.02568878426799138,0.02426284434830117,0.0517881399197776
10-CC-2,0.00595140045644746,0.0053147592972211215,0.004656551449299455,0.004113690204092801,0.04223122339531782
10-CC-3,0.004700219337791874,0.003340840310313561,0.003046269361638603,0.0021523994972253435,0.03480687094824064
25-CC-2,0.021339585517932896,0.022995927253854638,0.020476500232944513,0.022250819232812635,0.03603117632024644
25-CC-3,0.03903100299444874,0.04124639605120486,0.036515862345970554,0.038639665943062895,0.07490623305145061
40-CC-2,0.012254761619735292,0.013076002838943241,0.010684168869114006,0.008109331605251013,0.03061509089046832
40-CC-3,0.019993412680046525,0.023196907861036998,0.019406236723160695,0.018547160885640124,0.03450576698608243
