,RMSE,MAPE,MAE,MedAE,MAX
0-CC-1,0.048387443862971724,0.035741037699097124,0.03203827539083289,0.02052416000894386,0.22035234277016225
0-CC-3,0.023150971168902985,0.022850115236700535,0.01998254820448131,0.02128691921407927,0.04092577505387396
10-CC-2,0.01841443487545225,0.019078356837176333,0.016578992094288873,0.0169349408690046,0.03215797251412289
10-CC-3,0.017160644136225815,0.017697860111758917,0.015409628421026547,0.015080124592964095,0.03292491352390048
25-CC-2,0.00833693774276187,0.006907982943533985,0.006096082749185708,0.003911502566671943,0.020392738253873777
25-CC-3,0.011341338936810988,0.010616836483902686,0.009376025730059575,0.008216175871558429,0.03416797829384377
40-CC-2,0.04479408728536841,0.04390552621846286,0.035158795226174225,0.021960760563633552,0.09460267126427335
40-CC-3,0.04680046275500802,0.04642501341795031,0.03745091128643653,0.026183085835953634,0.09986798202819669
