,RMSE,MAPE,MAE,MedAE,MAX
0-CC-1,0.01945431995999621,0.019659937020597658,0.016644278108148905,0.017552033295745895,0.04286372417619244
0-CC-3,0.017691516619498294,0.017375263120495366,0.01470665396807909,0.015242881588212742,0.03354285533234069
10-CC-2,0.01136099538716137,0.009995906574000393,0.00817162126971951,0.004926190025070332,0.024632767442265724
10-CC-3,0.011674458449992497,0.010121220015031096,0.008496964887328455,0.006614640523722293,0.05996472393000485
25-CC-2,0.009947787162217135,0.010467982483623009,0.009331386943358912,0.01055097626254553,0.016412023857031777
25-CC-3,0.006366961511844705,0.006237064661448484,0.005628864753033646,0.006663229283498939,0.015085932811970237
40-CC-2,0.03999053530366085,0.04591411256255299,0.03771289292913419,0.035567758991569776,0.06603664116436359
40-CC-3,0.039895385312468126,0.045352874357566075,0.037384945271666026,0.03602491480566172,0.06565026676482999
