,RMSE,MAPE,MAE,MedAE,MAX
0-CC-1,0.014747698371577488,0.013162485818707461,0.011955766594541397,0.009940263403242333,0.03808485207679224
0-CC-3,0.013323474620930868,0.011331423984724297,0.010380400347260902,0.007912616018846186,0.03716723976566383
10-CC-2,0.011920304095836253,0.01207508009240938,0.010110783344461943,0.009738013031921122,0.019789117832743286
10-CC-3,0.012318584863875243,0.012027518721512446,0.010205183975630945,0.00844723487908805,0.02404872471788788
25-CC-2,0.0029319402089345355,0.0023629323440117495,0.002119433869878214,0.001530748954939265,0.01058527765912165
25-CC-3,0.003418339129803861,0.0031177999846767317,0.00275723320074118,0.00207254626476272,0.010536196926267505
40-CC-2,0.00800848021717487,0.00821490652117522,0.0068117420499653235,0.006767702899106776,0.017961918874324523
40-CC-3,0.00813188868726811,0.00845167979555767,0.007071548401703634,0.0074190487900200885,0.02469803572644702
