,RMSE,MAPE,MAE,MedAE,MAX
0-CC-1,0.05626861602775782,0.054475818856774355,0.04648196629930479,0.03981102304613393,0.12453424686601178
0-CC-3,0.05488217644186643,0.05427716803116277,0.04699658325699652,0.04392111853223818,0.1024343209962506
10-CC-2,0.037802646234153886,0.03092320530481082,0.025212632499304208,0.009004641862496388,0.08866765580163805
10-CC-3,0.031206437979358636,0.02378333739531287,0.019746558383331905,0.008952985434538097,0.07915130375156276
25-CC-2,0.012360783183885704,0.00989513537040983,0.008634966397605236,0.004381816590391607,0.03354950945489199
25-CC-3,0.009089180240699544,0.008817426207639013,0.007865291206702598,0.00808032205167819,0.023769051915525363
40-CC-2,0.051102110455574494,0.051460146274699844,0.04132632864176284,0.03212290404121526,0.09823441462093707
40-CC-3,0.04802598044818961,0.048055848763132715,0.03882069523373394,0.03029887198420045,0.09618673956222379
