,RMSE,MAPE,MAE,MedAE,MAX
field_data,0.11178849791351667,0.09910670286801182,0.09248912474369053,0.07778323915192298,0.33427777595807207
