,RMSE,MAPE,MAE,MedAE,MAX
0-CC-1,0.014545151121746999,0.01286435131070698,0.011588864890364583,0.010879985894410027,0.03790085253837061
0-CC-3,0.013664141857167933,0.011838817533071424,0.01070596301566355,0.009288981766305882,0.03698467073871681
10-CC-2,0.014469328682801387,0.014647899717297531,0.012337760304847737,0.012051279135318338,0.026438831646843908
10-CC-3,0.015379342605950988,0.014884767776655879,0.012644315845461933,0.011749318855353075,0.030720391816886905
25-CC-2,0.006891705342423562,0.006765558568634531,0.005988851975235271,0.0049603418978931835,0.015189080816928047
25-CC-3,0.006922250227869366,0.0069850050515574405,0.006218766114854564,0.006192171611707709,0.013696792820127368
40-CC-2,0.003795357922504667,0.0035263900152616265,0.0028977054333678984,0.0023053108482655738,0.012821971936763488
40-CC-3,0.003998747820024709,0.003690700599962745,0.0030241132485898685,0.0023418028677542058,0.016994075784583007
