,RMSE,MAPE,MAE,MedAE,MAX
0-CC-1,0.006265189146618389,0.005694779887308978,0.004984605465808163,0.00422656789146042,0.01719111583439681
0-CC-3,0.005557618320365888,0.005148635370858792,0.004538353176134277,0.0037390661122396196,0.01682143269016334
10-CC-2,0.023956625033102998,0.027220554047538606,0.023641012607891886,0.024250294905623804,0.038643205153223725
10-CC-3,0.024732745775958666,0.027733664194361348,0.02429272138408492,0.024782691412731095,0.043021632434426915
25-CC-2,0.02194624766639992,0.02372722517612982,0.021442845929240027,0.022672541042725924,0.03235000784674735
25-CC-3,0.022616670219094658,0.022483845707173565,0.02059373802479739,0.023968487848671616,0.0323286683351115
40-CC-2,0.012253100222707055,0.011034885128063974,0.009567622866576996,0.007981419622577257,0.0280206727446789
40-CC-3,0.012388677295094604,0.011833736503274378,0.010229351164439012,0.009185014272019343,0.02637961881129136
