,RMSE,MAPE,MAE,MedAE,MAX
0-CC-1,0.08738276249721548,0.09506323542599238,0.08408448363362067,0.08215023209124817,0.1428906762138673
0-CC-3,0.04936736910112333,0.050284774393020114,0.044505063189355355,0.043882796717395256,0.11533894675965928
10-CC-2,0.02075673387756107,0.018588299734077655,0.015511407649547913,0.011292497359478126,0.06853541459142365
10-CC-3,0.023236762394578357,0.019101495878832444,0.0165876740729694,0.014020885048690479,0.17542153189443122
25-CC-2,0.016029256773129948,0.01424641443648554,0.01271872458190054,0.01053529607929532,0.05429799655599188
25-CC-3,0.02111865693468004,0.017365195806269124,0.015500131147037155,0.012618835625593405,0.10980151913597958
40-CC-2,0.04428083243791362,0.051164084977734454,0.04228202211588304,0.03951193013218851,0.0670375460463345
40-CC-3,0.04343640837993532,0.049006880999885656,0.040448636595617704,0.03808844662236277,0.06988731805150761
