,RMSE,MAPE,MAE,MedAE,MAX
0-CC-1,0.05987932011838182,0.05755352370151867,0.04877988514900075,0.032224567678025784,0.15783357376267926
0-CC-3,0.055958892618015905,0.05385587637767859,0.04563709732018681,0.03135422369335106,0.12588067243113787
10-CC-2,0.04005648839162416,0.04126705237162539,0.03514703046737694,0.031546743665808674,0.09623553833947984
10-CC-3,0.04043427762162269,0.042476662629600224,0.03699585246790426,0.03534555827084129,0.08443930862674587
25-CC-2,0.006071295377975062,0.005341371740178955,0.004711730072091118,0.0033480674106254327,0.01835986789256372
25-CC-3,0.00963716477827965,0.010315119361140244,0.009063215671306649,0.009199504987356555,0.01881229599403811
40-CC-2,0.029511145281140117,0.028759068502736945,0.023054770602726454,0.011959467974898774,0.0673370867733537
40-CC-3,0.02995016298709436,0.02909905987833701,0.023518145508193134,0.013963563215340757,0.06766136227202202
