,RMSE,MAPE,MAE,MedAE,MAX
0-CC-1,0.020967869489950348,0.01564282484880024,0.01391355519259237,0.010866634318440815,0.13005617737398445
0-CC-3,0.019108042981290013,0.013752415599073382,0.01240410053003459,0.00886177356600154,0.1416086181476086
10-CC-2,0.05986273542080096,0.06557605538680886,0.056187282503032114,0.06301982029522019,0.091085290209441
10-CC-3,0.05169745166127622,0.05563303487300079,0.048053191536651274,0.05316687563626055,0.08021162509407587
25-CC-2,0.039717919814014825,0.039730865028059704,0.03467706851598304,0.02959894651055983,0.12374861260982528
25-CC-3,0.024133543572787314,0.024980346097611787,0.02176642258456345,0.01986469161179838,0.052460554042582985
40-CC-2,0.01475780593437048,0.015293106451135819,0.013108689192219657,0.014138294631047932,0.0246975111831349
40-CC-3,0.020715920149656345,0.02245746334682193,0.019213635216147013,0.020419896098957002,0.03293649793571196
