,RMSE,MAPE,MAE,MedAE,MAX
0-CC-1,0.07000488050246016,0.07116945574138037,0.06024972059826809,0.060457216913975986,0.1286676501672508
0-CC-3,0.0670998766340484,0.0668838216981059,0.05667078798417321,0.056953014749800634,0.11655430371567199
10-CC-2,0.060419319709274506,0.059587380034499864,0.04933050164586734,0.0404502593263929,0.11246763263032689
10-CC-3,0.05375529777229476,0.05201023521739013,0.0437830455089041,0.035507960500790414,0.10648391330410245
25-CC-2,0.021861954297706813,0.020605288567485648,0.017890856075076657,0.013600642591265477,0.0719044762551464
25-CC-3,0.03268136378630722,0.02998669540403167,0.025410173052888722,0.016754603196822315,0.08163114576024588
40-CC-2,0.0025511314958778135,0.0021209658996618015,0.0017353890258508082,0.0012249117317556513,0.011082469983638488
40-CC-3,0.003746149128871777,0.0030851450941336267,0.0024798708668728802,0.0009890293453193033,0.011676670928973398
