,RMSE,MAPE,MAE,MedAE,MAX
0-CC-1,0.030057301278804797,0.02511982469028094,0.020863203335371342,0.008925593584854452,0.08948312129826452
0-CC-3,0.029192050768206326,0.02416127106819257,0.020160032487629573,0.008499269286638855,0.07045782992854388
10-CC-2,0.014221378360228661,0.013994726451525786,0.01211252284792936,0.011532036069432317,0.028100515222414413
10-CC-3,0.016357362137459704,0.01607681722116913,0.014148707182528197,0.014966250809520187,0.08051461730921627
25-CC-2,0.03610733586881696,0.03149702876278998,0.02710245035538998,0.01913595784440869,0.08254086547537509
25-CC-3,0.03912196051210037,0.03279158051232116,0.027414256747836013,0.01573341413714291,0.08714683454814387
40-CC-2,0.08390906674555847,0.09229798473422805,0.07504630996121175,0.07287369256819803,0.1379500623183858
40-CC-3,0.08011669304975264,0.08776484787645489,0.07175300710432224,0.07267132306966217,0.13492922222442472
