,RMSE,MAPE,MAE,MedAE,MAX
0-CC-1,0.013897639259292494,0.012459283079238477,0.011200888997477182,0.011077591760998429,0.03650002417685938
0-CC-3,0.012955455263437065,0.011392362934858017,0.010280480468514848,0.009135142178140598,0.0347590929074485
10-CC-2,0.014459505712673524,0.014937196592048762,0.012610184095594034,0.01216426610019783,0.026321946938439367
10-CC-3,0.015280560452462776,0.015112218813355893,0.012861251068658075,0.011008790865681406,0.030490079469474796
25-CC-2,0.007610539860162909,0.007772119207491905,0.006930752321755265,0.006445102601503272,0.01531464274207206
25-CC-3,0.008343900307093394,0.008448908063827913,0.007584580118407484,0.0076064836315190565,0.014418362644273208
40-CC-2,0.004133416511991477,0.0038171905368034297,0.003166454221559228,0.0024170700989497584,0.012874424024165831
40-CC-3,0.004314742058735467,0.004147439258333015,0.003438555884321369,0.002693651266546082,0.01777561188687793
