,RMSE,MAPE,MAE,MedAE,MAX
field_data,0.03206419026513306,0.02647083016857901,0.024873700805871903,0.019506044433494685,0.07325375611449259
