,RMSE,MAPE,MAE,MedAE,MAX
0-CC-1,0.011842230826489563,0.01180698217664008,0.01056367039612188,0.01032013485634109,0.034795401040816465
0-CC-3,0.014390099761315266,0.014113104324524823,0.01280910563747533,0.012754882597570627,0.02994225881027346
10-CC-2,0.009551569084614976,0.010245415621275566,0.00898825921902283,0.009305454718830153,0.02001170808127506
10-CC-3,0.009088922027054955,0.00878247290418928,0.007788268850971217,0.007443225207167892,0.04802650962794186
25-CC-2,0.005067768805780522,0.004792870266517337,0.004182889467903097,0.003432146894748578,0.012599519379622448
25-CC-3,0.004806279640493066,0.00494221860697389,0.00436920521209198,0.00437316445070568,0.019150820248178935
40-CC-2,0.007940131312856005,0.00675626731601343,0.005401006640138901,0.0027252736927145804,0.02451288656765338
40-CC-3,0.008688691823822335,0.007394986203172586,0.005918060377311447,0.00216137662519722,0.024075669406126377
