,RMSE,MAPE,MAE,MedAE,MAX
0-CC-1,0.03238120597450595,0.034567338460461824,0.030880915805260534,0.028109814224167917,0.05890868840339136
0-CC-3,0.032991606498240456,0.03536570998198799,0.03168298155219706,0.028676990285530612,0.05990206060840675
10-CC-2,0.010382350631050887,0.009737951161076668,0.00874242312249468,0.007588165679317527,0.026113967774170965
10-CC-3,0.011748675044789316,0.010842041291421757,0.009866419727299257,0.008582159877355333,0.030290649838475736
25-CC-2,0.003933169072081984,0.003310658364044404,0.0030369707762766375,0.002701885876533916,0.01442169591905429
25-CC-3,0.004178728957127468,0.003961269201057379,0.0035238514470958557,0.0033666293560815075,0.009272214969868187
40-CC-2,0.00846268232461046,0.008977268136244866,0.007479778014183682,0.007589137662106005,0.020388781590999328
40-CC-3,0.009218969806559502,0.010142363155910166,0.008524737274841498,0.008667157537821102,0.027042882451910888
