,RMSE,MAPE,MAE,MedAE,MAX
0-CC-1,0.09738142077110855,0.10696014654951559,0.09443988955375449,0.09315055322257959,0.1495408856407472
0-CC-3,0.05902836885396564,0.061885361049881314,0.05479580515342245,0.05554701401059431,0.12164678710694932
10-CC-2,0.020323994416379002,0.019906904226457592,0.01714196805083736,0.01576066017150879,0.06166562165319123
10-CC-3,0.026755459396920936,0.023402091946963296,0.020856922517085003,0.019516445433861607,0.18473678419850836
25-CC-2,0.02034564724269076,0.019295562521919017,0.01751274295004915,0.017290108259072512,0.04831431694649302
25-CC-3,0.02516945143403867,0.023064146999107655,0.020956270096745073,0.020803396791357343,0.09372978232338802
40-CC-2,0.05433043186931387,0.06313117328724703,0.052265995399399766,0.04769671714350432,0.08112588926209918
40-CC-3,0.053281299496707055,0.06087928828351777,0.050414445621858164,0.04559778964265848,0.08181832019155277
