,RMSE,MAPE,MAE,MedAE,MAX
field_data,0.038013873960990166,0.03588556400792133,0.03287272912793846,0.03426735198728137,0.08340703404555205
