,RMSE,MAPE,MAE,MedAE,MAX
0-CC-1,0.07699925010030387,0.0739666395767043,0.06296238186090505,0.048402955788724944,0.1750744556825401
0-CC-3,0.07147263311923355,0.06994520255786964,0.06029863540936414,0.05357194898658035,0.14113627250000427
10-CC-2,0.05777684043247827,0.05212645451223016,0.04319665894036895,0.022767132301168447,0.13369902453409044
10-CC-3,0.04898245110317494,0.041460803330590656,0.034830883484883605,0.019977618329720226,0.12155553816089504
25-CC-2,0.01579583794028407,0.014431622038271898,0.012703002749643899,0.011165217503039948,0.06911181190875992
25-CC-3,0.028350805999464195,0.02537935279686528,0.0216267257670206,0.015297433973629038,0.08157255439443167
40-CC-2,0.003867358841918573,0.003911817858502413,0.003285540124527256,0.0030374832789413775,0.010871827169002257
40-CC-3,0.004759817068841881,0.004342180457698105,0.0035527259800519776,0.002425408027887155,0.013626379130552646
