,RMSE,MAPE,MAE,MedAE,MAX
0-CC-1,0.011475240249541753,0.012032788805195689,0.010369796772364112,0.009693328614587271,0.03209733719041363
0-CC-3,0.009400563202226622,0.009686795676201588,0.00835655802581274,0.007474159584637596,0.021149082730259394
10-CC-2,0.008853085189069305,0.008927502425741023,0.007514902406916105,0.007021113328028794,0.019502089360215802
10-CC-3,0.008017665182538807,0.007431654023022423,0.006424162934864337,0.005031297092201181,0.04801923786127926
25-CC-2,0.0057305195165795976,0.005398614026794418,0.0047828222835933284,0.003623056781923484,0.011277230218426082
25-CC-3,0.005801467753327575,0.005579971518064602,0.005052231164145133,0.004595991866591764,0.012399611076588157
40-CC-2,0.026192937253113686,0.029741076877958236,0.02439348843734535,0.024461295212043377,0.048637747331203185
40-CC-3,0.02775093059757324,0.031171001328510396,0.02564667424021226,0.02622790330881608,0.04975925123519742
