,RMSE,MAPE,MAE,MedAE,MAX
0-CC-1,0.019387664399624808,0.01871617955763168,0.015857191578570917,0.01304007986696748,0.0595772838037254
0-CC-3,0.02932193954122503,0.031479128264995264,0.027193527196090212,0.02422392532566786,0.05769376332565734
10-CC-2,0.008581211758509538,0.008435976822632382,0.0072732697519407126,0.007319989145844752,0.026353561865565034
10-CC-3,0.006042185974211057,0.005564992173270121,0.00500044066485979,0.00494246789648678,0.020922647423772367
25-CC-2,0.00877330088346765,0.008624461136733503,0.007628147353885678,0.008699871640937995,0.01906408275646576
25-CC-3,0.00649575059147946,0.005961539908664208,0.0054179920298235585,0.004826028185884956,0.014163254764634536
40-CC-2,0.017128931855301285,0.017904451611782994,0.015085917012618348,0.01722278657259463,0.02701252438458901
40-CC-3,0.0184727083187096,0.019606427141711204,0.0165753046709282,0.01803609433858122,0.02749534284896693
