,RMSE,MAPE,MAE,MedAE,MAX
0-CC-1,0.0834932621129582,0.09136307194604304,0.0792257043932849,0.0834963781350953,0.15258631090188324
0-CC-3,0.07399363246668089,0.08067725952352772,0.07001580225814696,0.07573705238670103,0.1307533727288661
10-CC-2,0.08735917758283236,0.09713255314345597,0.083244059787241,0.09499980389050189,0.12415587771463399
10-CC-3,0.07483262541539518,0.08132790983343968,0.07033093387634579,0.07951899064282908,0.10735338116338933
25-CC-2,0.0484271724543467,0.04859759820278213,0.04242577320871982,0.034976777176800644,0.136670363155327
25-CC-3,0.027875795440883745,0.02610680797744178,0.022415005823830714,0.01663171210959835,0.07004897868547622
40-CC-2,0.009157214688766768,0.008616008071876197,0.007038223983745585,0.005585012698151481,0.034710716149662924
40-CC-3,0.009440813358622627,0.008978822625242099,0.007341337803985259,0.0059666879388184935,0.0290146330242379
