,RMSE,MAPE,MAE,MedAE,MAX
0-CC-1,0.006116748515307444,0.005431796169036301,0.004886140104868652,0.004093399370086126,0.019605805575246382
0-CC-3,0.006584090294651255,0.005676870720515835,0.005132859707358013,0.00413215961280633,0.023213980150052937
10-CC-2,0.02340410544434775,0.02587182109094242,0.02208139863131823,0.025016780867764377,0.032300615298029633
10-CC-3,0.020446580417214404,0.021877262654706603,0.018806926017936588,0.021035156384251352,0.03251980925253117
25-CC-2,0.021491612969551252,0.02363737879778784,0.021043660395530073,0.022319645541825917,0.029440168693457558
25-CC-3,0.020149331770205343,0.021693533652309027,0.019482323565984908,0.021486276373478774,0.029389586918405985
40-CC-2,0.011821094760801674,0.012419465391046033,0.010581785851946423,0.0096109368699967,0.02509790513603538
40-CC-3,0.010907002329971419,0.011441695482115823,0.009825678567973731,0.008840694579672292,0.02105678309294645
