,RMSE,MAPE,MAE,MedAE,MAX
field_data,0.04626290598249338,0.04021279269295963,0.03790784194400567,0.030122922517241912,0.1114085921651895
