,RMSE,MAPE,MAE,MedAE,MAX
0-CC-1,0.014826140108664131,0.012899045225029222,0.011775069054912267,0.008894292142617222,0.03882818160178614
0-CC-3,0.013615165926409453,0.011280131275338364,0.010392301739346277,0.007299476834177865,0.0384940987630088
10-CC-2,0.012394199911920754,0.01265933764218374,0.010611706826002347,0.01078348016755748,0.020556508858605382
10-CC-3,0.012839858778105447,0.012615935339206156,0.010712520976205288,0.009329523024081576,0.02488295132616425
25-CC-2,0.003777364348420286,0.0036933056572586585,0.003306588275940865,0.003001846107072381,0.012151389700595039
25-CC-3,0.004819147663395223,0.004601283318666188,0.004120336741590751,0.004220137683150826,0.012107077339322925
40-CC-2,0.007121353841126514,0.007242999459343843,0.005987611657349422,0.0057232969908751485,0.01589399532848712
40-CC-3,0.007029861186510605,0.006992918676742217,0.005825298658886255,0.006083309650421143,0.02315701724042407
