,RMSE,MAPE,MAE,MedAE,MAX
0-CC-1,0.010100954830060101,0.008621850514365323,0.007861229539561318,0.006052267906667075,0.029814290381693365
0-CC-3,0.008782089925056212,0.0068994596880025925,0.006382281481723146,0.00415929443870422,0.029039550404091563
10-CC-2,0.016006579888367577,0.01766261575699472,0.015018720262278941,0.016251561984638285,0.026518189894434663
10-CC-3,0.01617089560861434,0.0173534050040953,0.01490526009828986,0.015272488315127064,0.03034968495517887
25-CC-2,0.01121353370817527,0.011719274572427161,0.010569177944164653,0.011277969421698009,0.021211330249701454
25-CC-3,0.012207438101324523,0.012181282551316891,0.011070882213853734,0.012562593845331427,0.02066821167770183
40-CC-2,0.009265479576380138,0.00922867351324586,0.007636804336078824,0.006979861096982232,0.024649798436702453
40-CC-3,0.008573983698258573,0.008708250191215464,0.007267171506846184,0.00741850663495125,0.02291275797438408
