,RMSE,MAPE,MAE,MedAE,MAX
0-CC-1,0.17446537125534003,0.16327161119385092,0.13654270007810343,0.10640163935518138,0.35077969159932043
0-CC-3,0.17752568701268595,0.16662193013646764,0.14025480541678514,0.11707594375940517,0.33023701484009216
10-CC-2,0.07555459931244977,0.06150216836096707,0.05033231864957007,0.024531704339359583,0.20141490778909532
10-CC-3,0.0737293735419568,0.05702291513323632,0.047962995153635245,0.028925025207792554,0.19592812774906032
25-CC-2,0.026911176643176854,0.02176674513017781,0.018693606168948638,0.010265599776511758,0.0691087790145748
25-CC-3,0.01631603040290242,0.013216631768407542,0.011135977274356156,0.005365256632730353,0.04300778890302415
40-CC-2,0.06876051858912449,0.07743773712107953,0.0633036712232439,0.059588346340432474,0.11854356199632765
40-CC-3,0.06553816201778094,0.07270986429915888,0.059823510710194115,0.0546126654299498,0.11496956883024956
