,RMSE,MAPE,MAE,MedAE,MAX
0-CC-1,0.004791473142979692,0.0034369386295836587,0.003120958156542873,0.002147963541965836,0.019855925395426133
0-CC-3,0.003963332207446909,0.0026559097087811346,0.002423850519342333,0.0015373221450835084,0.01605570875333795
10-CC-2,0.036065968861362284,0.03953114323415632,0.033725583596768,0.040034135278195215,0.04603364382516495
10-CC-3,0.03204600881231062,0.03426374192770567,0.02954236559448604,0.035829032584426435,0.045140160323678624
25-CC-2,0.05117574082124536,0.05352090292776483,0.04697038785068084,0.047381420175194255,0.07735879269923163
25-CC-3,0.05130990747986597,0.05398398899187301,0.04680254543898892,0.046153748224533886,0.0816855589705987
40-CC-2,0.07779708722368436,0.08922454811046276,0.07325072784353347,0.07433841485612808,0.11643731550747272
40-CC-3,0.07397094067814694,0.08417027598254498,0.06939342492115191,0.07119833094335704,0.1128057066184982
