,RMSE,MAPE,MAE,MedAE,MAX
0-CC-1,0.0054884539298468964,0.004985523356106192,0.004406463086700758,0.0038108114297294438,0.016596079690290755
0-CC-3,0.0038296151831097172,0.0033075050078817327,0.002953932941554663,0.002356718554346493,0.015610087494393077
10-CC-2,0.03919821869245623,0.044704177511483874,0.03863893459993122,0.04077545552313544,0.0484009027354686
10-CC-3,0.037676701528417914,0.04229682914222635,0.03697580426581164,0.039502814983908785,0.05249537348896183
25-CC-2,0.05176203960133774,0.05734610879868485,0.051335240725595664,0.053802361583721314,0.06113949356717219
25-CC-3,0.056684731281987255,0.062447572090918606,0.055966616712474916,0.060329777616194735,0.07208674868034792
40-CC-2,0.05383971843160157,0.06383388760366558,0.05341193106734635,0.05332936929504295,0.07315104303403486
40-CC-3,0.05476588643567784,0.06452745623301925,0.05422023005194149,0.05258639843897572,0.0743031078393438
