,RMSE,MAPE,MAE,MedAE,MAX
0-CC-1,0.034588473427240314,0.037075644053042665,0.031704335202220865,0.033408618366829734,0.06409942859818951
0-CC-3,0.03298410165053495,0.03483405120235007,0.029817637526223902,0.031615304981018055,0.05447010571762512
10-CC-2,0.020092397293053798,0.02110335098661829,0.017710696575530156,0.015349557784731682,0.03823114991525767
10-CC-3,0.023814325021302957,0.025523173619345103,0.022026772140910113,0.02060474141376395,0.08500707899058224
25-CC-2,0.006868845463907136,0.007238317433893499,0.006420982592517001,0.0063346940823584275,0.013516191795264199
25-CC-3,0.009371549967767373,0.009674225307855533,0.008702785523290802,0.010239650446826842,0.021939959995798564
40-CC-2,0.029846907664116608,0.03375836537620922,0.027648287459126904,0.022682200209751147,0.0549652572112691
40-CC-3,0.02905808048337558,0.03259297692360128,0.026802720745285624,0.022866396414718215,0.05275247728652799
