,RMSE,MAPE,MAE,MedAE,MAX
0-CC-1,0.04611512649559403,0.0521399557202819,0.045668733222449666,0.04593891764526592,0.07282232994248883
0-CC-3,0.042824693684503604,0.04820238137424128,0.04222032100682968,0.04254394933918715,0.05842535073563049
10-CC-2,0.007411402593331831,0.0052459012517158095,0.004808307600444843,0.002387445161316948,0.02537656740831351
10-CC-3,0.012420722221250725,0.010408848824509608,0.009514557436113943,0.006390449215892269,0.07594818626368405
25-CC-2,0.022387179134064614,0.022874599861241504,0.02005567280941939,0.01920351970926165,0.03750700773567128
25-CC-3,0.023889577660855713,0.02472622808015905,0.02147656425878805,0.021314682436318844,0.06156751202826927
40-CC-2,0.03909974612682719,0.04463646830965622,0.03660204844822243,0.03573811368228902,0.06488352970653888
40-CC-3,0.036238724957064726,0.040763658040285006,0.0336233918493175,0.03330758120143418,0.06229646740507866
