,RMSE,MAPE,MAE,MedAE,MAX
0-CC-1,0.06351472689198573,0.06937896627208394,0.06132599510202535,0.05973727061904599,0.12145534782000422
0-CC-3,0.04598036080250292,0.04730268830304141,0.04212248240225491,0.03933433423596766,0.19006803172822617
10-CC-2,0.023378199163890813,0.02243610393830292,0.019461835948331854,0.017236568283583886,0.05644748675610456
10-CC-3,0.024648386983581027,0.022361219174642875,0.020031418263997746,0.01777531909831992,0.07192420802243205
25-CC-2,0.015224993513705739,0.011852880815821762,0.010521746833323409,0.005751584819742694,0.04094528900285199
25-CC-3,0.013037134941763303,0.009525503109153724,0.008625218529442149,0.005753012628977983,0.06939274350715208
40-CC-2,0.06661833787270495,0.07547533237192539,0.06261898267492796,0.06710332183961842,0.09409586678898185
40-CC-3,0.0637317819347935,0.07035438402512736,0.05813917512057275,0.0690742834758169,0.09106095094098232
