,RMSE,MAPE,MAE,MedAE,MAX
0-CC-1,0.047102086487784744,0.05323880540850649,0.046753759773112274,0.04602672330353341,0.06621319434849593
0-CC-3,0.05401215428292398,0.060970613689150015,0.053771315733251564,0.05312170132743688,0.07114504633380958
10-CC-2,0.027725319320021296,0.029838187063806962,0.02561823589773114,0.022373596027053744,0.045328419087189764
10-CC-3,0.029856943444513416,0.03243595754660409,0.028419991331275526,0.024788506978242753,0.04778919868036913
25-CC-2,0.013753723939787672,0.008751781447386942,0.008048555759580397,0.0031869279580071797,0.04899262830735995
25-CC-3,0.01849873275455857,0.016508003612393726,0.014865835710791217,0.013236980413156685,0.049567580223083496
40-CC-2,0.012650508210546951,0.012768565546406714,0.010648293505792428,0.009908810719404582,0.0431971549987793
40-CC-3,0.006755778931537575,0.005298949791236587,0.004569142482371645,0.003859496738457424,0.04646784067153931
