,RMSE,MAPE,MAE,MedAE,MAX
0-CC-1,0.003364322327591024,0.0028748024411352213,0.002573484991655449,0.002154740159410584,0.017155813552164556
0-CC-3,0.0028062896210309055,0.002629854868753934,0.002336196830989041,0.002170528507502101,0.0069401299271527606
10-CC-2,0.012752340699482527,0.0137484667976707,0.011698927808498122,0.013386228233153608,0.018050160117595082
10-CC-3,0.010781787522357086,0.010771695382151081,0.009390195379154124,0.01041545110176062,0.054843910083416714
25-CC-2,0.02688982995635324,0.027639922510700885,0.024196952404104393,0.023622907775751045,0.0440959737315737
25-CC-3,0.02793493006031317,0.029211761747287502,0.025280905862551526,0.024586048511129888,0.04943360489192439
40-CC-2,0.05623065065680944,0.06355195474857617,0.05197448337963071,0.05087229153516065,0.09154289917522784
40-CC-3,0.05488041350195977,0.06157973301901278,0.05059477797295915,0.050875983413311454,0.08934215938873136
