,RMSE,MAPE,MAE,MedAE,MAX
0-CC-1,0.007451338173748579,0.0069368245400388655,0.006144307703528177,0.00550488870383925,0.02150142428504631
0-CC-3,0.007108496783050616,0.006526268223539152,0.0058195845672417,0.005026942961098624,0.021676111797829356
10-CC-2,0.022469299838029914,0.02488198957433333,0.021423718681620265,0.02321044326692223,0.03433825968432114
10-CC-3,0.022887543124586806,0.02473990200112012,0.021461691481983063,0.02333050161605421,0.04005761265903629
25-CC-2,0.02333682518974127,0.025023315101712726,0.02244738287585461,0.024989593744884075,0.03325796540061088
25-CC-3,0.023142283711981744,0.022904340647754373,0.020826132777429843,0.025197552767335873,0.03380706595664451
40-CC-2,0.016138627761307065,0.017095170246968678,0.014582950547230338,0.014523096892406717,0.030005513168261944
40-CC-3,0.01654953837376898,0.018131978254691556,0.015451299222921466,0.01579170515483519,0.02672015905913616
