,RMSE,MAPE,MAE,MedAE,MAX
0-CC-1,0.006333628254335209,0.006105331714470486,0.005351025737299579,0.005335334115524171,0.025302765313887754
0-CC-3,0.007100863866148598,0.006647237661581077,0.005969551915907855,0.006843265794077902,0.018090941064122346
10-CC-2,0.005893008453536782,0.0054720462518148515,0.004601432910300531,0.00381327485170313,0.016097412446000714
10-CC-3,0.004915579117285692,0.004526608047595403,0.003933507770938621,0.0037573050605852476,0.020857520446423305
25-CC-2,0.0075799497346594824,0.007940969673087108,0.007076356246854693,0.007482714771190446,0.014619533374701454
25-CC-3,0.0034298546442872425,0.0033573509321548596,0.003009445629913806,0.0031237968046557985,0.011391756138081077
40-CC-2,0.025200898736874967,0.028419960575359508,0.023246937284537344,0.022102758196902605,0.04716718153530475
40-CC-3,0.025695529152748607,0.028689060377266026,0.023553598913570273,0.022831574121238263,0.04649661218948209
