,RMSE,MAPE,MAE,MedAE,MAX
field_data,0.02940629147507372,0.024076200750474615,0.022535902198100966,0.017115549005584096,0.07553407017534153
