,RMSE,MAPE,MAE,MedAE,MAX
0-CC-1,0.040012229415310754,0.045209432555157573,0.03973238090295404,0.0400686507561262,0.05604218182685328
0-CC-3,0.04253660374134135,0.04804792726581231,0.04238613399885262,0.04234734647922189,0.054558027367134776
10-CC-2,0.003008189712990154,0.002513439947618741,0.0022528892351942787,0.0018285132019021377,0.010945002911347479
10-CC-3,0.005308488108088439,0.004756123787519762,0.0043232431035785815,0.004015113371047929,0.02280018376214754
25-CC-2,0.01667716799017158,0.017002407856385453,0.015502632600880039,0.017026505623413735,0.028274719074164345
25-CC-3,0.02866925920862725,0.028603678958346434,0.02619748662581351,0.030183077187484975,0.040456430873700655
40-CC-2,0.015005684366553407,0.015339206765995482,0.012969853159555065,0.013005762381592456,0.029922237968879828
40-CC-3,0.015375734280900798,0.01624914676074834,0.013679912660714845,0.014128751856101962,0.030771511178729782
