,RMSE,MAPE,MAE,MedAE,MAX
0-CC-1,0.05611266661037634,0.06048505215607165,0.05182461915173476,0.049544734465579665,0.10824227089097516
0-CC-3,0.053825273865313994,0.056023789174076466,0.04783956514884184,0.046774916612471684,0.09303901965424011
10-CC-2,0.013968453805212569,0.014282481221565287,0.012264912584595132,0.014366454510783222,0.032207652867346837
10-CC-3,0.011662407941218214,0.011002445030759788,0.009445008627726237,0.00794304115483313,0.02436999183200672
25-CC-2,0.011200610508607689,0.009462502151263603,0.008184284969129893,0.004355073913585583,0.026668637377444404
25-CC-3,0.004990943204440731,0.0042008809887499835,0.0037456810587794473,0.002792622861074623,0.02772399472480247
40-CC-2,0.0089595852580737,0.009251418107200853,0.007641517510622188,0.0075117103495085935,0.02083188252025958
40-CC-3,0.009148641143091675,0.009262661107812847,0.007714866560316612,0.007984271520772968,0.01957688963241422
