,RMSE,MAPE,MAE,MedAE,MAX
0-CC-1,0.20013611589220429,0.2032366725553929,0.1727270197195445,0.20320159900020102,0.294733641092086
0-CC-3,0.21799458714252815,0.21904922592510284,0.1854684847541528,0.2257556959484474,0.31226219127192767
10-CC-2,0.2080901232408497,0.19378316009606655,0.15943989955529742,0.1161031926657593,0.35253609776834605
10-CC-3,0.17991271053564045,0.16014619766342972,0.13338802872216557,0.07977334994323426,0.34190431354770534
25-CC-2,0.0726568288016324,0.054036515305926104,0.04592557185588734,0.021680756721872363,0.27230888184901847
25-CC-3,0.10052449867197646,0.07765777813308002,0.0644257192262315,0.026431810891451635,0.2669607618300396
40-CC-2,0.006412777214612892,0.005758478532074802,0.005014689692019234,0.004616502749477169,0.017480489715576475
40-CC-3,0.009823644273462715,0.0107038761239568,0.008951127241204001,0.009191872252121924,0.018127483485411044
