,RMSE,MAPE,MAE,MedAE,MAX
0-CC-1,0.007261528027300798,0.0063614990839152875,0.005688731556746989,0.00505850892667703,0.023107531043163987
0-CC-3,0.006451313181914771,0.005440464258611903,0.00490485589527156,0.003792146166604504,0.023984122852822032
10-CC-2,0.021630016741560884,0.02401475072082303,0.02058588910709343,0.022521986896483215,0.0328948140017955
10-CC-3,0.02222389514351522,0.024040100664530776,0.02078769815800444,0.02282740503427244,0.039773179294168126
25-CC-2,0.01770760222842869,0.01917134292264829,0.017173703225927827,0.01831203629248951,0.028438656908694404
25-CC-3,0.017157310531558997,0.017154404913153825,0.015592184062933195,0.01872495685122244,0.02977282116714275
40-CC-2,0.010396742640686418,0.010032827837629708,0.008518251411939482,0.007666947685707859,0.021801708675311504
40-CC-3,0.010550777634422958,0.010661528201898007,0.009042650075343741,0.008882519259671873,0.02088786898207451
