,RMSE,MAPE,MAE,MedAE,MAX
0-CC-1,0.03179458635729955,0.029744427794691553,0.026170645934298534,0.024080957071990483,0.10882348676963427
0-CC-3,0.030910749567601318,0.029820202985149587,0.026430352427107114,0.024399502010199914,0.09487038607580367
10-CC-2,0.04587468790536795,0.04514965087516008,0.038519633769787585,0.03845508148106058,0.08656702189505316
10-CC-3,0.04426791709156564,0.04218668812030079,0.036224907598744596,0.03213849009710951,0.0919796019265976
25-CC-2,0.019636744866201716,0.01900874020827186,0.01657789967911448,0.012727763517933699,0.043009386571614794
25-CC-3,0.010825929042007826,0.008122004076133178,0.0070331150647302615,0.003935460413858283,0.06704485694480466
40-CC-2,0.031952240277040904,0.03446075676161653,0.028039668144767733,0.034371747642108375,0.045844756968575706
40-CC-3,0.03891554271121226,0.04189025782762289,0.03423093076892249,0.04293110031089964,0.05598493108376301
