,RMSE,MAPE,MAE,MedAE,MAX
0-CC-1,0.026961888786509517,0.02909005797294184,0.0257750592591247,0.026665333558851534,0.048349964000010015
0-CC-3,0.027600617780412846,0.029880465157400123,0.02655517628040955,0.027023773394483808,0.04784833250476905
10-CC-2,0.006948418680000454,0.006238523760849032,0.005368108249387824,0.004091492807681729,0.015093724606293768
10-CC-3,0.007343591026868981,0.00661247066298511,0.005802462800178399,0.004693677554955256,0.019022034115819486
25-CC-2,0.008090955023301531,0.008409438871196993,0.007574505259931822,0.00782749413397571,0.02049385288623795
25-CC-3,0.013990667783459842,0.014815898825747265,0.013336061363338729,0.013810324561919107,0.020785982726146512
40-CC-2,0.005220867082754216,0.004798176181231009,0.004071366368096412,0.0030752002189167182,0.013879000707210265
40-CC-3,0.00591349282366058,0.005845327272305597,0.00485771723933263,0.004214387421270671,0.017677145013708984
