,RMSE,MAPE,MAE,MedAE,MAX
0-CC-1,0.014371764440494064,0.014228694871321761,0.012450035125273907,0.012103110891983515,0.04786727752537634
0-CC-3,0.01309542780814313,0.013047433770241718,0.0113225953882629,0.012247243383894213,0.030564441180374935
10-CC-2,0.02422691965713301,0.025330954866098754,0.022164090709136716,0.023213401428363145,0.038071638869158764
10-CC-3,0.026090332590626583,0.02637243028554251,0.023481535722647124,0.02347138994360909,0.07146365200007321
25-CC-2,0.0339068272576729,0.027527985929634752,0.023793027073870106,0.01696216905622383,0.09177645858317651
25-CC-3,0.04161188273903392,0.03141007436210091,0.02613802407830725,0.013613706434268402,0.10500331323924494
40-CC-2,0.07228648411325352,0.07534870632732601,0.060707722767173455,0.05668017890557442,0.12871026665102125
40-CC-3,0.06782213156377156,0.07028332965860386,0.056937380680062884,0.05624332929524811,0.12477318680114591
