,RMSE,MAPE,MAE,MedAE,MAX
0-CC-1,0.007783903544005043,0.007256386834868862,0.006345738702416868,0.005873354353993054,0.0283585786819458
0-CC-3,0.007800954163848313,0.0073921717080482246,0.006512883717780184,0.005978548462901134,0.024243593215942383
10-CC-2,0.028483152619967304,0.032207674660800246,0.028176972146522126,0.029050391203608528,0.04483183621096298
10-CC-3,0.029469417708746885,0.033106403430765804,0.029206740052711403,0.02934592661422719,0.04460938096195377
25-CC-2,0.02824162971738454,0.03014172579215873,0.027338849194931025,0.02784960487883853,0.04105493761935142
25-CC-3,0.030297863593696347,0.02967352516566289,0.027273152671296617,0.03128900588450473,0.04523682501609938
40-CC-2,0.016301329131122016,0.015225911350466881,0.013258156912332566,0.010285010442332543,0.040426127857136174
40-CC-3,0.016688485092457492,0.016652209658224868,0.01444027947680814,0.011286181659711625,0.03876552360026231
