,RMSE,MAPE,MAE,MedAE,MAX
field_data,0.03052774789235519,0.02610262109052881,0.024300078810930152,0.019949674473623724,0.07477288402120308
