,RMSE,MAPE,MAE,MedAE,MAX
0-CC-1,0.027988940401447827,0.030950554155297166,0.027336284412803773,0.027031775865776875,0.047473120070719244
0-CC-3,0.026603957009358595,0.029479531159437192,0.0261281768757396,0.025654291138186847,0.04493730125858375
10-CC-2,0.004614382107886502,0.004215951731040501,0.003806884656122216,0.003681828247234842,0.01073939518617606
10-CC-3,0.005265754026604153,0.004676248784361606,0.0042758300225423235,0.0038581754423859804,0.019629524655370267
25-CC-2,0.008768466328441617,0.008632183538503244,0.007535963136912666,0.007922961626428637,0.025680649074592443
25-CC-3,0.01111478347583476,0.010158887929413048,0.008637889193570118,0.005927770484709882,0.02534980539554088
40-CC-2,0.019107145870676245,0.020633789164041627,0.01724993556308141,0.018557820128131897,0.029423770684332662
40-CC-3,0.01892079051601202,0.020415287622895354,0.017211991190345277,0.01774718099443795,0.03747935772885791
