,RMSE,MAPE,MAE,MedAE,MAX
field_data,0.037681011169306465,0.03480078887843724,0.03186290452658791,0.03105028778762342,0.08067249866526705
