,RMSE,MAPE,MAE,MedAE,MAX
field_data,0.027666328938699594,0.024912243010516668,0.023245693733393902,0.022303153821368715,0.06428213436335695
