,RMSE,MAPE,MAE,MedAE,MAX
0-CC-1,0.024577046816333752,0.02712121787112154,0.023367250160563093,0.02318140395339552,0.041504499856734434
0-CC-3,0.022032778960156523,0.023764626559631845,0.020433149416893805,0.021231085612079093,0.03336723312362122
10-CC-2,0.013050188266581261,0.014139516111488067,0.011941644413708956,0.01032097482664418,0.02473227772996678
10-CC-3,0.012556415172342128,0.013075510070817137,0.011276068267712764,0.010013776394207308,0.05686122928583981
25-CC-2,0.004660425919930049,0.004857711624768277,0.004319683618282161,0.004876834675661912,0.010621194198523476
25-CC-3,0.004275086640246064,0.0042638983127081115,0.003822970393990217,0.004049706423459254,0.015771743854755882
40-CC-2,0.03068633928575992,0.03383913570298594,0.027558204113318416,0.02291515069079514,0.05903744654232379
40-CC-3,0.031557180083613835,0.034312535292481246,0.028037813983488907,0.02410690306635377,0.060855967162321445
