,RMSE,MAPE,MAE,MedAE,MAX
0-CC-1,0.005686278104554991,0.0048839617833423546,0.004360082186451095,0.0036341469670007065,0.017593252040171148
0-CC-3,0.0037930436357713954,0.0033473807955539383,0.002975812667235546,0.002384225692205977,0.011590777268275176
10-CC-2,0.04497528589757984,0.05065611477373351,0.04353792493183392,0.047309074253266026,0.05766210407440786
10-CC-3,0.03592800411221761,0.03915954417578715,0.03387829375609023,0.03729169934259313,0.04978451045436483
25-CC-2,0.06689269669084442,0.07320775111159943,0.06488886794864213,0.06729755063113241,0.0851854117666816
25-CC-3,0.07087606372630284,0.07850496563520734,0.06903920406779837,0.07152308080949399,0.09392341660743186
40-CC-2,0.08724919016232725,0.10291620437097942,0.08536280410194391,0.08642945881079117,0.11832487539821979
40-CC-3,0.08569179813870234,0.1001886511858285,0.08360909094133608,0.08426575830975236,0.11912121115278984
