,RMSE,MAPE,MAE,MedAE,MAX
0-CC-1,0.0711239051825652,0.07486737111145429,0.06436159742029214,0.07735721316771305,0.10777948752206856
0-CC-3,0.07428629532859536,0.07661179504430807,0.06544402177151762,0.07985889476945812,0.10620760472488189
10-CC-2,0.04954250005613593,0.04638775871149877,0.03832158816294825,0.03973664889592288,0.08352350938759168
10-CC-3,0.04569242283076299,0.041159020611979895,0.03445547374419825,0.02524636525161439,0.1026010588260925
25-CC-2,0.020409421339976898,0.021026012939163827,0.018686777028017347,0.020097276285742705,0.04032408770915641
25-CC-3,0.019870393952938003,0.020674081993684573,0.01816161984571299,0.02026835753373224,0.037587759098286155
40-CC-2,0.07902879007304574,0.09063192479865557,0.07447326192049716,0.0797389697160979,0.11348497824245807
40-CC-3,0.08151768071260758,0.09240212616755653,0.07614944378856403,0.08213846205683228,0.12103460466689908
