,RMSE,MAPE,MAE,MedAE,MAX
0-CC-1,0.025021999922449627,0.020116262343146948,0.018370906648015994,0.013313877798976193,0.11870814224525073
0-CC-3,0.035443448255558674,0.02383924045472474,0.022379808493396804,0.008597572059870662,0.12705142086494337
10-CC-2,0.03658003799029588,0.0367511133248873,0.03245416904861215,0.03256498219836712,0.07189186504102463
10-CC-3,0.039317074999369685,0.03790192684175169,0.03412064036134017,0.032167530183215,0.10453888131277311
25-CC-2,0.04399082741755737,0.043558806456795315,0.03980836762107628,0.039600753120637155,0.10597549576990051
25-CC-3,0.048152448049823646,0.049738431657712426,0.045097966046475,0.04394728909462742,0.08785260580833121
40-CC-2,0.03267886311503253,0.030845262660749564,0.02693546634020204,0.023196911430164224,0.08204962496085833
40-CC-3,0.03943087994938024,0.04134537928650952,0.03544573482856175,0.03521041114934109,0.08280763956644632
