,RMSE,MAPE,MAE,MedAE,MAX
0-CC-1,0.01352910633538251,0.010821000647140516,0.009961597117067117,0.006384214925564846,0.040468036310838396
0-CC-3,0.01266405079293098,0.009737926218416248,0.009045665538853146,0.005678563760021738,0.0384788399739463
10-CC-2,0.014205665775243693,0.01443851558215438,0.012094236449461733,0.012205184416038684,0.02354156907360172
10-CC-3,0.014533562662657417,0.014256880691673747,0.012098757985595458,0.010201121744632113,0.027682581491264346
25-CC-2,0.004082993359252075,0.0037084266673721215,0.0032650470889979003,0.002581685170047976,0.012721448523226875
25-CC-3,0.0036833760875831607,0.0032546626771375645,0.0029005989213452517,0.002323675191432617,0.011809173324735522
40-CC-2,0.005833133842025139,0.005791985459047334,0.0047671597581358735,0.004535033666707711,0.017389952703059874
40-CC-3,0.006212877391206375,0.0064723650936733875,0.0053629570086102495,0.00521908948844485,0.02138598443021289
