,RMSE,MAPE,MAE,MedAE,MAX
0-CC-1,0.03100584660948928,0.03437617470578962,0.030284978536753503,0.030628357225659708,0.059615377404373615
0-CC-3,0.035457121367273414,0.03947805564127806,0.034962179851951804,0.03489382251557471,0.05044935999347755
10-CC-2,0.009057116066445041,0.008881001110891806,0.007515264047450852,0.006494992256248833,0.042441150954216744
10-CC-3,0.010721100227259143,0.010605814445116926,0.009061097749227401,0.009324927872980004,0.034847044478819256
25-CC-2,0.01924725162346217,0.019970217025883596,0.017949266802310477,0.019764890249190092,0.03466432260625718
25-CC-3,0.03792991786025462,0.038556419873397564,0.034463164303484936,0.03907102593867806,0.07567280838790691
40-CC-2,0.005131999795622475,0.005243334792787102,0.004439025382047746,0.004262465418262085,0.02018534991829246
40-CC-3,0.012033366055988832,0.011736178106349263,0.010151904757965189,0.009181067918209329,0.02448692304595501
