,RMSE,MAPE,MAE,MedAE,MAX
0-CC-1,0.014629874879562355,0.012122222009801205,0.011166437901088046,0.00790433434855925,0.038420023890606614
0-CC-3,0.013633135718033646,0.010559145823875328,0.009844726816471876,0.006499554436609212,0.039482224564095225
10-CC-2,0.014738686225187281,0.01515448317779071,0.01271799965756388,0.01203949285872219,0.024500112985212152
10-CC-3,0.01448369911775055,0.01442870724699663,0.012279457073826546,0.011372201224214229,0.026994177626218807
25-CC-2,0.005376890366160803,0.005200055436970324,0.004640451386388797,0.003959082619532317,0.014596806957644648
25-CC-3,0.004847641421095771,0.004526566973481721,0.0040974213430250055,0.003935091676713298,0.013825002411039233
40-CC-2,0.008725330976137934,0.008412429163181268,0.00685124713949952,0.006165076674643832,0.023511707349361144
40-CC-3,0.009221637547594542,0.009130013702892332,0.00747615480240226,0.007096878314178268,0.02253283796858574
