,RMSE,MAPE,MAE,MedAE,MAX
0-CC-1,0.0350566755756377,0.03460619623355928,0.029783595346148852,0.023865070527526455,0.07650702302223744
0-CC-3,0.040428004128812194,0.03736631402058483,0.03253864969689317,0.030990718049932642,0.09269128552892669
10-CC-2,0.024639636731114054,0.024517039285774866,0.020851775067369658,0.02105069410361926,0.051900261117108326
10-CC-3,0.042832144052228946,0.028244200028224364,0.024802378912403288,0.018315672874450684,0.4371948763278687
25-CC-2,0.03725470179325292,0.0327406242973975,0.028571582476223642,0.022856078531480584,0.07614593657170343
25-CC-3,0.046574052892187856,0.044325562272427836,0.038508388954895195,0.03499027447457359,0.09363856952107397
40-CC-2,0.0172014992909108,0.010889632896019033,0.009657226239877076,0.0046862771625802435,0.0604378526444731
40-CC-3,0.01871867371792346,0.01354913430662293,0.011816500366399479,0.005952040381683621,0.05853383423288794
