,RMSE,MAPE,MAE,MedAE,MAX
0-CC-1,0.03330144169215655,0.032527304628566754,0.028967200003656213,0.027150407026344414,0.0698453211027964
0-CC-3,0.0398707596688516,0.0402369121333562,0.035303817703571196,0.034471785903967156,0.07328237303133822
10-CC-2,0.051847977576631975,0.0529440351620492,0.04607008357865941,0.04603088381607878,0.09153324645909644
10-CC-3,0.056376733176471974,0.058076080208987045,0.05084123460488287,0.05213757239131883,0.14995021377528073
25-CC-2,0.03707709263220364,0.023864083867654415,0.020239596315188114,0.0076138499019047234,0.13620217004919033
25-CC-3,0.05856409794758513,0.04164948459310847,0.034324254406914126,0.013883692044138307,0.15789415043178034
40-CC-2,0.06544247102833108,0.07684325374606985,0.06464864434002217,0.06575000151794064,0.08030251627183937
40-CC-3,0.07107968023993153,0.08361353043901014,0.07037182395355146,0.07164407957884733,0.0841726911828874
