,RMSE,MAPE,MAE,MedAE,MAX
0-CC-1,0.06416897774836314,0.06320269409221116,0.05530258539286575,0.05877644938655713,0.18142211355464333
0-CC-3,0.0756745485090801,0.05767911673448857,0.05387742313573488,0.029109526351102533,0.1905619058854663
10-CC-2,0.04414201107509566,0.03875660162846774,0.03532372509520205,0.026946498053637247,0.131388149073571
10-CC-3,0.050490783807767795,0.04495312724668595,0.041213771445325766,0.03701532003753172,0.16220299428262053
25-CC-2,0.027199701024894527,0.0261251971066462,0.023994935118280762,0.024713224679384305,0.07682354869030006
25-CC-3,0.02605400436216498,0.02378626314440447,0.02155428830850073,0.01819409540457706,0.06414883301603935
40-CC-2,0.010428960694719765,0.010617790346702141,0.0089682790552133,0.009104629048971802,0.023002760451275805
40-CC-3,0.013994481974121032,0.014136068187916732,0.012145446470397657,0.011754537234178852,0.03297198311302374
