,RMSE,MAPE,MAE,MedAE,MAX
0-CC-1,0.006145991178533155,0.005209307638677943,0.004669517276925746,0.0038096438673206334,0.02040641245963526
0-CC-3,0.005248298391331684,0.004277315594331531,0.003891597069049064,0.003197276497772572,0.021034348587532725
10-CC-2,0.02204155741243858,0.02484398780060105,0.021440432158395972,0.0225895215942995,0.0355186104648082
10-CC-3,0.022668752123847374,0.0250631388282644,0.02182372414401839,0.023329499256987463,0.03996141076236881
25-CC-2,0.01983033844733776,0.021221027595860652,0.01912774458676742,0.020952267143360792,0.0305607360152349
25-CC-3,0.020388395375764926,0.020503574077030837,0.0186580455557836,0.02268609483287809,0.03080123970809734
40-CC-2,0.012165922618236706,0.011577904245943859,0.009856602915398392,0.008120799608819729,0.02470284657055255
40-CC-3,0.01163495092358942,0.011198301110753364,0.009600939851809268,0.009114211930032257,0.023000615220783005
