,RMSE,MAPE,MAE,MedAE,MAX
0-CC-1,0.025167670147242836,0.027282940500962943,0.02417729114460595,0.023462951154899436,0.0469815605652566
0-CC-3,0.02432272300444184,0.026417496592101353,0.023492628316067077,0.0225552932951808,0.04289691505863258
10-CC-2,0.004465513373177702,0.004014828615825075,0.00364215868550281,0.0030782298393774443,0.010913857981433628
10-CC-3,0.0057116558523092,0.005277361405548544,0.00480261842323921,0.004591021042263388,0.020306931443242582
25-CC-2,0.005334924749504062,0.004805040547089354,0.004162553775335762,0.003234329044335238,0.026600765975990148
25-CC-3,0.009815479110567987,0.008004752711132357,0.006735193500043015,0.004371600419985244,0.025330677247311417
40-CC-2,0.012792984633634657,0.013387943352995408,0.011107113343003783,0.012225201596251067,0.021068352029316784
40-CC-3,0.012046617204883623,0.012286751046099182,0.010329854309176292,0.009879884211501322,0.02969218970288745
