,RMSE,MAPE,MAE,MedAE,MAX
0-CC-1,0.016056021146245988,0.014760065867758685,0.013355400081569744,0.011539846446652735,0.04009126362922144
0-CC-3,0.015002596138247953,0.013582464553950763,0.01235274795441398,0.009891761937972698,0.04058049974872657
10-CC-2,0.012068816701826992,0.01228766605267078,0.010332366096652256,0.012106083553362734,0.02066051896373844
10-CC-3,0.012757848004332228,0.012552192614050989,0.010692628870300874,0.009875432819037577,0.024792829103263858
25-CC-2,0.004082054988451098,0.0035184121746530328,0.003101991689027685,0.0024770888356172582,0.012823908907595771
25-CC-3,0.004157424686412678,0.003809364265599358,0.0033799066529484993,0.002887932581168151,0.011280301311643481
40-CC-2,0.006138764462310427,0.006216597937359481,0.005118677719667498,0.004574298047069214,0.016654967828334533
40-CC-3,0.006091594255346483,0.006330117897744636,0.005269052855671635,0.005017441458842309,0.01971836567868701
