,RMSE,MAPE,MAE,MedAE,MAX
0-CC-1,0.006786107362567238,0.006241114628332031,0.005474193220368291,0.004820127594739876,0.019093632698059082
0-CC-3,0.0068131043565094595,0.006406870585763037,0.0056724378069785255,0.005143368556487005,0.017496824264526367
10-CC-2,0.02894048230939822,0.033025035264379325,0.028652324659563598,0.02931488694645812,0.044878625857111665
10-CC-3,0.029422719690609375,0.03314503718619158,0.029037595560311085,0.0300834851734727,0.0458113682284943
25-CC-2,0.02740632411253267,0.02983593126175651,0.026899621454697206,0.02799789210406245,0.03944844420233817
25-CC-3,0.02801439001203149,0.02902585344164717,0.02638143041758753,0.03094370959492726,0.03703829335456321
40-CC-2,0.017599444080889974,0.018465523398283286,0.0157476086436798,0.014652046889652381,0.031868271774219914
40-CC-3,0.01792080202370799,0.01917503392799424,0.01639227659770393,0.015902201800312765,0.030206952261608744
