,RMSE,MAPE,MAE,MedAE,MAX
0-CC-1,0.029817082727951943,0.02508410244942469,0.022051432385188162,0.018813379593951796,0.1509161887552768
0-CC-3,0.02728913930739478,0.023816897310003866,0.02126260389613308,0.019869305624006683,0.17459919298433957
10-CC-2,0.05280499071576285,0.055544949527555496,0.04765612346602504,0.055441363924993436,0.09350285460153085
10-CC-3,0.04926922129411836,0.05183668825193325,0.04483280964189076,0.047149684086412735,0.08004874398447503
25-CC-2,0.036035308336614995,0.0325563094234868,0.028172823305312872,0.020866522030287382,0.0915342108359335
25-CC-3,0.02050548969111302,0.0194668748892856,0.016919482539941414,0.014165907968910929,0.06253189126563596
40-CC-2,0.032067618053347416,0.03717075029888099,0.030691003611175372,0.027963699071451464,0.057225748942083765
40-CC-3,0.04735054246953145,0.05419662144880398,0.04483061882358449,0.04053870479620403,0.08493362458994225
