,RMSE,MAPE,MAE,MedAE,MAX
0-CC-1,0.007414307193711958,0.006629361993063314,0.005935366035078343,0.004832155974921704,0.0234148525916259
0-CC-3,0.006815100077486941,0.005891247920182229,0.005313530523452046,0.004341062056236522,0.024291563610573497
10-CC-2,0.022850498691983426,0.025313151426766427,0.021648405248146416,0.02336944219690673,0.03279789684939072
10-CC-3,0.023376644288827082,0.025198911394548246,0.021747344562177487,0.02362351567111609,0.039670003654061925
25-CC-2,0.018281648821709365,0.019894396501042882,0.017782950406432355,0.018996781644545713,0.028634040934268135
25-CC-3,0.017429954485938308,0.01778908344943158,0.01611245352188202,0.018829130488957457,0.030019584396512866
40-CC-2,0.011525421627112864,0.011976664889338932,0.010096925755666945,0.009751423643985957,0.02407103733593341
40-CC-3,0.011821424789630292,0.012652367970224041,0.010668757134173186,0.01065712792802398,0.023268001657245407
