,RMSE,MAPE,MAE,MedAE,MAX
0-CC-1,0.21513054913307553,0.21485947566092511,0.18145659331855368,0.19760378496637687,0.3677589868943931
0-CC-3,0.22117540435602306,0.22166213903621917,0.1872354367539817,0.20331240142330093,0.3588973421813515
10-CC-2,0.17929471723393187,0.17523766841527103,0.14503210399851466,0.13466890702504275,0.3241039165018639
10-CC-3,0.16149673690168892,0.15336225428544634,0.12863091493063214,0.10691027182586366,0.30949756620654933
25-CC-2,0.06145167102614294,0.05831138084752746,0.05065097817970485,0.0384447326638232,0.183761592477528
25-CC-3,0.07984518273549679,0.07618405979002119,0.06485329051043956,0.04574904715887829,0.1857500889746624
40-CC-2,0.0027372342747787257,0.0025599114790680303,0.002164600418562401,0.001931385471729552,0.010137568852757406
40-CC-3,0.005203361905053193,0.005237091833133603,0.004315328127158767,0.004086583300494273,0.026195092404142417
