,RMSE,MAPE,MAE,MedAE,MAX
0-CC-1,0.016290006822562424,0.013502844087944952,0.012420184355782593,0.008410713273889037,0.042128013945841314
0-CC-3,0.015456934566728144,0.012242033574843374,0.011356809906737979,0.007354881089136067,0.04262869415714332
10-CC-2,0.014357122846698352,0.014212161712951839,0.01193223241918864,0.01326884916043991,0.023947774727746007
10-CC-3,0.014572537556208107,0.01399479918850644,0.011928980959759918,0.011427253103885981,0.027569153852256778
25-CC-2,0.004998791153250047,0.0037308633651858577,0.003292826523542129,0.001341075100633582,0.015885578586978144
25-CC-3,0.0034978726636245394,0.0027381858742471514,0.0024825987101821335,0.0018410572775111045,0.013849020004272461
40-CC-2,0.006938362918687147,0.0067539113152674975,0.005596852282658587,0.0044526285802516385,0.0201059575515401
40-CC-3,0.007638955285102932,0.007917227428148337,0.006609316410440268,0.005726886515649343,0.02316661358823291
