,RMSE,MAPE,MAE,MedAE,MAX
0-CC-1,0.03530448263222001,0.038176698439429044,0.032842378524756445,0.029267758379152076,0.06484067196061627
0-CC-3,0.033859974693138395,0.03630570398445318,0.03128304408220357,0.027092725188343825,0.0594448016546576
10-CC-2,0.011936073549240983,0.01086628735409877,0.009104013870936947,0.007044561854266607,0.02852611336992039
10-CC-3,0.009230075438316726,0.007826942311619265,0.006699376676760682,0.0054612145835791215,0.025477105943981893
25-CC-2,0.01233090168202825,0.010408050199576465,0.009167603767856651,0.00648410876943567,0.05309115627674088
25-CC-3,0.021208707189264552,0.01823216461594003,0.01560843962430585,0.010765351496540898,0.04952530317343928
40-CC-2,0.027936157127724105,0.029935914672973064,0.024398497406874085,0.02802708358943229,0.04197234080096757
40-CC-3,0.02511663573674519,0.026879801627671722,0.022113442980570476,0.028039513280891826,0.03723975418357017
