,RMSE,MAPE,MAE,MedAE,MAX
0-CC-1,0.0020622448572947573,0.0016588072397152997,0.0014677348560782656,0.0010794612217143174,0.0113871568215127
0-CC-3,0.002344817433971674,0.0020443780418715903,0.0018400615397999333,0.0016148871742631687,0.010970507681411279
10-CC-2,0.006768659049518893,0.007397095118946511,0.006270834894586956,0.006124420870865066,0.011482688076274172
10-CC-3,0.007050387196247598,0.006711477094909573,0.0057883244743508885,0.005331882567952917,0.047861821994427456
25-CC-2,0.014461079751455939,0.015080214831058932,0.013237197080325683,0.013547190946281762,0.025264363051947236
25-CC-3,0.012464146308185452,0.012454401766945584,0.010707017571002963,0.009754534271946946,0.03068454664531184
40-CC-2,0.043885862639981225,0.04896528480986622,0.03993909570190547,0.0367785535828668,0.07730203823620196
40-CC-3,0.04289425151105265,0.04745595007129249,0.03888076607958707,0.03692575472221038,0.07604281341857755
