,RMSE,MAPE,MAE,MedAE,MAX
0-CC-1,0.014445845735352056,0.013709319534395538,0.012240716420098762,0.01158380077865917,0.0346681946289773
0-CC-3,0.013293727735237642,0.012269738698925817,0.011001236191953409,0.010401271089249375,0.03483860550357887
10-CC-2,0.012546038269359816,0.013411003060071893,0.011417716118986709,0.011130509578332726,0.021551012356682775
10-CC-3,0.013402407339183698,0.013807679902234646,0.011843335620368628,0.01174564454654653,0.02619357228428043
25-CC-2,0.007395414677794586,0.007687072681790387,0.006905179120094264,0.007177693340412794,0.01685753403348078
25-CC-3,0.008859458067948068,0.009459057033869834,0.008390134649327382,0.008882137778325971,0.01705032894912517
40-CC-2,0.005782652890111374,0.0060710522256352106,0.005064500784964957,0.0051466738666228196,0.01056464877022123
40-CC-3,0.005074607293270964,0.005110176141469339,0.004301312556156526,0.0041175363868388715,0.018532173643011962
