,RMSE,MAPE,MAE,MedAE,MAX
0-CC-1,0.0249733144307295,0.0264502549851038,0.02276021174884543,0.022725729539637862,0.06651675457170025
0-CC-3,0.016808539515008478,0.01773733923259849,0.015414115186169733,0.015090326632910323,0.03381495053574035
10-CC-2,0.016029759644777365,0.017716880277690344,0.015252763757328168,0.01466387989838469,0.032374764299257675
10-CC-3,0.01699634454484976,0.018523315267115304,0.016301827363546243,0.016385821236173548,0.055507786616925014
25-CC-2,0.0035481412870213115,0.0029932297142407477,0.0026370423277767706,0.001764048335071211,0.00941479618826957
25-CC-3,0.004347781596183679,0.004447222291725922,0.00397721381141402,0.003928007894646646,0.014860746464008812
40-CC-2,0.040847663766790485,0.04346329050110872,0.03516513862707287,0.027845448223444036,0.07958042578274127
40-CC-3,0.04163604431584434,0.04365624653608773,0.03556689938262083,0.029388516617198768,0.08208401737761284
