,RMSE,MAPE,MAE,MedAE,MAX
0-CC-1,0.007348172358920397,0.007051595622742997,0.006272517095850229,0.0061949063173766805,0.02518629783799664
0-CC-3,0.005912766281440329,0.004571379402839416,0.004114922673587579,0.0022283434819743153,0.026855162921067377
10-CC-2,0.009881405488871394,0.010043808368248858,0.008732000833752642,0.007454387864715306,0.020865923689715404
10-CC-3,0.011417654728489627,0.011087766208482888,0.009838494102679621,0.008892603506047148,0.03888792549097897
25-CC-2,0.012851203971782119,0.011165882944156016,0.009711098362667368,0.005896151659609827,0.030373537456143462
25-CC-3,0.012868003145504174,0.012117081778971549,0.010361432831665341,0.007090234463505096,0.03705765407863093
40-CC-2,0.04758016194222624,0.04832587693664673,0.038831642122570766,0.028824514118524602,0.09437966303402301
40-CC-3,0.046865375054165145,0.04718649197071369,0.038113826347611936,0.029810684121628683,0.09570644533462369
