,RMSE,MAPE,MAE,MedAE,MAX
0-CC-1,0.02589292308470881,0.02883710970164122,0.025307530359613997,0.024796211548995306,0.04196356473090601
0-CC-3,0.027050737326358106,0.03027977312175396,0.026647585154227688,0.026348877673988524,0.040569592098732676
10-CC-2,0.007362213578122714,0.007932407613851555,0.006879396758479766,0.007063066531752815,0.018414998041865083
10-CC-3,0.0071692503534313105,0.007553209243005638,0.00658471884530795,0.0065598783504956515,0.01920582175403751
25-CC-2,0.014353425068507788,0.01513482030004002,0.01369100355524255,0.0148329921200413,0.02466273720542045
25-CC-3,0.01937739759185408,0.019733536660426786,0.017972218440630464,0.02101729402497754,0.027824875911945823
40-CC-2,0.00965927113969971,0.00912382640932477,0.007730458925745318,0.0067931322190081245,0.02180302099758502
40-CC-3,0.010130396312376349,0.009972220149115774,0.008386856819133735,0.008454074028374836,0.022264795881030808
