,RMSE,MAPE,MAE,MedAE,MAX
0-CC-1,0.00848861427758756,0.007298837358013625,0.006589567062058888,0.005329330687170508,0.02565068242179558
0-CC-3,0.007464739444462049,0.0060599362579532344,0.005524502084340057,0.004059495571332894,0.026672232727547374
10-CC-2,0.019318925314422905,0.021350711952619655,0.01823227992395459,0.019871170111270486,0.02974935768770859
10-CC-3,0.019774543084448322,0.02124182830492118,0.018303232849558527,0.019595868410265005,0.03392048001438297
25-CC-2,0.014793647875511766,0.015970941219569483,0.014295024657684957,0.015214275064345084,0.02482029734295954
25-CC-3,0.014412200935474339,0.014381386725935055,0.013071337010927452,0.015560896057989715,0.025202456215055347
40-CC-2,0.008735850978495085,0.008257183886929538,0.006959550637239951,0.00616919148437256,0.021295010610164367
40-CC-3,0.008788209219052488,0.008605688100107185,0.007249705484594976,0.007294553958329564,0.02028097448897148
