,RMSE,MAPE,MAE,MedAE,MAX
0-CC-1,0.05440607116628904,0.057030624728954524,0.04958272081739901,0.049286391637575866,0.14436531921668627
0-CC-3,0.04597911631088888,0.043083908157469916,0.038790814038936486,0.03497154513302281,0.1298607144601428
10-CC-2,0.07256196493789824,0.07255610499000856,0.06061366004620467,0.07193676031063456,0.13895246912637216
10-CC-3,0.07944334418404918,0.07743569563409568,0.06563345151464686,0.06826468237421246,0.15594051177004242
25-CC-2,0.0322021335809122,0.026123431491679287,0.02239714826052647,0.011393875478473148,0.078838695756129
25-CC-3,0.04188116520829674,0.03664782593349948,0.031016029882937696,0.018537453959752814,0.1000502518147025
40-CC-2,0.005491751176171763,0.005739421768450123,0.004722384032123161,0.00444341999891551,0.019149421192096172
40-CC-3,0.004518619123374885,0.004653713607016452,0.0038962465448020376,0.0038998993848722296,0.024513068457703513
