,RMSE,MAPE,MAE,MedAE,MAX
0-CC-1,0.009993705092529533,0.008571275748390152,0.007796251465760341,0.006135330599381372,0.030367183066629888
0-CC-3,0.009379341279772484,0.007865694393024814,0.007196583931534174,0.005684841400032226,0.03011004982425758
10-CC-2,0.02073333144731812,0.02225476281920435,0.018777327611894525,0.019388899090728495,0.03168338473598575
10-CC-3,0.0206513288400123,0.02140822854726178,0.018252297857220046,0.01636698996512226,0.03540913159349823
25-CC-2,0.012966589520021003,0.014014473963108136,0.012464902316066687,0.012510355792036743,0.0209167044905767
25-CC-3,0.012570259477385168,0.013142528606144302,0.011840888468108057,0.012742529436907124,0.020933869579465747
40-CC-2,0.009935898374844591,0.009931278982050524,0.008145306235679257,0.006149895882481493,0.026516377492488585
40-CC-3,0.010484249490274336,0.010302337074219594,0.008456649728079555,0.0066390983087227795,0.025631087404010544
