,RMSE,MAPE,MAE,MedAE,MAX
0-CC-1,0.051262283807379974,0.04984165563961801,0.04195020538032055,0.04138438582485926,0.10298168415238873
0-CC-3,0.04867676100558138,0.04641748057311272,0.03913504737090886,0.03747189225605674,0.09023181969925353
10-CC-2,0.04482245807915644,0.04071497267414388,0.033298983121407735,0.0244985372991946,0.08953373227403416
10-CC-3,0.03842686706909777,0.03367757794155051,0.027962495912892807,0.01990844764476296,0.08206525562534206
25-CC-2,0.015389911632562415,0.011373810048012006,0.009638562023807539,0.00484485042236793,0.05853688296672477
25-CC-3,0.024716860871500185,0.01910196557000805,0.015809384849187914,0.007276874972447445,0.06561794070882376
40-CC-2,0.003402894381290748,0.003343603220994824,0.0028063215653814366,0.00242020093630535,0.011589288278163634
40-CC-3,0.003937006729083072,0.003817149736570364,0.003159395546026244,0.0026166031110262944,0.011679949184436045
