,RMSE,MAPE,MAE,MedAE,MAX
0-CC-1,0.0793305612360268,0.08349732848630051,0.07111184380858648,0.07086939237302708,0.1294819092195274
0-CC-3,0.07509081630349843,0.07741084614335746,0.06594521007762345,0.06609063151910399,0.11954580123230407
10-CC-2,0.06303682247991052,0.06371052680857328,0.05297880511896209,0.042600587126770284,0.11203424725816502
10-CC-3,0.05613574222394381,0.055663203662650214,0.04703900755940852,0.03791321037540313,0.1064101999686401
25-CC-2,0.021637058740721426,0.019227548056837247,0.016597877714675722,0.011594737505995045,0.07830964306262955
25-CC-3,0.030525544224830448,0.02477470368846308,0.02065486211286871,0.01041714227072521,0.07854952602071341
40-CC-2,0.003153806292515337,0.002767602153794688,0.0023267206640526137,0.0018462786371704065,0.01131558374935504
40-CC-3,0.005663915205892711,0.005419570176382525,0.004399473586670552,0.002863172578255302,0.014819087406176767
