,RMSE,MAPE,MAE,MedAE,MAX
0-CC-1,0.026398251848987694,0.029120692329720737,0.025722206342037528,0.025430670812898126,0.04684126756398055
0-CC-3,0.02498802006129073,0.027662677486657263,0.02451785244732727,0.023890307296224877,0.04252075014545509
10-CC-2,0.0034120569540109875,0.0028388242554424474,0.0025655653589485537,0.001987685940674,0.011889243113276216
10-CC-3,0.004055110386423309,0.003452116608575315,0.0031298333119726815,0.0024923982672152567,0.01692430824759439
25-CC-2,0.007549612302376598,0.006934552479989069,0.006020983324751841,0.00473811878356295,0.02436815479663834
25-CC-3,0.009786629305190867,0.008371199149303472,0.007077174197270825,0.004582259890777374,0.023043217414114525
40-CC-2,0.018390313568541337,0.018932299942366823,0.01581850168071855,0.015764358774945086,0.031313357133002095
40-CC-3,0.018461136614374606,0.018877458926779195,0.015890968712061488,0.015498945409840093,0.03593082905759326
