,RMSE,MAPE,MAE,MedAE,MAX
0-CC-1,0.025261798244454632,0.022861600031159793,0.020308876558218194,0.018583052160104585,0.10199061512575447
0-CC-3,0.033146374439159625,0.03395942553138538,0.02953780173567582,0.030572245368186535,0.11528142827745103
10-CC-2,0.0662395409864812,0.0699991223946891,0.0587915272731546,0.061029736404600965,0.10640304206980267
10-CC-3,0.058834837897591,0.059958961249011046,0.050945064805100505,0.04959989636897094,0.10610939793643748
25-CC-2,0.045093370856131985,0.04500141496252997,0.039253412785442726,0.03622104506527657,0.1049142454733415
25-CC-3,0.04549636124662192,0.04671029801588025,0.040301189269136874,0.03895842720747311,0.08574877717468565
40-CC-2,0.009925808839207816,0.010003639082854348,0.008587031868703715,0.008485209530148863,0.02284944014126178
40-CC-3,0.012563127792993466,0.012321446105385101,0.010648171485635953,0.008635680259869494,0.028331470383138102
