,RMSE,MAPE,MAE,MedAE,MAX
0-CC-1,0.003625998425183308,0.003245265631070726,0.002866845453453208,0.0026262742411034545,0.017915832377695562
0-CC-3,0.0035401605702091543,0.003290576485258122,0.002913258131241786,0.0027324202493479444,0.009433893148200867
10-CC-2,0.00806328304560659,0.007811334588774013,0.00674927528981595,0.005607090326643971,0.017530821902862703
10-CC-3,0.007801454251978301,0.007227240831515627,0.006355112652479435,0.005162026631966188,0.04432267700159909
25-CC-2,0.028654766709718275,0.03085173340131877,0.027303663654072385,0.026636983264621605,0.04273830430460901
25-CC-3,0.03175473927372124,0.034922052162774136,0.030947833298549197,0.03197527905001085,0.04604568792285735
40-CC-2,0.04991808884257378,0.05847442728682154,0.048334182233696066,0.049994682993389994,0.07143068270260211
40-CC-3,0.052431368618708105,0.06085979164610362,0.05046166227506039,0.052038781963641645,0.07277880346603238
