,RMSE,MAPE,MAE,MedAE,MAX
0-CC-1,0.05568508545108816,0.05782199703113631,0.04916777699576072,0.04562281822471814,0.10871094221284405
0-CC-3,0.05222235388631463,0.05284479145124786,0.044914847503626364,0.04008178714349364,0.09469096238419006
10-CC-2,0.04974208860473068,0.05072038572197709,0.04228533016278134,0.02982892107681301,0.09383897576616063
10-CC-3,0.04325107228719617,0.04331559250185585,0.03672155623881993,0.02731483433260662,0.08634411749107052
25-CC-2,0.017274695651737372,0.016723098864167226,0.01458505018259753,0.012070782965073135,0.06000511625675187
25-CC-3,0.023695428154757444,0.020167229980027495,0.016927206980773175,0.010449406406252026,0.06233050613088187
40-CC-2,0.002274980117169453,0.0016970598602306292,0.0013772241306475516,0.0008015564361153471,0.010851442380489074
40-CC-3,0.004993771398049539,0.004746831096214257,0.0038225852690173955,0.002224532610435759,0.01319515885927125
