,RMSE,MAPE,MAE,MedAE,MAX
0-CC-1,0.017089420833869527,0.013294232694521709,0.012330660268162054,0.006511039583481537,0.044401156283640386
0-CC-3,0.018042726669432785,0.013785539987815898,0.012874874854357113,0.006615335669547473,0.04504643736316749
10-CC-2,0.011591433539852656,0.012106880695188381,0.010337510473044344,0.010295292758798369,0.0208968136815727
10-CC-3,0.011675654004593474,0.011900650652015616,0.010353825269859786,0.010611080814850404,0.02384297699454263
25-CC-2,0.0031125322705706088,0.0025482800265096256,0.0022346558181128504,0.00147262946943727,0.008843767437019201
25-CC-3,0.003932125722818668,0.00367851808238386,0.003322960773181946,0.0029298567387912033,0.010496583454660868
40-CC-2,0.005534964374230636,0.004248660704933207,0.0033923458947895417,0.0016493731405352596,0.019964396520198546
40-CC-3,0.006332353025613684,0.005242679169614204,0.004217809218525154,0.001760376874191505,0.01868302102672359
