,RMSE,MAPE,MAE,MedAE,MAX
0-CC-1,0.04235500804360922,0.047594143315503976,0.041721583115871756,0.04191481709458411,0.06747925037553326
0-CC-3,0.04506679125664372,0.050562658156475065,0.04446010242531518,0.044010244063035,0.06224386269852111
10-CC-2,0.007157190385927879,0.0068052326998462274,0.005907033523495077,0.005582334245761711,0.02475013731646225
10-CC-3,0.011954197049217758,0.010835798067821796,0.009897490990821307,0.008393296124401983,0.03291390985968545
25-CC-2,0.00899161002066624,0.009254968706050843,0.008380977727221068,0.008866824427428088,0.017887904301112978
25-CC-3,0.006947825357171155,0.0066241938037876055,0.005971190902410326,0.006121377400561845,0.01339551789174076
40-CC-2,0.019413739001355915,0.020516901980362268,0.017445864687897324,0.018786872682712952,0.02991878725919228
40-CC-3,0.019748974343259822,0.020745555384817153,0.017742447667688514,0.01942200277085937,0.030059058098800384
