,RMSE,MAPE,MAE,MedAE,MAX
field_data,0.04308918826814832,0.039434489906681976,0.03669956775831347,0.034491439932064605,0.11150666686593058
