,RMSE,MAPE,MAE,MedAE,MAX
0-CC-1,0.025137164986957835,0.02165040772471559,0.019503956549456445,0.015315415975961477,0.07733688382693171
0-CC-3,0.030150443907412703,0.022623492788852728,0.021063659467006602,0.012187391669361891,0.09840560739982496
10-CC-2,0.031378618913738006,0.03275289281620223,0.027888640104818244,0.0298382737417906,0.051180360175670514
10-CC-3,0.027832887598174576,0.02836521900251268,0.024808365179264474,0.026503753197229307,0.05229636384145964
25-CC-2,0.02049820549899532,0.0164010028846272,0.014283561044746032,0.008365322819880228,0.05237245135946933
25-CC-3,0.017771072072528513,0.016431978686333507,0.014491872090297968,0.01102518597340707,0.06258374730659055
40-CC-2,0.012651667163640462,0.013691905775138912,0.011588544425849074,0.010436300578118729,0.034869270365674
40-CC-3,0.018007356981417987,0.02076130401834194,0.017419536034726263,0.01716438364966233,0.03133470342023448
