,RMSE,MAPE,MAE,MedAE,MAX
0-CC-1,0.04530777562696222,0.02121654690412004,0.02031115837193304,0.006091615394257843,0.2073921472287804
0-CC-3,0.04369810105788026,0.046906722480713196,0.04068068557379553,0.043293225729020945,0.07904635827331163
10-CC-2,0.12068644488204798,0.12458377785668233,0.1045665533585629,0.1370106543089783,0.16992166190917368
10-CC-3,0.10031559964552977,0.10061488808946621,0.08553537146029139,0.09325513957271453,0.15171533401323467
25-CC-2,0.07970958105095712,0.058955923413269606,0.05001160354641155,0.01590841793707548,0.18688327919673253
25-CC-3,0.09214803636172315,0.06848599431159888,0.056721247047747766,0.016996521921050944,0.205237097272423
40-CC-2,0.016445878923024203,0.01683391018099033,0.014352906464567772,0.01459514203150758,0.029458115893790326
40-CC-3,0.01890761857422115,0.019084734759423315,0.016205268778223238,0.016939623329683684,0.035422426818083164
