,RMSE,MAPE,MAE,MedAE,MAX
0-CC-1,0.00793468253706307,0.006828440346927517,0.0061693504584783496,0.005272256293997191,0.025645124293589117
0-CC-3,0.00757587531006281,0.006249425628630819,0.0056898401207681705,0.004324528073772926,0.02632300911380836
10-CC-2,0.02244869199574087,0.025110030464655944,0.021480060320872147,0.023003054160198766,0.031123304354426118
10-CC-3,0.021976481828187587,0.023950824832654434,0.020685194037173033,0.022155141751723173,0.03517456174045719
25-CC-2,0.022397246915467735,0.02454862930273855,0.021976457579365484,0.023162125198896433,0.03137529309073539
25-CC-3,0.02329583070512025,0.024600189117775454,0.02219690809978411,0.02548531456509895,0.03278911421600139
40-CC-2,0.0180240085939443,0.020421520560849254,0.01710523951739033,0.016779091550182312,0.033112585111201964
40-CC-3,0.01855091420452654,0.021028876533470808,0.017653285347231682,0.017887048509194314,0.032802181821582566
