,RMSE,MAPE,MAE,MedAE,MAX
0-CC-1,0.014931050849748509,0.01213509290208226,0.011171867015988832,0.007097567643853386,0.040352808810495855
0-CC-3,0.015928556988039407,0.012853779424590666,0.0118876420135957,0.007835321574807375,0.039677370171089854
10-CC-2,0.010427801746581478,0.010194172325300028,0.008567575800223059,0.008052691098425768,0.026340625098198678
10-CC-3,0.010322423861558641,0.00993183610551444,0.0084843239900129,0.007233335883324199,0.02151619578054631
25-CC-2,0.0053051330764813725,0.005370807705370794,0.004795434712509348,0.004424950757317803,0.015429603847541662
25-CC-3,0.008164627477079921,0.008301214318276899,0.007478497749813086,0.007109423005687232,0.014259754684525894
40-CC-2,0.004417519700148993,0.003543922330567107,0.0029974651751665166,0.0015866590301764627,0.013689696355403624
40-CC-3,0.0060347909228634575,0.005719559175496744,0.004790190751207935,0.004390884489923641,0.014152007112402831
