,RMSE,MAPE,MAE,MedAE,MAX
0-CC-1,0.009366435868660046,0.010273178608846946,0.008922599547134041,0.009135513880177193,0.020478007737898984
0-CC-3,0.006970470024856153,0.0075679964694004755,0.006562344311964301,0.007091847023071529,0.01224563891693542
10-CC-2,0.001372942311032986,0.0012990522041937162,0.0011430509350660047,0.001189041428398263,0.003196382509943696
10-CC-3,0.0037268841737700693,0.0019582278430873225,0.0017914958973275542,0.0015928783534616686,0.04290748392069699
25-CC-2,0.007014633682060513,0.0071847472597508,0.0062885247306202294,0.005633752289733174,0.014440891610579043
25-CC-3,0.00631738325748689,0.006321055077022484,0.005447373708217025,0.00449986563176108,0.017857805903582102
40-CC-2,0.02591375160945285,0.027955093529042865,0.022685076999621332,0.017812565653380685,0.053447484536708556
40-CC-3,0.025299070307133804,0.02706310854587119,0.02206034631376248,0.018030715135981423,0.05084626114196622
