,RMSE,MAPE,MAE,MedAE,MAX
0-CC-1,0.016713585754994376,0.016353292735038192,0.014053675421437619,0.013997298785137446,0.037415502015853086
0-CC-3,0.016878471477713892,0.016709116529921436,0.014783925301811869,0.015658830374230992,0.034021686931113515
10-CC-2,0.00370077810225374,0.0034377177335539926,0.0030802168218826073,0.00306074268081713,0.006642558824576983
10-CC-3,0.006276971303116741,0.00442965493569802,0.004030104891940444,0.0035182562190125277,0.06152755771601559
25-CC-2,0.013054734589808622,0.013115269175268557,0.011819923344240882,0.011656099970826006,0.031027150360069422
25-CC-3,0.02383060566644771,0.02584493295560922,0.023210772946195266,0.024750305439068754,0.032072416099672374
40-CC-2,0.030789787683570432,0.029151713858595107,0.02332323444263103,0.016492813689663655,0.06589472250515338
40-CC-3,0.028302136923452594,0.026391097252907617,0.02126927587336081,0.015571710461202315,0.06397329008407437
