,RMSE,MAPE,MAE,MedAE,MAX
0-CC-1,0.10572873274093125,0.10437428782824804,0.08771834894633185,0.08088018097373723,0.20950845804066565
0-CC-3,0.10311270193341852,0.1003355202074036,0.08444456994554893,0.07685463787604013,0.1884651322127846
10-CC-2,0.06944270523657482,0.06777241576852357,0.056289967964771766,0.03137735739645808,0.14283921799646226
10-CC-3,0.06363677922908077,0.061782902537645484,0.05231653629739064,0.033372318537218726,0.14497334514582516
25-CC-2,0.013662310941068886,0.012097103246618921,0.010551857910228864,0.0077315024594794,0.028737540692926666
25-CC-3,0.009887342072498157,0.008716750843861122,0.007487954917001353,0.005525753154961288,0.028664138786844706
40-CC-2,0.06496516005966592,0.07222587009531597,0.058852803314966146,0.05787136096536838,0.10551977114254352
40-CC-3,0.0629733213439868,0.06964218909647721,0.057043645097675504,0.05819939733287949,0.10429815685577237
