,RMSE,MAPE,MAE,MedAE,MAX
0-CC-1,0.040220570133929906,0.04414251427763686,0.03801341436713445,0.04297377669809066,0.06665187830140606
0-CC-3,0.03792734072437891,0.04099295997710314,0.03533073940186594,0.04051889162634337,0.05491123969360778
10-CC-2,0.02489397262275569,0.027771650261120655,0.023640523692418352,0.024002996398316045,0.04242287669465794
10-CC-3,0.02715890973036851,0.029798267566230736,0.02590113205461678,0.026526489962898303,0.09183014188731076
25-CC-2,0.003922774946279129,0.00399653102741214,0.0035657972309139896,0.0033579755912749865,0.011200789764319374
25-CC-3,0.008166578599027955,0.00865940047250446,0.0077505822394887975,0.008180003194915852,0.019630816452555155
40-CC-2,0.026077185117719,0.02854907814481434,0.023265424540704287,0.016879384551277465,0.05404108719402667
40-CC-3,0.024739827045686565,0.026927532564572993,0.022043421460479735,0.016775570090862724,0.051358265040586826
