,RMSE,MAPE,MAE,MedAE,MAX
field_data,0.07010424184042048,0.05474093022624126,0.05148336908252827,0.033580270206082896,0.18848700558563403
