,RMSE,MAPE,MAE,MedAE,MAX
0-CC-1,0.008402120640381547,0.008456321776283684,0.007490585007845982,0.007376200381537301,0.023184704161905767
0-CC-3,0.01079034191403147,0.01167583070552033,0.010336543231809908,0.010305944612974294,0.020925748924751963
10-CC-2,0.031155792649899882,0.03578052278719629,0.03105018698107631,0.03145608183435589,0.040668630587336274
10-CC-3,0.029205651142517566,0.033005349902397854,0.028983376665754134,0.029139918129337306,0.05450896071298372
25-CC-2,0.0485726036997747,0.053438853442188676,0.04816388231662898,0.05022589422251389,0.06071228201666923
25-CC-3,0.05903957874617406,0.06380549996846004,0.057632622510483046,0.06274665349798253,0.07239639666374342
40-CC-2,0.0477972908545711,0.05615354751166257,0.047169518951100595,0.04690992225241464,0.06705015001340497
40-CC-3,0.04827289191664198,0.056480782074864753,0.04763558185844132,0.047694908741767406,0.06792868910383965
