,RMSE,MAPE,MAE,MedAE,MAX
0-CC-1,0.02253203956264675,0.022117514029755838,0.019174591925155318,0.016393977855428843,0.04357746218183711
0-CC-3,0.018962841563293975,0.01800667555148954,0.015586896311778453,0.013202864359449784,0.03695963047816897
10-CC-2,0.06716193157092089,0.07231110071669587,0.06120543894003356,0.07126215463319507,0.09298091225178318
10-CC-3,0.054868031649622666,0.05742324885186766,0.04908162153956106,0.05730525450410312,0.08472533638767099
25-CC-2,0.09505673815177289,0.09580951511460141,0.08365798128374469,0.08045930927037037,0.16317644532710351
25-CC-3,0.10217636016603736,0.10264095332680878,0.08811162875573818,0.07857986965523389,0.1780961911040826
40-CC-2,0.15413040347103327,0.17561351465072483,0.14398641926193226,0.15492568012842756,0.21465724663311359
40-CC-3,0.1465402200711225,0.16593665231538882,0.136693889409859,0.15006562972936066,0.20884363090820157
