,RMSE,MAPE,MAE,MedAE,MAX
0-CC-1,0.04276362863588889,0.04819881039920163,0.042298534822928086,0.04285007546565828,0.06391501182725445
0-CC-3,0.04311657272200393,0.048516873148966105,0.04266784522814958,0.043850735039316135,0.05371444282962867
10-CC-2,0.006794381437135992,0.006577017828866589,0.005705468185349634,0.005762904148300607,0.027583205687281342
10-CC-3,0.009227234054057875,0.007972599188947622,0.00731869255663896,0.005498260254309328,0.02848528475287393
25-CC-2,0.012737507655895049,0.012604946429796962,0.011355463075473096,0.01305028711176992,0.024333967819637148
25-CC-3,0.012454822531824132,0.011567365447050799,0.010351158632144227,0.010511366846560732,0.02273997647175785
40-CC-2,0.023886255399165873,0.024818352942186005,0.02107989594461956,0.023091149772926922,0.035090801495642476
40-CC-3,0.024911269631106087,0.025985430143004137,0.02220981479373702,0.025368763152795237,0.03652199302641168
