,RMSE,MAPE,MAE,MedAE,MAX
0-CC-1,0.032380565284572616,0.03601229714877244,0.031601501075706015,0.031448378277419586,0.04633198914649439
0-CC-3,0.03057465026647654,0.0338398909143204,0.02974190039790763,0.029699462044415426,0.04225177299130822
10-CC-2,0.023952345521813148,0.027334904491440472,0.023712201216043952,0.023995586717312167,0.03199601304006572
10-CC-3,0.027023075427763617,0.0300001334671452,0.026438152208914132,0.0270223927842535,0.08037919555628659
25-CC-2,0.002593547376632754,0.0021048749107450524,0.0018637831705649191,0.0011620941844420751,0.008817720207252355
25-CC-3,0.007002147530757499,0.007249607831858189,0.006528656868439012,0.0071282834337033085,0.015622463696054911
40-CC-2,0.020730955760962035,0.023136599001051517,0.01890247650035032,0.015726299221208162,0.04055714563900348
40-CC-3,0.022992125556066056,0.02530143542515744,0.02073847919250021,0.017799287858529744,0.04275196971513673
