,RMSE,MAPE,MAE,MedAE,MAX
0-CC-1,0.02730746619510255,0.030080997172453185,0.02654274883279709,0.026461475120210687,0.04715262589576197
0-CC-3,0.02566277608838413,0.028243408741160735,0.025013564885025413,0.024745361354772455,0.04361562786533424
10-CC-2,0.004950316433259173,0.004390986936803562,0.0039799532632971675,0.003709790765196508,0.012129526016968817
10-CC-3,0.005722804974225874,0.005081966116888833,0.004655469767286368,0.004133903849407872,0.019831167168645414
25-CC-2,0.008710181820046967,0.008676356082721956,0.007603367280570468,0.007539415040598074,0.02793138006595597
25-CC-3,0.0111926921693392,0.009731267701512293,0.008211446830755333,0.005654119105393485,0.025915458417202775
40-CC-2,0.018644895940493796,0.020232665281249073,0.01692026449445423,0.01784293778815882,0.028989908475012593
40-CC-3,0.018320481864792532,0.019772306396096,0.016683257124232954,0.01666133331772468,0.03660716296185962
