,RMSE,MAPE,MAE,MedAE,MAX
0-CC-1,0.0621756203901808,0.061434809859837965,0.0546210839223651,0.05565518633654287,0.19591400007272064
0-CC-3,0.05756390285645475,0.059188357579981955,0.05253715052108291,0.05221864327078085,0.17977299536013303
10-CC-2,0.09093906841156764,0.09900043466804151,0.08536621537538147,0.09130031553905621,0.14039889504113656
10-CC-3,0.08258053951651989,0.08898683570410948,0.07733104487066479,0.07880103021950541,0.1200138525411355
25-CC-2,0.04480136527676467,0.04195346195198491,0.03641537454731678,0.02769581399959986,0.13169683238597885
25-CC-3,0.02320967014242246,0.02101832046660079,0.018460859585339343,0.016072045108197708,0.0741331009061389
40-CC-2,0.037485829631838545,0.04064692517368415,0.03448890408536497,0.03582416332384991,0.06030978963965228
40-CC-3,0.05084761516703194,0.05753230476523758,0.048765945614656546,0.04978096166864676,0.07575628435930803
