,RMSE,MAPE,MAE,MedAE,MAX
0-CC-1,0.032643480287424136,0.03457785563207795,0.02989866175476175,0.025264389496778228,0.0803033089082481
0-CC-3,0.03656468479558136,0.03890769578209444,0.03376996147298131,0.02886435404500276,0.07184342915817687
10-CC-2,0.015411507572560422,0.015491423955912366,0.013334876740961501,0.01417834948768748,0.029114985453364106
10-CC-3,0.00954074790193228,0.009250360843957231,0.008215541054221358,0.008086855915131919,0.024004565186528715
25-CC-2,0.009325945071785465,0.007684906763225419,0.006624974791775235,0.0030510254927556546,0.022774807103163708
25-CC-3,0.004981077502364798,0.004237733224079418,0.003739563038779767,0.0029343859738654166,0.021134582035593485
40-CC-2,0.005221837333693405,0.005330751973285646,0.004487113031126155,0.004592992191342071,0.012699660362111342
40-CC-3,0.004620533017505625,0.004622100827507194,0.003906847144704633,0.003588386243062125,0.009281330216642791
