,RMSE,MAPE,MAE,MedAE,MAX
0-CC-1,0.01806039884232867,0.017856120865940118,0.015076649044109606,0.01619738366174056,0.04189032072236554
0-CC-3,0.016507706629262472,0.016201481846962025,0.01372897927620278,0.014004955931514296,0.03176252419754455
10-CC-2,0.010843413536763359,0.009668417066417722,0.007903740750116739,0.005205913661414874,0.02404056582734837
10-CC-3,0.009958669374747597,0.008293544632866853,0.0069421171381080496,0.004686086939080458,0.05627930913889767
25-CC-2,0.007597778715061203,0.007933756802400318,0.007068722882331483,0.008172976694127254,0.013541404560004189
25-CC-3,0.004378428654241877,0.004243161412715296,0.0038373737686230275,0.00408261609700622,0.010920939049000267
40-CC-2,0.034078169319227955,0.03826397708424112,0.03126004490460408,0.028325065122561832,0.06099623398357745
40-CC-3,0.03370057179444353,0.03744063301086947,0.030704244555330953,0.02851150750132081,0.06000487243957364
