,RMSE,MAPE,MAE,MedAE,MAX
field_data,0.03237648430601622,0.027383398351337372,0.025402570433597938,0.020942769033779896,0.10617831058789384
