,RMSE,MAPE,MAE,MedAE,MAX
0-CC-1,0.030406134017281178,0.033712555345305914,0.02972294679991239,0.029602476271843203,0.05077217755439234
0-CC-3,0.02913400392205544,0.03232063975697803,0.028589883783294846,0.028164507601058486,0.04745082912876197
10-CC-2,0.006572842095123689,0.006484521474533891,0.005772899959156177,0.006067037582397461,0.012855510590333075
10-CC-3,0.006956818001331025,0.00649214585267159,0.005909224447220494,0.005948967236228397,0.02091173977377847
25-CC-2,0.010301603211833052,0.010487475188185066,0.009207336731446874,0.01016089303781098,0.030974793228187414
25-CC-3,0.012944744707757047,0.011692451619288904,0.00990154033829439,0.007269452072455329,0.029266312337185685
40-CC-2,0.020277853898621148,0.022719930108518197,0.018952317003339825,0.02048537226196223,0.029622161053546425
40-CC-3,0.019711016112867127,0.021974181849390075,0.018515336089793787,0.01983728047759703,0.03734405518521777
