,RMSE,MAPE,MAE,MedAE,MAX
0-CC-1,0.0798217559674309,0.08567930967866386,0.07388423279674278,0.07267986079782118,0.1966216909848243
0-CC-3,0.06094913395311913,0.06145848845625574,0.05286423804983429,0.05317373923440383,0.23226299131655392
10-CC-2,0.031362470525361535,0.03175413720122284,0.027704003512355493,0.029324812420603807,0.06829472092862543
10-CC-3,0.020376941155516224,0.020565807867632634,0.018116319553460155,0.01857840614448203,0.04460626683361979
25-CC-2,0.013935660110731274,0.011548376345468956,0.010097842853744104,0.0075135032038332605,0.07951684018703475
25-CC-3,0.029757970097241394,0.027322274906682043,0.023656241133076322,0.020456093684831367,0.12816548625541258
40-CC-2,0.08882725763671986,0.10387866588162362,0.0862280851126325,0.09217809738680932,0.11227109059182916
40-CC-3,0.09679496654747607,0.11282061373548223,0.09415429910429321,0.10072460017469376,0.11791971193737749
