,RMSE,MAPE,MAE,MedAE,MAX
0-CC-1,0.00418423060826185,0.0038835270527628205,0.003398655041329426,0.0030124349647019932,0.015758323050760747
0-CC-3,0.00433386784924349,0.003822536480644485,0.003312889759923231,0.0022603246818632128,0.009455295277093212
10-CC-2,0.014932592373241637,0.015574279405981873,0.013176536368087027,0.01262398163302031,0.024559352193162742
10-CC-3,0.013407473637410327,0.013314378031011426,0.011438932916401795,0.009970643127600709,0.05115044866526486
25-CC-2,0.0313673923222843,0.03245443945186165,0.028411104578115128,0.02864068543310122,0.05402455783038962
25-CC-3,0.033978413296182244,0.035904521349002266,0.03111043332704679,0.03059360065804151,0.05703117054286433
40-CC-2,0.06139825014923172,0.06934889523568219,0.05671088796550583,0.051943228333052927,0.10171198801571246
40-CC-3,0.05950537213766907,0.06678398585626436,0.054876828274479886,0.052015470092069194,0.09906176960296476
