,RMSE,MAPE,MAE,MedAE,MAX
0-CC-1,0.040877083523466924,0.0381758246222606,0.03205449293410079,0.027509967056126072,0.09466367716004864
0-CC-3,0.03746808393779037,0.034631796120469745,0.029215545303295388,0.02147662483678714,0.07694552714630554
10-CC-2,0.03342326691331276,0.029120457812179087,0.023854985128727045,0.011221573001602314,0.07457687020639536
10-CC-3,0.028532934967367536,0.02319032554194289,0.019174126684297788,0.00897336445726199,0.06725608762962032
25-CC-2,0.012070052744022411,0.009508540793663657,0.008267109802359734,0.0057641900353073705,0.05215446928409562
25-CC-3,0.01910254076476387,0.01513585994576564,0.012726206054867064,0.007312656878564416,0.051832876488395296
40-CC-2,0.005141526731951927,0.005016559947419314,0.0043158369695524305,0.00361421056566813,0.015667788928913517
40-CC-3,0.0063047371333873154,0.006127658713063497,0.005214335853209747,0.005121649751617441,0.016175651378474543
