,RMSE,MAPE,MAE,MedAE,MAX
field_data,0.03444133786289223,0.028168277681745218,0.026434363723140307,0.02001128811305486,0.09220945924587798
