,RMSE,MAPE,MAE,MedAE,MAX
0-CC-1,0.014984293961451123,0.013207112376583766,0.011984726781499767,0.01025939032219536,0.03861151871802759
0-CC-3,0.014410090683134804,0.012453539396439905,0.011360021655469385,0.009390707119309116,0.037697601894875254
10-CC-2,0.011659231381639797,0.011711590639054782,0.009826001357676353,0.01010530113352337,0.021824240048333166
10-CC-3,0.012023146504003511,0.01157029633170923,0.009808553015346907,0.007762062054924634,0.025143734461576583
25-CC-2,0.007034600520811241,0.007395166739712057,0.006596774992340407,0.006644355845495331,0.01551716307071671
25-CC-3,0.008679291938261086,0.009371056226876489,0.008318040748956194,0.008293990881516056,0.014992240169675708
40-CC-2,0.004098057012175988,0.004018330183034476,0.0033804166547325466,0.0030874648972230023,0.01230132536465045
40-CC-3,0.004243116007762215,0.0040474105665785605,0.003352556541072653,0.0028286545150684184,0.01593961001386157
