,RMSE,MAPE,MAE,MedAE,MAX
0-CC-1,0.009521355325024393,0.00851394028536504,0.007641589635724427,0.0067067056418819715,0.028705345965647222
0-CC-3,0.008727536937475924,0.0077179381636770465,0.0069474735257233815,0.005776456947506503,0.028307247738381114
10-CC-2,0.01953437008353265,0.021476758378535677,0.018307954971667758,0.018529972842186715,0.030701219399376867
10-CC-3,0.02013091889269703,0.021464686027183537,0.018459554719008005,0.01848416782033968,0.03463403279283905
25-CC-2,0.013512975803023151,0.014744329033018684,0.013201772299519602,0.012966977238443311,0.022456317526522773
25-CC-3,0.013467231082351584,0.013410292958078251,0.012240567633732725,0.013131741661791874,0.022106352546842456
40-CC-2,0.007374900596093572,0.006934765230634685,0.0058535309346836005,0.004446630384768668,0.018778860135616027
40-CC-3,0.007983168886994593,0.00794849356499403,0.006656012921400105,0.006278664239854792,0.018401567894094195
