,RMSE,MAPE,MAE,MedAE,MAX
0-CC-1,0.03541491909924782,0.03195438580370117,0.029278299194551872,0.020393612085108093,0.07728464721694162
0-CC-3,0.03568778189032652,0.03230668366457333,0.02971970737062797,0.020368888350290493,0.07483153747221682
10-CC-2,0.0257189471357728,0.026700471801399468,0.02335725331129433,0.02394833199154267,0.04657786494282967
10-CC-3,0.02634457676867744,0.026455668632341497,0.023568578497437192,0.02443287751548967,0.05076057178041393
25-CC-2,0.011572101297697156,0.010143594147580478,0.009216055041257925,0.00727856022244161,0.037538048671624025
25-CC-3,0.009566549133421878,0.006462994053612754,0.005494779394199664,0.002753590086796598,0.041909489753014006
40-CC-2,0.020890080960973556,0.020135551750701083,0.016344239139664485,0.01481170638550966,0.05369124470799269
40-CC-3,0.020494370344971622,0.020494787234696995,0.016779598010597592,0.015594754911666842,0.0488326201747491
