,RMSE,MAPE,MAE,MedAE,MAX
field_data,0.029331615052696682,0.02589153560980599,0.023584167645328172,0.020766493504876804,0.08839092690477357
