,RMSE,MAPE,MAE,MedAE,MAX
0-CC-1,0.018531778413677737,0.0186070234987816,0.01655720053763577,0.015411560274845026,0.040019440032267095
0-CC-3,0.017478436839714562,0.017401757106846816,0.015534779110100875,0.01477424900837887,0.04108564911319801
10-CC-2,0.009909250001594453,0.010100905421268446,0.008643574401927468,0.008802767768093966,0.017629265149041173
10-CC-3,0.01112670515598027,0.011134054643200098,0.009612709583349657,0.009780750006793681,0.021949449128898624
25-CC-2,0.004325163319146437,0.0035493157626264333,0.003163738147370716,0.0022392298288821944,0.019844519886054846
25-CC-3,0.006410099124044824,0.005469086187365028,0.004669182087072631,0.0033961311311151987,0.016360476231839005
40-CC-2,0.007149863233094329,0.007273315676887951,0.006027626586523506,0.005065058813086276,0.013676190041430947
40-CC-3,0.006254796678615734,0.006256874748546703,0.005285222163000421,0.004250516476677957,0.020001487741370116
