,RMSE,MAPE,MAE,MedAE,MAX
0-CC-1,0.02561417474237544,0.022365013364648006,0.019883671727447618,0.016101856887963617,0.0988491169382798
0-CC-3,0.05284394689751578,0.050273072787002805,0.04548619426706126,0.04052915432884191,0.13688875025260816
10-CC-2,0.020460816920493577,0.02034447100043083,0.01792031302737136,0.01846310264715817,0.04346649388286161
10-CC-3,0.02332810089792583,0.019876977340335188,0.018177211179709222,0.015121516180574668,0.09324089711465178
25-CC-2,0.03556089418071358,0.03626589054455442,0.033035709465171,0.03804110826720658,0.060334287548792775
25-CC-3,0.04520709152065428,0.048331622240793286,0.043435192521055856,0.04590152833258909,0.12647980729651975
40-CC-2,0.073735373158366,0.0870361991591794,0.0732414947593418,0.07527414054730286,0.08911097752735986
40-CC-3,0.08395692148637132,0.09879724626975908,0.08327029573358867,0.08690701129915945,0.09838949707819322
