,RMSE,MAPE,MAE,MedAE,MAX
0-CC-1,0.054878031479804294,0.06231617510250135,0.05448348440024484,0.05369560799969453,0.07214605564286725
0-CC-3,0.058065721492128984,0.06583807280535336,0.057770331804339416,0.057483412441024395,0.0705300904245888
10-CC-2,0.014319313585199995,0.016193925697584707,0.013923756275449289,0.014252427435738513,0.020845664672410003
10-CC-3,0.015939018231255767,0.017868150144835483,0.015669556911618542,0.015765607357025146,0.02537392229559854
25-CC-2,0.010325689985313682,0.010387406511609378,0.009349654539369355,0.009527323769943308,0.033730673584022375
25-CC-3,0.02243036183362398,0.023934440239061338,0.02155926716033749,0.022209280271846932,0.031537591484147476
40-CC-2,0.008260743328444585,0.008090106974117382,0.006881130759048567,0.006360862615050644,0.019509963935779973
40-CC-3,0.008185189738419434,0.008188865817338915,0.006875637329080013,0.005782786008105778,0.019557016473529587
