,RMSE,MAPE,MAE,MedAE,MAX
0-CC-1,0.04261941069847698,0.0425566718041227,0.03599336532533731,0.038573291897227135,0.08269572014024273
0-CC-3,0.039459586025843894,0.038700009094626626,0.03283284922282985,0.03198516549519248,0.07093684251114318
10-CC-2,0.03583909593108784,0.03360604039259655,0.02771813646691422,0.020007748576804596,0.06864090323785899
10-CC-3,0.03205100338894592,0.02916274773778203,0.02437645837035635,0.016006736691117684,0.06485425886375118
25-CC-2,0.013550146440110046,0.010161316219725193,0.008720933850948548,0.006169341162265973,0.04817049482730851
25-CC-3,0.01947045763141304,0.014597034949411072,0.012099941221371011,0.006252423015189246,0.049742839619346224
40-CC-2,0.005410995695926702,0.005139727826560076,0.004379044232584754,0.0037394300771151356,0.014440946525501652
40-CC-3,0.006425847114320225,0.005997006572300752,0.005095005322839198,0.0038705072258954365,0.015707099265895197
