,RMSE,MAPE,MAE,MedAE,MAX
0-CC-1,0.030352941810254705,0.03234958173584595,0.028011280677949005,0.024384009763776027,0.07355028146913067
0-CC-3,0.03410847030930087,0.03651898409281156,0.0317404481298821,0.027653894015278513,0.06550739581390808
10-CC-2,0.016200652566313756,0.016208112411950786,0.013942040862361964,0.015099033754944924,0.030116224276301118
10-CC-3,0.009615433562304309,0.009309310996342746,0.008249141324396374,0.008316038938030734,0.022908614583043607
25-CC-2,0.00990616137596303,0.008412839312852985,0.007252262356229701,0.003724394975824219,0.023481300957686413
25-CC-3,0.005683869275317443,0.005147335130763389,0.004514733230272381,0.0034928197452553933,0.021422055237345194
40-CC-2,0.0059689639187415384,0.0057924825400495865,0.004861925842268803,0.00429307898077802,0.016828772128926528
40-CC-3,0.004773683244691969,0.004910510147312002,0.004128447979843796,0.0043761676521275605,0.010817748664091464
