,RMSE,MAPE,MAE,MedAE,MAX
0-CC-1,0.025702968011675598,0.027998772991455898,0.02482774358400589,0.024195435137655152,0.062250614983869856
0-CC-3,0.018935805106824504,0.020764743271119348,0.018273964664041194,0.01848347940799444,0.03123169002964088
10-CC-2,0.013966602186982934,0.014499373957602634,0.012798329295691743,0.011376751587782286,0.03320934771227524
10-CC-3,0.005720505576349321,0.005216978642833374,0.0047064515149491054,0.0037574123149043404,0.016496671439706456
25-CC-2,0.02630591533762895,0.028325803217668984,0.025292360366076842,0.027034540475608493,0.042786230317286233
25-CC-3,0.04219657409747542,0.044607987243849595,0.039553391220875506,0.0416683154781613,0.07851183722320354
40-CC-2,0.014082774212548582,0.012998068874392796,0.010461706896747969,0.0068962117806872225,0.036990341247426284
40-CC-3,0.02129236667052279,0.02360819047888408,0.019615786951076793,0.017761100516715367,0.04353986418075406
