,RMSE,MAPE,MAE,MedAE,MAX
0-CC-1,0.0035436523835335357,0.0031306934183544326,0.002734663528781338,0.002427232277496083,0.016698358003401914
0-CC-3,0.002976736295260758,0.0027177547872630024,0.0023884169807434855,0.0020723034341466606,0.010188140027287629
10-CC-2,0.014405878654644686,0.015530125417316614,0.013176844534659431,0.012827254017081513,0.022198345370738393
10-CC-3,0.013081250754757889,0.01342932120960325,0.011494365079487178,0.009934476748249765,0.03304357086146237
25-CC-2,0.01944464367953659,0.019583265564786654,0.017102450090711575,0.01615493020263431,0.04146317696719992
25-CC-3,0.022398869226849843,0.022677610399261985,0.019503046630209346,0.017216838272224866,0.04772354763331843
40-CC-2,0.046226128766366406,0.04914080037632926,0.03978636361760766,0.029425015034783453,0.090052008195461
40-CC-3,0.045121495728961195,0.04795304715532373,0.03906264697993131,0.030701366964888788,0.09038923418350064
