,RMSE,MAPE,MAE,MedAE,MAX
0-CC-1,0.0066358344118755365,0.005813432346990484,0.005121238719660906,0.004429840184604739,0.036953208390975156
0-CC-3,0.008319720044265027,0.007537932404113169,0.00661053919894833,0.004910295987515745,0.02534575650706561
10-CC-2,0.015482215648379804,0.016212440460586848,0.013927589059329051,0.01538281842601874,0.025980105920148655
10-CC-3,0.016479002790098906,0.015638854343834153,0.013676353397580424,0.014883296749920782,0.09774548564875485
25-CC-2,0.02021547879461415,0.01717402618145795,0.015084321449300506,0.01078993995767108,0.05815750108857587
25-CC-3,0.02699006259133935,0.023734433738145592,0.020336063245967543,0.01371953909794954,0.07012994688334895
40-CC-2,0.05715609335255968,0.05959178079745071,0.04803796404233956,0.042054254364263355,0.10598123030239459
40-CC-3,0.05440532429307696,0.05637305642524548,0.04569253224327882,0.042279707019101664,0.10440979635543668
