,RMSE,MAPE,MAE,MedAE,MAX
0-CC-1,0.005358142619899144,0.004536002806805598,0.003913302788716481,0.0025970814513565643,0.02634817117860333
0-CC-3,0.005332689383390601,0.00489118581978877,0.0043645287087754996,0.0037335228802755083,0.01849043213354007
10-CC-2,0.004367167925529936,0.004245990003798151,0.0037493969199323234,0.003840646122400204,0.011392898566324305
10-CC-3,0.0036248302728364226,0.0033550151948309077,0.0029917677317794675,0.002796463932966342,0.01741672311747433
25-CC-2,0.005088501375055664,0.005332648691855566,0.004810359956838584,0.005049891286917851,0.012918416812811806
25-CC-3,0.005296128947158699,0.005161866618897912,0.004682213382709653,0.00496010671879632,0.01460641344475222
40-CC-2,0.013707962419079827,0.013797283054244616,0.011151107008754334,0.007172394703211127,0.03449612812572833
40-CC-3,0.015702519727332165,0.01600213437917928,0.013005874419736333,0.008145912632847363,0.03675035869903409
