,RMSE,MAPE,MAE,MedAE,MAX
0-CC-1,0.037760467704337664,0.04056299787639282,0.03464154687201517,0.03274535106258991,0.07352195110173132
0-CC-3,0.04361864720504597,0.04779649670752605,0.04133663180903559,0.0408588593383975,0.06666461999222228
10-CC-2,0.01324991568443336,0.014060332637908656,0.012410556611974015,0.013266300727462044,0.02978798149752304
10-CC-3,0.006677708842794523,0.006519582466507867,0.005811708264679656,0.005584678198000681,0.021345542378453763
25-CC-2,0.01145207210893671,0.011041005019986132,0.009629086132784927,0.006749200201810079,0.02361635121603589
25-CC-3,0.007319001766744918,0.007764269217803577,0.006903757212942504,0.006110168369423352,0.022595074646524882
40-CC-2,0.014894898740565798,0.011739440058477577,0.00927734027252856,0.0040613725690982205,0.04210101661725629
40-CC-3,0.014229725415566755,0.01137114095644196,0.00905162204120848,0.0035428696523084335,0.03973402319502617
