,RMSE,MAPE,MAE,MedAE,MAX
0-CC-1,0.005707893920293775,0.00453637267211711,0.004094325513851712,0.0028331690308546764,0.019712294691443533
0-CC-3,0.004620161102984312,0.004656344229020602,0.004106295918287592,0.0040832240255724295,0.01153266273961917
10-CC-2,0.042516506744128976,0.0468306267549211,0.039864360794598964,0.047541541013096156,0.055280284266971624
10-CC-3,0.03457643345187255,0.03668514590277304,0.0314320007925317,0.03765085390502165,0.04970867543396673
25-CC-2,0.06235775085216313,0.06653455768728708,0.05861607196978457,0.05943323438404835,0.0903811558851142
25-CC-3,0.06464001125546275,0.07023163747943711,0.06130059477565217,0.06154012866053149,0.1002138416129632
40-CC-2,0.10045560642501648,0.11600533924566367,0.09540245844258077,0.0954768642924731,0.14745348648601886
40-CC-3,0.09786537119194849,0.11224649979637513,0.09271956283834536,0.09408959538133166,0.14600090420074308
