,RMSE,MAPE,MAE,MedAE,MAX
0-CC-1,0.05497089948556927,0.05851655892050364,0.04994775427688499,0.05686964213072049,0.08152641446879438
0-CC-3,0.05976552659466917,0.06303525478812962,0.053922555807402184,0.06103113106323871,0.08788765075600158
10-CC-2,0.037556496416724275,0.038123388281770594,0.0336649432439625,0.031086174692040447,0.07090871023388823
10-CC-3,0.049110034331860834,0.050759423345729714,0.04514342536281568,0.04376008931641151,0.1945813223270142
25-CC-2,0.040072597747171194,0.03975335617438325,0.03564483794980781,0.041007883409467316,0.057977725845871686
25-CC-3,0.03785663078665322,0.03652410200614112,0.03224831095508757,0.035267524073888556,0.0787315697740989
40-CC-2,0.014075551150684183,0.014302898112644267,0.012223073178520167,0.012359552793993034,0.029694904580129244
40-CC-3,0.014037267398422829,0.013691255697112062,0.011754913510433788,0.011560689167527949,0.03134472527238874
