,RMSE,MAPE,MAE,MedAE,MAX
0-CC-1,0.007764493334136676,0.006758944227365162,0.006068038006506058,0.004826369200106095,0.025783183547131272
0-CC-3,0.007054254501513388,0.005937508993549048,0.0053655291214945895,0.0043623976168035705,0.026876378635903087
10-CC-2,0.023330219653815324,0.02567046449057916,0.021962004284374382,0.023884158586103266,0.03270306585955307
10-CC-3,0.02405232310686527,0.025831586380403924,0.02231681437863778,0.024567793510480607,0.0406580102458588
25-CC-2,0.01656611732965056,0.017821408115936636,0.015841712750907008,0.01656582748392882,0.03049501715344538
25-CC-3,0.013872404421966503,0.014185483035603234,0.012742213167793184,0.014719651978822523,0.029638531902463794
40-CC-2,0.008650562954950059,0.008502513738682523,0.007134714668110777,0.006776586368659077,0.021085381074489318
40-CC-3,0.008946712054469652,0.009087030737710205,0.007613007678814043,0.008062033648335798,0.02030427990507866
