,RMSE,MAPE,MAE,MedAE,MAX
0-CC-1,0.01591033224045722,0.01475143420778223,0.013246182783325483,0.011977633395020948,0.0387921803963418
0-CC-3,0.01491020268421225,0.013531511923339644,0.012202075647374752,0.011117530862891356,0.03977232037021705
10-CC-2,0.012503266491490363,0.012746933074474895,0.010777285137093839,0.01112650578088148,0.022057532627984044
10-CC-3,0.013528069562387411,0.01333649856957135,0.011390105789983396,0.011887623347619947,0.026310840196403507
25-CC-2,0.005590697595434652,0.005204046170847663,0.004611655227511562,0.0035978339457031216,0.015627174956027168
25-CC-3,0.00602433878536408,0.0059312098278243965,0.005208896313099896,0.004731461486960797,0.014105323055417895
40-CC-2,0.004802351725537959,0.004735112210394596,0.00388883794832886,0.0031372352171717965,0.011650144620479308
40-CC-3,0.004342848322353211,0.004257769959614445,0.003528914515340923,0.0026534597673877336,0.016673522004980956
