,RMSE,MAPE,MAE,MedAE,MAX
0-CC-1,0.09014275860146465,0.09672908777491494,0.08268614842069445,0.09223198993105886,0.14322685951402203
0-CC-3,0.08833871710940086,0.09330804178160135,0.0798505224624247,0.09016957934071679,0.13298205907150695
10-CC-2,0.04293292732039998,0.039828770269438686,0.03273438720536755,0.021496608136588824,0.08425347600267186
10-CC-3,0.04208032709384316,0.040999592326346986,0.03465180096232406,0.025180690314713206,0.09497726713145138
25-CC-2,0.008050322065443686,0.007853897863279198,0.006899827441966593,0.006090522407260379,0.02717101153728141
25-CC-3,0.012049154236075358,0.011631189881217516,0.00999901004166913,0.007890485507710543,0.05140742348914573
40-CC-2,0.0056025437658133465,0.005252964564758661,0.0044970869267607185,0.003370308912221065,0.018077372051165996
40-CC-3,0.0036380512976166013,0.0038194071129113933,0.0032324037890908595,0.0032492142715271344,0.010356140030354899
