,RMSE,MAPE,MAE,MedAE,MAX
0-CC-1,0.018991379996436776,0.018011351333918495,0.016310913420749487,0.01391331041359839,0.044154571868204595
0-CC-3,0.01874237538624271,0.01794148893344384,0.01629781894999602,0.013405303080156528,0.04528127966358253
10-CC-2,0.011953964741957134,0.011999645914688809,0.010046505286307041,0.009522707457255142,0.020106374581261632
10-CC-3,0.011944976248646764,0.011558430462165693,0.009829111575309895,0.008814049935140844,0.023443094736845138
25-CC-2,0.005881642538070729,0.006123118835755599,0.005400418194496444,0.005184101741380065,0.0138316446368133
25-CC-3,0.007266366018968044,0.0073030888715336275,0.006647406239165575,0.00703862167525271,0.015096667507322192
40-CC-2,0.007423551544792083,0.005862295008466924,0.004651273049953046,0.002380883435708636,0.024356007142604552
40-CC-3,0.00801803586725053,0.006495241014534096,0.005174767780294376,0.002452872380437232,0.02375044165205742
