,RMSE,MAPE,MAE,MedAE,MAX
0-CC-1,0.04666264900942703,0.03994718192309864,0.034785810930077425,0.029059003621706048,0.2412926082389849
0-CC-3,0.03868755001185123,0.02862165932151501,0.026164687135547114,0.018345956814965758,0.26412722927336074
10-CC-2,0.03128823552967032,0.024038116403132564,0.022012661145001704,0.0132965174269436,0.21290723342612383
10-CC-3,0.03433081737042649,0.02916977578095008,0.02691519222688182,0.020962668897083203,0.08020760966436613
25-CC-2,0.047232088595497906,0.04404557436863383,0.04060354190893765,0.0427281140415367,0.09617267256350459
25-CC-3,0.0836771119791997,0.08454673486716383,0.07716597811927851,0.09455829393057191,0.1301890043408923
40-CC-2,0.0691532003571894,0.07111548420226389,0.06083690059698457,0.05909625585953243,0.11980244146394414
40-CC-3,0.04787091443420542,0.044232649549381546,0.038616149674064605,0.04032395626472629,0.12456697747571543
