,RMSE,MAPE,MAE,MedAE,MAX
0-CC-1,0.06552002994819614,0.07136069772719696,0.06118697605812629,0.0593770020252995,0.1479241045937052
0-CC-3,0.07220768871190508,0.07840736347883626,0.06771186704299131,0.06487253306874602,0.1329955297212262
10-CC-2,0.017483935444725502,0.015983032160821267,0.014295416922395264,0.012982031171112463,0.04298401527296736
10-CC-3,0.024471590185251375,0.01971253061107171,0.01778604779780327,0.014588020785289424,0.14151103054011227
25-CC-2,0.07276918741547077,0.07224843422817032,0.06320879250542542,0.060739973368384326,0.12468042175881655
25-CC-3,0.07533745052740541,0.07504965319927302,0.06480908226277754,0.059987631229025395,0.14854678200965354
40-CC-2,0.13999654851015683,0.15907156434788092,0.13051950371021856,0.14963767015689095,0.18712444200262923
40-CC-3,0.13068980672400068,0.14737751118003845,0.1214339044471032,0.14157130497321746,0.17497156297988736
