,RMSE,MAPE,MAE,MedAE,MAX
0-CC-1,0.05029771760379116,0.056370567934249015,0.04887898417489678,0.05273966225990995,0.07849538082292096
0-CC-3,0.046531116836120746,0.05104821106800797,0.04414819038894073,0.050083873390307176,0.06445912892624328
10-CC-2,0.005672694876600078,0.005592003800860227,0.004853535423148338,0.004370751799672612,0.028226897061377598
10-CC-3,0.0070432487107325754,0.006519087116620682,0.005816873583225074,0.005479629733786684,0.023976631507519497
25-CC-2,0.007716504064833726,0.006892111616010193,0.005999636720641197,0.004810358153486183,0.019611442004788482
25-CC-3,0.007471576336654892,0.007090553336245417,0.006341838210996962,0.006175434400283009,0.019550528996042704
40-CC-2,0.016230971680737036,0.017401992321492834,0.014495042796015321,0.01552150369234262,0.030380662978993667
40-CC-3,0.0171915998758477,0.018170120673191084,0.015290857704742755,0.016778950701041295,0.027639013884733554
