,RMSE,MAPE,MAE,MedAE,MAX
0-CC-1,0.027048201661268142,0.029738672307764245,0.026277535424585684,0.025796691922775894,0.04728631911399317
0-CC-3,0.025749350614777802,0.028337984287107355,0.025123629567233022,0.024445361473519056,0.045973826031227794
10-CC-2,0.004738192592635388,0.003985134403690238,0.003633530665909689,0.002792729072129241,0.012684922096985907
10-CC-3,0.005686727940020552,0.004921534178351096,0.0045007471845576,0.0036002062557639047,0.020259426541356595
25-CC-2,0.007739676630974478,0.0077816002677470976,0.006831348664993104,0.007223431481235165,0.026625025066413732
25-CC-3,0.01057689759206809,0.009344258356518956,0.00789801037046349,0.005464694227404809,0.025185241914059464
40-CC-2,0.017454648834812552,0.01916725743490508,0.016020748658085646,0.01767364485410927,0.026593589447864052
40-CC-3,0.017016516875448494,0.01859015886012807,0.015696559320541217,0.016204198564602645,0.03506745577802173
