,RMSE,MAPE,MAE,MedAE,MAX
0-CC-1,0.08884551967828665,0.08786210992240488,0.07415175731038046,0.07780037899094272,0.16680454963853375
0-CC-3,0.07765177812052379,0.07593926358044878,0.06435173948608983,0.06394169105480207,0.13693778092667053
10-CC-2,0.07141973886803679,0.06722678127596653,0.05539062103074994,0.045638343193713404,0.13384434065805284
10-CC-3,0.06329282086525732,0.05812164159285512,0.048574444172007784,0.034429474058224496,0.1257808518243777
25-CC-2,0.025530478956780813,0.019172169991826225,0.016307286401179056,0.00706042729224976,0.08473681983348502
25-CC-3,0.03692540682381165,0.02752901691114063,0.02270555828725324,0.007273363427355517,0.0919341662375408
40-CC-2,0.004991189187393764,0.004784175111613913,0.0039855686579898094,0.0034288220583103546,0.011905192895473204
40-CC-3,0.005082436182493779,0.004504007997926832,0.0037030103338612907,0.0027820708576586917,0.01533053552932584
