,RMSE,MAPE,MAE,MedAE,MAX
0-CC-1,0.013876635965991781,0.01395281067647097,0.011868790093911046,0.014404829808075448,0.028237804325047078
0-CC-3,0.012274516737929711,0.012628137317257392,0.01088242377268833,0.011327712062485396,0.019495292256321406
10-CC-2,0.008400143001657688,0.00853059397038223,0.007189143852201472,0.005763143486747058,0.015558192209886745
10-CC-3,0.007909824174503885,0.007345617064641097,0.006214633261757991,0.0038863498845867483,0.0235343650432861
25-CC-2,0.005541156726902448,0.005780516620668889,0.00519595419430975,0.005788723764061032,0.013952378585730507
25-CC-3,0.0046286696291911655,0.0047675610905590915,0.004232013971808394,0.004544413955818616,0.011882421573872093
40-CC-2,0.018605726864953875,0.020153061943798626,0.01641297358645987,0.0121516931423718,0.04143941359096881
40-CC-3,0.019985017054463185,0.02173532373759916,0.01780417189580841,0.01357742722261901,0.04268537199325406
