,RMSE,MAPE,MAE,MedAE,MAX
0-CC-1,0.01685941614009778,0.016964901806751493,0.01515247973222304,0.015141614763841293,0.03979372978210449
0-CC-3,0.02174142171795504,0.020925846030409898,0.019064995364506433,0.017565202678894054,0.046816333746186545
10-CC-2,0.00855764272212923,0.008693984355064613,0.007464123925679685,0.00790292382577995,0.017155870736151768
10-CC-3,0.007865686905649276,0.007251604431856857,0.006309685337158462,0.0059289768277034915,0.0384656861873901
25-CC-2,0.005980016263708751,0.005552010607333688,0.004937018627063802,0.004536202228855368,0.012958696969038952
25-CC-3,0.004541457885626843,0.00416028031754408,0.0036001711531005913,0.002879713680169149,0.016025450699381327
40-CC-2,0.010780862105110521,0.011172762626396665,0.009297439770114936,0.00865156434791442,0.027372061772884093
40-CC-3,0.011724646089794058,0.012307077705878043,0.010284734103935747,0.010271323185385928,0.027379495261381503
