,RMSE,MAPE,MAE,MedAE,MAX
field_data,0.033078802280936404,0.02956512198942883,0.026899523934589345,0.02280968734612998,0.10121782165513049
