,RMSE,MAPE,MAE,MedAE,MAX
0-CC-1,0.0082917822869372,0.007206661743418366,0.006485701102193986,0.005354510842606075,0.025455298396221848
0-CC-3,0.007398272131996366,0.006156425431665187,0.005583065847532488,0.004541193470492755,0.026524770836373057
10-CC-2,0.020371049053586762,0.022498353710953923,0.019231664667113103,0.020578781010974323,0.02975358961748764
10-CC-3,0.020993236694172038,0.02252882029627517,0.01942535508576716,0.02094179685894937,0.03573746800571598
25-CC-2,0.015843133627200922,0.017227879370405402,0.015417084563349524,0.01597833464838183,0.02722951708478083
25-CC-3,0.015288830253864627,0.015325156720222144,0.013941408026391435,0.016308828957140697,0.02757823775115764
40-CC-2,0.009331361206766368,0.009026042585713977,0.007648430805996281,0.007908523843199844,0.020966946645320617
40-CC-3,0.009413454791442262,0.009513594696043726,0.008048311901964207,0.008593898019739754,0.020060675721881638
