,RMSE,MAPE,MAE,MedAE,MAX
0-CC-1,0.03127622770358986,0.030636783313232982,0.027010835593524102,0.026473807899444368,0.11193276306434252
0-CC-3,0.036840452754692464,0.02566892966675126,0.02402241354048393,0.011422331335872338,0.12963355368125806
10-CC-2,0.031149444633902474,0.032857847235684946,0.027968125706572627,0.030614836011848834,0.05318639426291205
10-CC-3,0.03304965200762883,0.03389907940586873,0.029488653385228134,0.03143612015955832,0.10177918625967253
25-CC-2,0.03915975686116334,0.04014694374549114,0.03652197812098069,0.041595041803765775,0.08643631835214538
25-CC-3,0.04085214774176745,0.04259231272400762,0.03864575138021577,0.044668455095184245,0.06314891854835081
40-CC-2,0.041673305363281635,0.0421534982145942,0.03676409592148379,0.03843370399308438,0.0683178931273325
40-CC-3,0.04628159102493298,0.04955669889338625,0.04296312534277518,0.04514511109380248,0.06957088845514148
