,RMSE,MAPE,MAE,MedAE,MAX
0-CC-1,0.041210812444543575,0.04526844512475185,0.03908611045413509,0.04151429177073851,0.06708848558170921
0-CC-3,0.03575034897404923,0.037650715940435,0.032239749399803445,0.03485170647458746,0.05864003813210339
10-CC-2,0.018737492918266825,0.019304034071846804,0.016901501918969337,0.018193210917619607,0.03874101637530014
10-CC-3,0.01482319339125341,0.013930017076098984,0.011895608493790715,0.010287141714822812,0.034844154684368855
25-CC-2,0.03036807834428901,0.03179127706985058,0.02859069155122418,0.031906468366902974,0.04717873500936387
25-CC-3,0.046348309994850616,0.04700108522189362,0.042178849585589075,0.048779864855602706,0.08491945574584758
40-CC-2,0.007314313622987121,0.006408947011682687,0.0055335690993714125,0.003950718585227442,0.027737198806689678
40-CC-3,0.017365420186891228,0.01844397007499182,0.01580241395426133,0.014541898922471874,0.03540997135369184
