,RMSE,MAPE,MAE,MedAE,MAX
0-CC-1,0.14477594541330807,0.13845919289730643,0.11635613652256994,0.10731881767943124,0.2996699785630943
0-CC-3,0.1265989301870845,0.11988606268954101,0.10118686985950422,0.08664011340471461,0.2416073518495221
10-CC-2,0.11983777582953316,0.10681457737021839,0.08730870795515162,0.04979618439931033,0.24870469651208726
10-CC-3,0.10319940846390342,0.08907597947612152,0.07382394365088245,0.03899000424392396,0.22697177646884792
25-CC-2,0.03897702114465755,0.025983492878856162,0.02188618382160284,0.01046987257804699,0.15010082301494254
25-CC-3,0.06292314548304453,0.04328012539687408,0.03545842737905352,0.012152271660709424,0.1681714275328594
40-CC-2,0.00492069708749168,0.004770091152346036,0.004014406523759649,0.003782206762923346,0.015385102174138021
40-CC-3,0.010286557536551893,0.010188003595878844,0.008296837440906467,0.007567769104925626,0.02066709759633023
