,RMSE,MAPE,MAE,MedAE,MAX
0-CC-1,0.010954600021423377,0.009658230780151858,0.008705573292459941,0.007354877056516718,0.030582311125866624
0-CC-3,0.009984142576773098,0.008424749052238173,0.007646125090268143,0.005980634645151972,0.03160970268680641
10-CC-2,0.016878793054883195,0.018498326035629703,0.01577778011467195,0.017305252001803217,0.024985516058680268
10-CC-3,0.017500467902577713,0.018563602814649346,0.01596924068783152,0.017498108704728788,0.031704915763436925
25-CC-2,0.01259105142896767,0.013375215467392919,0.01193981894528749,0.012991733539440331,0.024241536242190498
25-CC-3,0.012008564286386043,0.012022118454745677,0.01085618703235399,0.012732975309313554,0.024665537574918628
40-CC-2,0.007222593284143411,0.006987926219880856,0.00587823736685317,0.00467319365583263,0.01865440563732501
40-CC-3,0.007094589146126305,0.007117975774926377,0.005973455069347105,0.005381045007516905,0.01772047815871025
