,RMSE,MAPE,MAE,MedAE,MAX
0-CC-1,0.118796327325919,0.11308596313474975,0.09547996753468248,0.06768481273749932,0.24162542576005475
0-CC-3,0.10971053869665694,0.1059024329067658,0.09022041925423939,0.06757855415344238,0.2094006376962323
10-CC-2,0.09514235585494293,0.08126211480827049,0.06616687076122901,0.03181501279133914,0.20191660008416978
10-CC-3,0.08052449244724806,0.0647548038712383,0.05336986272098553,0.02222615677119366,0.18717703340778225
25-CC-2,0.03256005805070647,0.02932799876497716,0.02530446003047719,0.01812350122033135,0.10779374417659415
25-CC-3,0.06064809762943568,0.057621079688480036,0.04898065875624558,0.03595074849357305,0.13593055991811331
40-CC-2,0.0038559706440517596,0.003922825026976241,0.003230951814645299,0.0029087057001457306,0.013721357724522543
40-CC-3,0.00596458039513072,0.004819543998019016,0.0038643563040218374,0.0015752026267931152,0.018358605485675583
