,RMSE,MAPE,MAE,MedAE,MAX
0-CC-1,0.02647739258306721,0.02899992120888904,0.025659849487443497,0.025354015793294105,0.04728065667273951
0-CC-3,0.025028276957524118,0.027426864020366128,0.024358880300348478,0.023849538900224676,0.04389880953266212
10-CC-2,0.004358513346101276,0.0037575490719293824,0.0034189126139200425,0.002835015360385107,0.011237006066102118
10-CC-3,0.005269983413857542,0.004740351870756919,0.004321090260156434,0.0037799407536698304,0.019026027627019437
25-CC-2,0.007699501843470289,0.007307550173895449,0.006358207976151057,0.005714941885973934,0.026288378032722326
25-CC-3,0.010647958806041843,0.008976072138918375,0.0075578159851572594,0.0043834711849563,0.025777235245968644
40-CC-2,0.01861416420078497,0.019936916939252574,0.01657491651803716,0.017772231897372426,0.029019114750952535
40-CC-3,0.01821985610410823,0.01948927868200767,0.0163458744210608,0.017019018827791887,0.03580220223416797
