,RMSE,MAPE,MAE,MedAE,MAX
0-CC-1,0.03711501897190961,0.04094974897113027,0.03636182718582136,0.03509194815943667,0.06041394410254908
0-CC-3,0.03840975400974872,0.042460011954089945,0.037813691725078404,0.03583535772155011,0.05949895439579078
10-CC-2,0.00949230813748966,0.008304058022359225,0.007607974715221439,0.008007170075893355,0.022280673859376043
10-CC-3,0.011109771329306293,0.010052320881697736,0.009252479634935865,0.010213670338261815,0.028092490143804105
25-CC-2,0.003919112300724311,0.0037567858759941703,0.003356795756712469,0.003359388416931064,0.014505672248878332
25-CC-3,0.004670459370717823,0.0044754335170371804,0.003970407788040026,0.0035547067561341184,0.009517977278170275
40-CC-2,0.009630789950794246,0.010197667407787304,0.008477557491992301,0.008732862791766549,0.021873354478419982
40-CC-3,0.010078452306218498,0.01098377103310975,0.009230409826464373,0.009364624418134904,0.028862493047614013
