,RMSE,MAPE,MAE,MedAE,MAX
0-CC-1,0.020588626013019334,0.02050657379473677,0.017554681808072882,0.014390604091132131,0.05640137277348167
0-CC-3,0.016260291926542703,0.0141546254525051,0.011899699121485202,0.007635168150814775,0.03778645908776135
10-CC-2,0.01326796911181515,0.013329219214466987,0.011778894099861435,0.014380953124016549,0.028276526915308686
10-CC-3,0.013979681166171296,0.014045432030955157,0.012473871484117348,0.015239542623768643,0.03059289502008211
25-CC-2,0.013226630145068776,0.013719356331742044,0.012370688085077798,0.014031802722663467,0.0264749405708693
25-CC-3,0.012284823077093877,0.013305591855476301,0.011787953621828292,0.012791968258034192,0.021334466537708763
40-CC-2,0.007145655178559135,0.006975392604502922,0.00593509433733579,0.005382921169147292,0.016989587284015117
40-CC-3,0.007618477443732959,0.007605235920517311,0.006423074829512881,0.005798566013169304,0.017817514520404587
