,RMSE,MAPE,MAE,MedAE,MAX
0-CC-1,0.02240507249805609,0.017760805444525796,0.01579297189578226,0.012661629422266674,0.133809958692649
0-CC-3,0.026841358514762152,0.025383012992518272,0.02237624317314445,0.022258656904491192,0.12975611532473263
10-CC-2,0.06836384183290119,0.07432838083047355,0.06319026925549055,0.06876989431359315,0.10026512076058847
10-CC-3,0.06058612465046762,0.06433786478005793,0.05520271536066315,0.061023650625954995,0.0982007544784913
25-CC-2,0.048886439029526,0.048894822833598535,0.04261199013096082,0.036509863722141156,0.13457853814693466
25-CC-3,0.03463405418617109,0.03580069168298245,0.031045803306605245,0.026820769772285757,0.07075427091127062
40-CC-2,0.0036961716049961238,0.003078203735680489,0.002571749310887696,0.001901625828491682,0.022142767472804747
40-CC-3,0.007948719424578107,0.00885361845663866,0.007341912678608179,0.0073041536420194175,0.01492540188333158
