,RMSE,MAPE,MAE,MedAE,MAX
0-CC-1,0.010281156567870712,0.009073298531403526,0.008076017510677654,0.006975771120310337,0.03263967985322491
0-CC-3,0.012397413977850264,0.010151624120740799,0.009205116775834245,0.006875890823861586,0.041175078769187246
10-CC-2,0.013423236830961237,0.013966167117606794,0.012094777984180268,0.012857908635234061,0.023624056999811738
10-CC-3,0.014328113014439868,0.014599583625488667,0.012745710199085885,0.012363553138666883,0.04098481689417721
25-CC-2,0.022423868516551673,0.019103148902124348,0.016830426979950682,0.008919714409346025,0.05779953023525253
25-CC-3,0.02682281962160475,0.021069716796882597,0.017931113825477952,0.00848841136280365,0.06683917444529963
40-CC-2,0.05135392144663865,0.05720073395449734,0.046831856091667144,0.03719309149289873,0.09397357374559523
40-CC-3,0.05048466001043874,0.0563163654050899,0.04641466299799879,0.038935386962733576,0.0935062590820297
