,RMSE,MAPE,MAE,MedAE,MAX
0-CC-1,0.026419459833355065,0.02923128691678008,0.02579284916635836,0.0255881525476373,0.04682213447300765
0-CC-3,0.025078893001641497,0.027843916703885196,0.024648685498178315,0.02420215726016861,0.0423431879086692
10-CC-2,0.003569078192546599,0.0026871233606799096,0.0024414071135708602,0.001784167346189247,0.012464725958582612
10-CC-3,0.004196206773352939,0.0032349962578332157,0.0029522857838843886,0.0020635196019258006,0.01724045128348306
25-CC-2,0.007183201877607928,0.006359687298913809,0.005515765064692265,0.00401735401393577,0.025135862621345373
25-CC-3,0.009713100357146563,0.008075208933597474,0.0068001913278574215,0.004316202098515853,0.023357810729239037
40-CC-2,0.01802678892058976,0.018502094764377492,0.015437361287846613,0.015248154088883914,0.03093778826627236
40-CC-3,0.018031883819276114,0.018398151728304446,0.015468713271239259,0.015264634992924186,0.034829156408209716
