,RMSE,MAPE,MAE,MedAE,MAX
0-CC-1,0.023664363337826882,0.017812338417262024,0.016218519961096238,0.009982303910226586,0.11619849250488457
0-CC-3,0.021154784639529443,0.017199575827568633,0.01567900785034112,0.010863087227404478,0.07322187012184034
10-CC-2,0.040487564561979814,0.04249401108690908,0.035964962982089524,0.03937376671659798,0.07592860717490313
10-CC-3,0.033553009510477835,0.03379403895025323,0.02899886003629881,0.031448802538648235,0.05971177037052011
25-CC-2,0.027730351989945917,0.024484509158774256,0.02120256495705871,0.015038309320187238,0.06814986043616
25-CC-3,0.01985092800889083,0.0161479514953313,0.013788295445171054,0.0071935522307615685,0.05068159381461668
40-CC-2,0.006392819103844125,0.004308679505113419,0.0037765437599569423,0.0022408702750712495,0.033371181552145135
40-CC-3,0.010012347227299023,0.008921130416464576,0.007455092949588528,0.004251815819462101,0.028866139125889423
