,RMSE,MAPE,MAE,MedAE,MAX
0-CC-1,0.00542897166414936,0.00516560004542992,0.004441754697610615,0.004242955663325221,0.01760254755777413
0-CC-3,0.004414582771718939,0.004346011932615777,0.0038480621085911285,0.003510790138390174,0.01517424737668338
10-CC-2,0.0025267794488828084,0.0023877437775366227,0.002065764321146185,0.0018247227493157214,0.012376615481065945
10-CC-3,0.0029107811777942393,0.0020639835731848955,0.001812834878204956,0.0012516832981454007,0.02514309440577389
25-CC-2,0.00500640263254044,0.005215967736285272,0.004619538122135245,0.004782235424339698,0.009955648734961464
25-CC-3,0.00464644743821885,0.003978144825087892,0.0034147093128853723,0.00293645594682701,0.01889480751338435
40-CC-2,0.022909622820266505,0.024005388817586005,0.019386177023193906,0.015558314073207291,0.04970252470547076
40-CC-3,0.023941381322471967,0.0251105760429298,0.020398504520678377,0.017367265399548026,0.050505978224943515
