,RMSE,MAPE,MAE,MedAE,MAX
0-CC-1,0.004201899013087178,0.0034573203397187647,0.0031052637832181098,0.0021819392617811184,0.019004213191294195
0-CC-3,0.0035619491019526894,0.003427506897937989,0.0030419574786673706,0.0027926014820702783,0.008505336359890703
10-CC-2,0.0038129503100620085,0.0037596377734251435,0.0033098292648936186,0.003170951432614477,0.009514493881474184
10-CC-3,0.004827840650313988,0.003926662633499269,0.00355595379232964,0.002522360846631655,0.021686242527989896
25-CC-2,0.0041275714069635445,0.003965051130454357,0.0035528082274704146,0.0032917331671771244,0.008299408107139694
25-CC-3,0.003992399632301174,0.003787328975125157,0.0033514238744372536,0.0030333652682212886,0.01197220485988093
40-CC-2,0.015704288279584783,0.01468904683642772,0.011734305090257004,0.006851655893063802,0.038464664979518615
40-CC-3,0.0175943054216622,0.016549548603572942,0.013297834002525339,0.00750383566566426,0.04081777965850675
