,RMSE,MAPE,MAE,MedAE,MAX
0-CC-1,0.01592584653266481,0.015805806876582694,0.014123936790368751,0.01366319887554579,0.03714262185218287
0-CC-3,0.01506083907473178,0.015104867480336272,0.01352090072126254,0.012568376763993028,0.03717808781101295
10-CC-2,0.011232495346315426,0.011977252462149868,0.010156530867656732,0.010609355266070208,0.020560646044489594
10-CC-3,0.011940890073714036,0.012254386917702968,0.010500134979324591,0.010519142921494806,0.02474321246296085
25-CC-2,0.0040857425426227825,0.0039012712284564486,0.0034897847594121474,0.0031564630916563474,0.014174907786074775
25-CC-3,0.004421766244053765,0.0040668956186046025,0.0036200486360626325,0.003187371324841648,0.01376271555724895
40-CC-2,0.00866018414889657,0.008983543185270526,0.0074736246107535475,0.007643613649885639,0.015461203831763082
40-CC-3,0.008492991202011654,0.008511228390938866,0.007153963399415759,0.006632386905727317,0.024439351568121825
