,RMSE,MAPE,MAE,MedAE,MAX
field_data,0.05022380374767099,0.04418032129418474,0.04008293916868759,0.033253579190934746,0.1327998741663452
