,RMSE,MAPE,MAE,MedAE,MAX
0-CC-1,0.03583086303933032,0.03617495335224325,0.03132205325948366,0.03203627985157309,0.09098497509584724
0-CC-3,0.027319200379472795,0.025974003977605867,0.02302186599576488,0.020164629142183754,0.09273087735159102
10-CC-2,0.03904697983186842,0.0404402622953158,0.034303565077958384,0.03780274214645979,0.06728213772922886
10-CC-3,0.034051615339437284,0.034393421370557335,0.02950339126759956,0.03201281323233768,0.06423204327276433
25-CC-2,0.025129539073450603,0.02205569204432877,0.019081020701266316,0.013375200279047372,0.06253941829203968
25-CC-3,0.017061051625918464,0.013946342367159345,0.01190246345705992,0.0064090095666535785,0.05666697303367185
40-CC-2,0.0160309555592702,0.016747135925819483,0.013610340644461146,0.010587196699135493,0.035159803593473926
40-CC-3,0.025439301721418804,0.026798100877656512,0.02185731687427553,0.017338389538704146,0.051901624525092394
