,RMSE,MAPE,MAE,MedAE,MAX
0-CC-1,0.015251794358176774,0.015334018152175364,0.013751357976654256,0.012414909095561255,0.035534905768656255
0-CC-3,0.015024648071050613,0.014705648437580508,0.013295325369093844,0.012062440886347225,0.03320324771737493
10-CC-2,0.011578307812964352,0.011720875765634223,0.00985363467419834,0.010759970033352051,0.01925534699405118
10-CC-3,0.010171833047685314,0.009957236639713445,0.008567559729834485,0.008463444788286145,0.02060662890127385
25-CC-2,0.006611826000237951,0.006698022283551349,0.005882970379056029,0.0048948714960588835,0.015066755023918299
25-CC-3,0.00497199062912745,0.004804146456618657,0.004361548124273522,0.004105533190166488,0.010463236835557388
40-CC-2,0.0042643344962857545,0.004298322386344487,0.0035713464397670344,0.0031104248989247685,0.01245623783642169
40-CC-3,0.004193005063699648,0.003993286761757443,0.0033772121429681496,0.0026186186725665195,0.01769842365954777
