,RMSE,MAPE,MAE,MedAE,MAX
0-CC-1,0.03354131936837139,0.03018303601583385,0.027370383168615356,0.02317402654889522,0.13771362350158867
0-CC-3,0.02915846557220092,0.023827601600859977,0.022032252826103774,0.01517953253910398,0.09015471523750196
10-CC-2,0.02838951213187182,0.0286757527503282,0.024803951705608635,0.024188066017587717,0.0979112770052254
10-CC-3,0.025621279949977104,0.024347757661150392,0.02167456168527353,0.020159634238754887,0.06492894730694743
25-CC-2,0.021785577129157765,0.01915967909603227,0.017156507794960606,0.012098613596372876,0.049739645912570185
25-CC-3,0.026958628417838065,0.027677839376308737,0.0250376145539614,0.02443051836814958,0.07103681842399168
40-CC-2,0.021195179455637023,0.02240583169514223,0.019368631356495032,0.0173179246386852,0.05729755884859289
40-CC-3,0.02557852953755495,0.0290781803167646,0.02484031681453643,0.0232532096547301,0.05390725466349222
