,RMSE,MAPE,MAE,MedAE,MAX
0-CC-1,0.06154564180672666,0.0674698017537809,0.05996254341469546,0.057389033723922456,0.09317706761481714
0-CC-3,0.06430875138288775,0.07054764924881061,0.06282512395298426,0.060257165931856704,0.09082727821246028
10-CC-2,0.03373585623541966,0.03773049059568853,0.03280355831818466,0.03195813164775885,0.04857182369823698
10-CC-3,0.03983821268403977,0.04408184235417684,0.03897382111846385,0.03808163103622442,0.07142045451299894
25-CC-2,0.0207215015057733,0.022142433133799194,0.01982417541159764,0.019655509326246157,0.03170740053178622
25-CC-3,0.009651541315492654,0.007282844146867838,0.006663881318310609,0.004786006531392162,0.038753333786161304
40-CC-2,0.030674032338463532,0.032315664650193254,0.027900028620916423,0.029911618316010358,0.04660849638157272
40-CC-3,0.022669231016182394,0.022261154048752303,0.019268741508804806,0.020797162123060264,0.04250945309375187
