,RMSE,MAPE,MAE,MedAE,MAX
0-CC-1,0.04192735181183719,0.03657038599129773,0.03341629852769675,0.03377933013598755,0.0958897089184303
0-CC-3,0.03663902494342242,0.03315965631922395,0.029961476677737416,0.02884757242196828,0.07291426271081314
10-CC-2,0.01368075578252288,0.012105322380814972,0.010468335542812322,0.008247927667061283,0.03465709713295573
10-CC-3,0.017935132432530795,0.012325226759603411,0.010860033316258599,0.0070409525213082635,0.16002649818385006
25-CC-2,0.04425408021137048,0.04572872573231598,0.04069537712251917,0.04404754698922203,0.0646920614911245
25-CC-3,0.04396945507828076,0.0455647496908271,0.03998823933818831,0.042115898273675456,0.07376362484279109
40-CC-2,0.11782672648347378,0.13506362866585217,0.11114366785271883,0.1285038354645649,0.1508216853576314
40-CC-3,0.11740628055475305,0.13333330221677106,0.11008751415835329,0.1285891400025001,0.15560768282241666
