,RMSE,MAPE,MAE,MedAE,MAX
field_data,0.030026179039425165,0.026159335823315318,0.02432973069755653,0.020710666524529575,0.07824694729010417
