,RMSE,MAPE,MAE,MedAE,MAX
0-CC-1,0.044250490827309,0.04963473280552653,0.0437313452348249,0.04540865724838339,0.06088410554053736
0-CC-3,0.04381027464203202,0.04904838659398533,0.04326974776095525,0.04425991392921225,0.0534725513859976
10-CC-2,0.008885615227976632,0.00794880886261911,0.007153751751173835,0.005903257445662169,0.025793919131030796
10-CC-3,0.014260217598580935,0.013473514549701998,0.012186402072514485,0.009808858665806441,0.07665581260645749
25-CC-2,0.021256958960371247,0.021875950504763236,0.01919040570421145,0.01872893374597112,0.03490725907583814
25-CC-3,0.024725551688845982,0.02605906695072822,0.022738038119691297,0.023769846424812613,0.06220730828528831
40-CC-2,0.03884275511381397,0.044283113067303974,0.03630213012214073,0.033264556949176405,0.06549024538570758
40-CC-3,0.03660383966164076,0.041304707007776824,0.033988943914355904,0.03191616348641013,0.06298611795730436
