,RMSE,MAPE,MAE,MedAE,MAX
field_data,0.044965002414268165,0.03754271995914563,0.034838744667087654,0.028918231486901202,0.22022659771084796
