,RMSE,MAPE,MAE,MedAE,MAX
0-CC-1,0.14288117838879538,0.1523950349203229,0.13078275007225243,0.13998032368455876,0.21195125335862652
0-CC-3,0.15361906326115238,0.16206130937858215,0.13846186616725079,0.1472203933119962,0.22277114921087804
10-CC-2,0.1305057684608352,0.1304045432101684,0.10865477146469597,0.09554992039548105,0.22712397764492298
10-CC-3,0.11748962477048974,0.11301395569086486,0.09565042313537375,0.08421002439615999,0.280897088393811
25-CC-2,0.028499744674191498,0.025279490632797497,0.02211955267757756,0.02019422186085773,0.08564617481927295
25-CC-3,0.02388250895894801,0.0230163104323086,0.02038012255889604,0.02230009192159843,0.08418831121313675
40-CC-2,0.07923433190332713,0.09191245403196535,0.07677441548393187,0.07959173410669934,0.09937924927766018
40-CC-3,0.08476777082538176,0.09827476218508355,0.0821055164517669,0.08734414567665938,0.10376843340853437
