,RMSE,MAPE,MAE,MedAE,MAX
0-CC-1,0.08424956284927282,0.09497134537642273,0.08253625567652663,0.08137196236611643,0.12631571048905865
0-CC-3,0.08115284307285918,0.09015201477485983,0.07826604370588094,0.08052543635123932,0.11147293960991711
10-CC-2,0.029165906344144073,0.03284273874653081,0.028066343356783385,0.027862299265334678,0.04619450927118418
10-CC-3,0.039431672342791664,0.0443657680795207,0.03883252520119363,0.038887344984503636,0.0612659529300964
25-CC-2,0.003986743823495808,0.003862661781868232,0.0034794995983581144,0.003137395546276678,0.012202863052283242
25-CC-3,0.008595862778787362,0.008225589001610457,0.007399226756677841,0.007778166257717267,0.05656894730811546
40-CC-2,0.015630803628046936,0.017177222440513822,0.014188885825234584,0.01223826619456636,0.03414845423275348
40-CC-3,0.014891272280847117,0.015202789873260776,0.012477805710879104,0.009662384721010553,0.034263687711475144
