,RMSE,MAPE,MAE,MedAE,MAX
0-CC-1,0.024264655059915426,0.02467256584785843,0.021785024619069174,0.022002973266638692,0.06219917291810528
0-CC-3,0.02741964808378325,0.026843455847118707,0.024236158855787553,0.024674847008516854,0.05493162534164553
10-CC-2,0.013612451038010762,0.014054978771746454,0.01215316267965047,0.012117883909187666,0.02939715466485826
10-CC-3,0.012228745341903772,0.013056164036149209,0.011363792491494855,0.010939456185506458,0.0317556933018005
25-CC-2,0.006797418004897957,0.006439453425358931,0.005627738928204688,0.00503367576534669,0.01597014817495923
25-CC-3,0.006585559931090015,0.0066615586734281905,0.005925498415162613,0.006286037274850997,0.020558741562418437
40-CC-2,0.010962181968291795,0.009139982749184154,0.007330595334099022,0.0037237794391820067,0.032127081914485656
40-CC-3,0.011599702377009106,0.010175875698422175,0.008246951559805376,0.00488138615307776,0.032097024081419345
