,RMSE,MAPE,MAE,MedAE,MAX
0-CC-1,0.010528007026985281,0.009798278011043047,0.00873267856979346,0.007668590539096021,0.042304394189620176
0-CC-3,0.009190294521126265,0.008957965496602485,0.007990453784299838,0.007680158099572565,0.019462405891507828
10-CC-2,0.014126339018176549,0.014046409620849026,0.012327998847002017,0.013221905656982003,0.029717690276019115
10-CC-3,0.016030835958053553,0.014823131174923614,0.01345881108207666,0.011564674244253781,0.041056500382451566
25-CC-2,0.02060941659653568,0.020422270608274132,0.017811567787180887,0.0170665502116375,0.046142933236555606
25-CC-3,0.027811171620149497,0.02918434888670155,0.025258434371948878,0.02546216609919999,0.05605150860133601
40-CC-2,0.05017684278899465,0.05470496494848979,0.04442575955909799,0.03944551743576957,0.09264545736356367
40-CC-3,0.05054178204744848,0.054336785969027426,0.04442282673742844,0.040773421001811805,0.09324081478667046
