,RMSE,MAPE,MAE,MedAE,MAX
0-CC-1,0.0424721587039701,0.040329439081635964,0.03386026449496544,0.030421889988015816,0.09101575369050519
0-CC-3,0.03812864482883619,0.035131622221700465,0.029538372227975396,0.0236300844138021,0.07613299662872741
10-CC-2,0.035194273225630096,0.030313106498915818,0.024643088574463092,0.013114140098603455,0.07690940890596165
10-CC-3,0.02946733079741197,0.024492951891674063,0.020231552068721445,0.01098260786115074,0.06965712392498258
25-CC-2,0.009463021106075496,0.005983718345430256,0.005026308573013589,0.0017803410858588942,0.04381423768397941
25-CC-3,0.01880983267567846,0.013396224278429954,0.010975948925306496,0.004448273538272818,0.05362572459859427
40-CC-2,0.002369735616205589,0.002076907928710647,0.0017097214209712895,0.0013806941488231916,0.011506616635860167
40-CC-3,0.0025189383377189523,0.002218580118315363,0.0018107957593748781,0.0012177871610502544,0.00834286393739625
