,RMSE,MAPE,MAE,MedAE,MAX
0-CC-1,0.006567571771954789,0.0060505684724817465,0.0053693284222490895,0.005033643294229007,0.018545451136700364
0-CC-3,0.006520333301421061,0.005516405462032296,0.005012250655626479,0.0038899493948829633,0.022304702381630626
10-CC-2,0.018876547857883483,0.02092081640644114,0.017860890863521228,0.019637950205259436,0.027765476691004487
10-CC-3,0.01656875600657745,0.017786358369020722,0.015308892924232832,0.016293268565001406,0.028352869750558507
25-CC-2,0.01632534098356396,0.017600402918700794,0.01575799981985285,0.017270749996496415,0.025620226219092324
25-CC-3,0.01924332439347415,0.019544785947106815,0.01772889683251381,0.021181622226490893,0.028127160542063212
40-CC-2,0.01265273348875868,0.013877821120626993,0.011638904556210418,0.01139690899557022,0.0252786870437276
40-CC-3,0.013129263848303381,0.014599929817345002,0.0122198196278548,0.012882779245108167,0.023529412170428476
