,RMSE,MAPE,MAE,MedAE,MAX
0-CC-1,0.01337566005938558,0.009975215494351635,0.009272048639232523,0.005083433003828408,0.04030571383618209
0-CC-3,0.012468386221758049,0.009468134800838295,0.008810305411068278,0.005435613370872505,0.038443779933560185
10-CC-2,0.02987493628951527,0.03067125733086278,0.025718466880148966,0.021880881318305234,0.04992793961471742
10-CC-3,0.028035408998198764,0.027846308817743613,0.023674224499908483,0.01824859388550709,0.05408229676971277
25-CC-2,0.025244138923715843,0.027145007041680096,0.02407262483861149,0.02605692264811893,0.05142638843587399
25-CC-3,0.027351978486532955,0.029349898061720496,0.025690287202107625,0.02743693154754595,0.05435026095873441
40-CC-2,0.043060890081517894,0.04947133449185345,0.04080361981099647,0.03704036957317425,0.07549080797791374
40-CC-3,0.042229138303674814,0.04780304171860793,0.03959417179071526,0.03456391511758172,0.07599830363231486
