,RMSE,MAPE,MAE,MedAE,MAX
0-CC-1,0.036325223560723686,0.03798852508363124,0.033243260425699826,0.032517420564597554,0.06005956880459973
0-CC-3,0.03418516319640567,0.03494996648603113,0.03026643589621862,0.02858297817639971,0.05601056840629415
10-CC-2,0.007126917918100801,0.006823982755139379,0.005925710557087474,0.004893814706937394,0.014728381208252372
10-CC-3,0.014116854370770286,0.006734728051480114,0.005961041840367221,0.004582156942249449,0.17473722253764035
25-CC-2,0.023054190182326822,0.021781730494670238,0.019406457466971713,0.01834352947339446,0.04175495989474054
25-CC-3,0.028445599902150072,0.026600601787566982,0.023395238377760304,0.020612019801769743,0.05953337353053523
40-CC-2,0.0656867277186244,0.07042726072707757,0.05726098712311315,0.05745265652365,0.11047583775097247
40-CC-3,0.06313616068164499,0.06703575815390424,0.0547810508735858,0.057200876776290155,0.10910199320144498
