,RMSE,MAPE,MAE,MedAE,MAX
0-CC-1,0.007257421842127982,0.006120374861029114,0.005515741967692865,0.004101110334333413,0.023830952616802903
0-CC-3,0.006612634507395339,0.005249138628782976,0.004799935663417845,0.0032442756754731406,0.02439831552936622
10-CC-2,0.021090119150748453,0.02316040754207585,0.019883871054047143,0.021570458673803028,0.032612884032007905
10-CC-3,0.02193971336744836,0.023505026783686246,0.02033979425736489,0.022505396739640415,0.03907294392734684
25-CC-2,0.018106330018630004,0.019093297485560802,0.017090048686143,0.019239328618150697,0.030854194742861885
25-CC-3,0.016756687759078483,0.01672402344428836,0.015093468308993378,0.01837762352754796,0.031270566681058765
40-CC-2,0.011341315280416705,0.010896240936273867,0.009234968154837039,0.00804391423301054,0.02451109740822166
40-CC-3,0.010650121833302838,0.010146328815560338,0.008670433338753272,0.008698386816534454,0.022121208291766892
