,RMSE,MAPE,MAE,MedAE,MAX
0-CC-1,0.012686265449375279,0.013825817334922079,0.011904621477139995,0.012400443778439407,0.028647181932234922
0-CC-3,0.011344654095838106,0.012146228217361908,0.010438706057171697,0.010737389548084897,0.020572228978123164
10-CC-2,0.0028783253850463535,0.002626527868429473,0.0023444313312098886,0.0020495849695826296,0.00936461143385603
10-CC-3,0.007770940307042566,0.0057664605194024275,0.005253600731564771,0.004092849324308312,0.06765950475657345
25-CC-2,0.019333277758736514,0.020237140168842593,0.017773265295951385,0.01790729370929045,0.0291992828860842
25-CC-3,0.020780647152687896,0.02233149563979378,0.019473506151738672,0.020125552279999903,0.03416957062068415
40-CC-2,0.045713781679749654,0.05193017627956106,0.042526623642677404,0.04008854822345981,0.07654404596859332
40-CC-3,0.044590327719093825,0.05028887080849214,0.04136841872104609,0.040273381294088195,0.07431702053375089
