,RMSE,MAPE,MAE,MedAE,MAX
0-CC-1,0.01679015318752933,0.015815790637700132,0.013745360272629884,0.011310636739260416,0.0511585449617149
0-CC-3,0.017860090578814176,0.01606570959225314,0.014279998209153636,0.01251880030271052,0.050455283542136464
10-CC-2,0.011990573893745632,0.011497311414954548,0.010189579159818267,0.01116851916056516,0.024991869926452637
10-CC-3,0.0132133099030464,0.012694569422396294,0.011331615399852285,0.011760964854027778,0.05431777988398434
25-CC-2,0.01912661882137093,0.013056183739823665,0.01142558257363021,0.0030238338139467746,0.04979496770544711
25-CC-3,0.022519626862501415,0.017888284953169745,0.015206939895290561,0.007005090739818143,0.05404092472377253
40-CC-2,0.043686944288894906,0.04725938378818983,0.03853981440061213,0.029167357788625004,0.08341371969753619
40-CC-3,0.0423528012110964,0.04599937446847606,0.03778413152495591,0.030749363218502634,0.08370087778396451
