,RMSE,MAPE,MAE,MedAE,MAX
field_data,0.030272298915464232,0.026548333028253893,0.024773320215004575,0.02163960977628565,0.09406312915383341
