,RMSE,MAPE,MAE,MedAE,MAX
0-CC-1,0.03127274059591443,0.02894619668732076,0.02521959280952253,0.01672160949907986,0.07318078522658467
0-CC-3,0.012488317376737284,0.011124464628434982,0.00997835239425327,0.007927481563350214,0.035935408346535636
10-CC-2,0.07379864570108993,0.07657446163137073,0.06452809169988644,0.06203134934557725,0.12016756966836717
10-CC-3,0.06061444365642188,0.05949384237683102,0.05043239933190099,0.056239769270691076,0.10994513447574472
25-CC-2,0.035182017807650304,0.030813901851017404,0.02682375903143108,0.021757109668703367,0.10868334518571332
25-CC-3,0.038141462991933724,0.04004163906227707,0.03562756126304641,0.038994771311865684,0.05489194393157959
40-CC-2,0.02947305487100007,0.028973695124577616,0.02367769607522995,0.017544060276013906,0.06831568151842238
40-CC-3,0.027695436911673556,0.0272152370797855,0.022479819136666603,0.01838904965090027,0.06534590063643242
