,RMSE,MAPE,MAE,MedAE,MAX
field_data,0.033589946538193034,0.030100107303856767,0.027563697280914515,0.02510605312788783,0.09615116806960722
