,RMSE,MAPE,MAE,MedAE,MAX
0-CC-1,0.007135692280886964,0.006267256774849198,0.005560345406818939,0.004680384791446113,0.028526055358122027
0-CC-3,0.006515259796208646,0.005719410346099545,0.0051333760423207375,0.004306568765414576,0.02070723829700538
10-CC-2,0.01852257316475279,0.02029941607985575,0.017575832807254665,0.01927217471239351,0.040797970107048775
10-CC-3,0.01847697565521911,0.02000141831445657,0.017419644105133546,0.019359504017003593,0.03680570244938053
25-CC-2,0.023024565909073275,0.024070925296112516,0.021693830519835842,0.024782485690808265,0.03599387820044608
25-CC-3,0.025502123579181794,0.025221452319626653,0.02290525900071309,0.028175444590180176,0.03803708838706443
40-CC-2,0.01590228122057343,0.014155058863603562,0.012358028756555768,0.010181806457465026,0.03179055306999534
40-CC-3,0.017380883642136368,0.017097336327963005,0.014866594569019313,0.012564113531521315,0.03240226984557415
