,RMSE,MAPE,MAE,MedAE,MAX
0-CC-1,0.006093215951958449,0.004006041222275853,0.0036858808656172726,0.002040573392202094,0.024470099761423447
0-CC-3,0.005202801207025644,0.0034831053448739283,0.003203522655888577,0.0018812141951930483,0.020615404474010557
10-CC-2,0.03501163994196394,0.03816476248831077,0.03246843150958391,0.03890283127875055,0.04592935780498075
10-CC-3,0.030786649197156322,0.03280918534797209,0.028239567283731754,0.035551021092920465,0.04230339646488346
25-CC-2,0.04821063658123196,0.04988853046289103,0.04371632608399433,0.04361887697374772,0.07704440507193189
25-CC-3,0.047474892329340594,0.04951169503846564,0.04286541757993578,0.0421255000669849,0.077852205451159
40-CC-2,0.06933715315869399,0.0796766522850034,0.06547132978672451,0.06936803294024602,0.10241520361477252
40-CC-3,0.0655110552139135,0.07477333154493815,0.061719239079327984,0.06662299412116668,0.09612063801116788
