,RMSE,MAPE,MAE,MedAE,MAX
0-CC-1,0.040364067878649997,0.04563789435040777,0.04013335245844676,0.04000638214626667,0.055931085361730526
0-CC-3,0.04224984999308673,0.04768979474209718,0.04209097541998483,0.04202235147449307,0.05195125186101579
10-CC-2,0.0064246167245423915,0.006591658632443143,0.005777392998881444,0.005732599550101858,0.014696786762074754
10-CC-3,0.008152646764589435,0.008493851362720952,0.007568916408647297,0.0073531887615164715,0.018831244703834127
25-CC-2,0.01068385663681268,0.010515844736721588,0.00954281827389,0.009800025590909145,0.02236294815657003
25-CC-3,0.019941482450933308,0.020239048196149273,0.018399139549839672,0.020815338948388218,0.029780356024830312
40-CC-2,0.00992985006378567,0.009800251155797227,0.008224125235423176,0.007300816500238505,0.023808346163042393
40-CC-3,0.00950092988540568,0.009580823731385005,0.008028864445456687,0.007274098367499482,0.02390518238151318
