,RMSE,MAPE,MAE,MedAE,MAX
0-CC-1,0.05708649177125814,0.058163938729643754,0.049268162958322696,0.04937892403599092,0.1085267638604881
0-CC-3,0.052632803188263425,0.052419239753184035,0.04442372845559064,0.04406617883279418,0.09594718987747619
10-CC-2,0.04341025320457022,0.04190868263165724,0.03464395440638725,0.02636216298041194,0.0862095510993397
10-CC-3,0.04065357447631903,0.0394993684788022,0.033290110809012806,0.027113480749203556,0.08308438146282437
25-CC-2,0.014203360864050904,0.013265169858637689,0.011490993458668776,0.009215100660747377,0.047852809995380774
25-CC-3,0.022503860928297568,0.01985830282074957,0.01671797764771305,0.011017356100869957,0.05808599977178153
40-CC-2,0.003256281299600571,0.002748367059790789,0.0022839815492995937,0.0017261064833082873,0.013522505326808654
40-CC-3,0.003158927349918607,0.0029151666085566632,0.0023835020491582803,0.0018923219541369107,0.009694518466967783
