,RMSE,MAPE,MAE,MedAE,MAX
field_data,0.07578251597033876,0.07012868796910124,0.06512740443687672,0.0681488789197765,0.15183081932355058
