,RMSE,MAPE,MAE,MedAE,MAX
0-CC-1,0.0731251957142552,0.07855983290379694,0.0677326374980214,0.07235476115898504,0.12719570362478272
0-CC-3,0.04681121370611968,0.047441088288395716,0.04097075041672048,0.04310700494740133,0.1490608201623378
10-CC-2,0.07789198568751743,0.08581783786734176,0.07319181159219434,0.07980354754910868,0.11017215941394254
10-CC-3,0.06821285081247049,0.0728095709211728,0.06259602115745683,0.07063268879237355,0.10439764643362248
25-CC-2,0.04901915772255987,0.05035189645549096,0.04407633848986673,0.03772114220862721,0.12871862670513168
25-CC-3,0.037192305025916056,0.03893482850979038,0.03387268794385102,0.029688990102877955,0.07829927480135146
40-CC-2,0.008628638842113255,0.008958885386638544,0.007527261106347988,0.006960094099767389,0.025456741645911274
40-CC-3,0.007733327289505017,0.0084051520084899,0.007084318296280807,0.00747962589532275,0.01364841443999798
