,RMSE,MAPE,MAE,MedAE,MAX
field_data,0.06117772983375809,0.0509953128557148,0.04595091742194691,0.031114011765433602,0.17670230646245522
