,RMSE,MAPE,MAE,MedAE,MAX
0-CC-1,0.014920316113313561,0.012896485187898177,0.011818740227484347,0.008428714724827036,0.038680540896677496
0-CC-3,0.017879981955211528,0.01661829277135076,0.015178718120283707,0.011131615961196939,0.039960015396614756
10-CC-2,0.008915443701926193,0.009022275217313767,0.007638193046902669,0.006714358646175644,0.016327462526656178
10-CC-3,0.00867263071912192,0.008675422268582611,0.007529633784931166,0.006812029722735646,0.019879148907689603
25-CC-2,0.0035106927331077955,0.003403455413510051,0.0030325075889940964,0.0027978293133934518,0.01081705506125541
25-CC-3,0.004216521837806128,0.0038933582701161365,0.0035276129801009746,0.003105698621543307,0.012013617663900189
40-CC-2,0.009488069788124949,0.009221081895696316,0.007529805384832909,0.005640372081471334,0.025590478940547667
40-CC-3,0.009418285109501294,0.008836042619796943,0.007225489734530409,0.005401511295714534,0.023460512119405474
