,RMSE,MAPE,MAE,MedAE,MAX
0-CC-1,0.030276471767294266,0.030917198526527197,0.02625421360653961,0.03034889777275518,0.05109691375901715
0-CC-3,0.03766316796981421,0.04029209329284019,0.03461751737652827,0.03726115972170002,0.05837436183913636
10-CC-2,0.020059135400769045,0.021311135462137237,0.01858404176310523,0.019860878056446762,0.042821013914820405
10-CC-3,0.0156784007225468,0.014309719630429943,0.012098386097200528,0.009927405259789246,0.035777921049420125
25-CC-2,0.014147410832708434,0.014679818482778124,0.013185045205995793,0.013883866490920382,0.029149998894861917
25-CC-3,0.023461475532693427,0.022079523390413705,0.019808843277481676,0.019927909731008442,0.05889928648772991
40-CC-2,0.0107031326080561,0.011575487058013312,0.009758388422551598,0.010066232565732414,0.029494972293111932
40-CC-3,0.0074545152755497255,0.007280778401295418,0.006183217077840509,0.006013136443489553,0.030132412910461426
