,RMSE,MAPE,MAE,MedAE,MAX
field_data,0.0414232572277746,0.03469114723035892,0.03131561566107969,0.02410525501030414,0.12925366832550222
