,RMSE,MAPE,MAE,MedAE,MAX
0-CC-1,0.019934910836707818,0.022110892994829524,0.019359237011922617,0.0195825774888696,0.030828582621836187
0-CC-3,0.027780259389827762,0.031145087596775003,0.02746497282657476,0.027626028993661456,0.04039423523380348
10-CC-2,0.010402809591213908,0.010197264467639498,0.009082525234553543,0.008812373694355724,0.02935960291552231
10-CC-3,0.006336747424838455,0.004205233269804115,0.0038492583641963805,0.002073061752378924,0.03065469218389738
25-CC-2,0.014274656925385378,0.013592420307768825,0.012189534988890112,0.010682247706003345,0.03956508085252597
25-CC-3,0.022660322565583146,0.022420696529797807,0.019711877083865906,0.019467373258672316,0.04823816130462444
40-CC-2,0.014772979618319058,0.014021017678869575,0.011632734069297188,0.008982939581061944,0.04345235354158605
40-CC-3,0.01556973679927295,0.014596968462638065,0.012010555555434767,0.007810655487835438,0.04424959421157837
