,RMSE,MAPE,MAE,MedAE,MAX
0-CC-1,0.00807350727562119,0.006375543940813366,0.005814854551993629,0.0040053382130603166,0.026398786857065537
0-CC-3,0.008483837133303512,0.006867228863158893,0.006272013476398435,0.004884374107574474,0.02661680040790626
10-CC-2,0.03504410179346881,0.03789294119498661,0.03208418175167402,0.03873433310312735,0.04765445683444425
10-CC-3,0.02774880828066867,0.028636916984670763,0.024423953277021803,0.027577497566382447,0.044207743651182296
25-CC-2,0.024253832134797943,0.024484822887053073,0.02136632248113875,0.018015925974103175,0.0530836703452684
25-CC-3,0.022160065832006567,0.023318299086859586,0.020190612524746666,0.017459572172573656,0.03995160074549142
40-CC-2,0.01823453939943067,0.01991916310909045,0.016301245976344362,0.013151376618726396,0.041883527799190245
40-CC-3,0.015373975233975098,0.016810192648326623,0.013837543222905155,0.011502184602767529,0.0309981721840088
