,RMSE,MAPE,MAE,MedAE,MAX
0-CC-1,0.016502670025796928,0.013377873224617707,0.012329259459210777,0.007959735690836911,0.04418163237693262
0-CC-3,0.015880170848055493,0.012596446783274859,0.011681956119094915,0.00708787169748859,0.04233830032779762
10-CC-2,0.015417854028990884,0.01471885613069188,0.012225272812382799,0.009560772940387485,0.026889878769480346
10-CC-3,0.015285444947769058,0.014099442002657045,0.011882239879552175,0.008435211042495783,0.029033726544203997
25-CC-2,0.004908337268300928,0.0036974843653135325,0.0031793104761947025,0.0015832655519280592,0.013700297959334362
25-CC-3,0.0029788408433824554,0.0024231047009371015,0.002178734301659707,0.0013875563277345182,0.010633590915830493
40-CC-2,0.007266537956659123,0.006932318020085007,0.00561294776723322,0.004270680639958613,0.02180069641643878
40-CC-3,0.009024244081220798,0.008806911977575747,0.007191559477968915,0.005164146423339844,0.021911816606421386
