,RMSE,MAPE,MAE,MedAE,MAX
0-CC-1,0.05479805545690333,0.05736636021025126,0.04880982568328988,0.049697564251812376,0.10013210529496686
0-CC-3,0.051804332436015295,0.05306591749374351,0.045156995147114735,0.04533004941395469,0.08821467931076477
10-CC-2,0.0464490225455204,0.04657115241143833,0.03872788456329502,0.03028811928908487,0.08585019469598887
10-CC-3,0.042781194780638486,0.04280786518212947,0.03624134086319782,0.028585247731349295,0.0824771469519775
25-CC-2,0.01937455973443644,0.018582566466490924,0.016163419943498507,0.01243815520281516,0.061462994188038245
25-CC-3,0.027970077106211685,0.025903446116896656,0.02197918262322104,0.014388401479614177,0.06708344010991629
40-CC-2,0.0022678163620181778,0.0019285707657545376,0.0015613173200498545,0.001177608474159486,0.010344624085963927
40-CC-3,0.003472429761846257,0.0027749736604004813,0.002220387681785569,0.000851276318504901,0.011435570140856943
