,RMSE,MAPE,MAE,MedAE,MAX
0-CC-1,0.007535698261396545,0.007016923884234695,0.006111530425609619,0.005408907949913611,0.023645877838134766
0-CC-3,0.00742226516149195,0.007209029796243758,0.006336368005069819,0.005883119884720234,0.020408034324645996
10-CC-2,0.027565696159449767,0.031057597303297425,0.027168104792889298,0.028139311333262085,0.04371490477251694
10-CC-3,0.0286785653068035,0.03213973285989924,0.028330913794303008,0.02924228433134629,0.04722888589054264
25-CC-2,0.027319888509908217,0.02945051921400318,0.026655079490081286,0.027688389345123687,0.03823143656531425
25-CC-3,0.028326404889875853,0.028210566542957154,0.025852151893013646,0.029878937928917992,0.04039037134941237
40-CC-2,0.015633679545382025,0.014171314106032262,0.012400185698104214,0.010830686680471047,0.035969369357990666
40-CC-3,0.01589345045594664,0.015659635361928725,0.01362812230009817,0.012597016423730345,0.03429934756724229
