,RMSE,MAPE,MAE,MedAE,MAX
0-CC-1,0.0598654903110069,0.05201096438208056,0.04598889400709303,0.039128190211237146,0.21478304708635798
0-CC-3,0.028710949650516543,0.02526800417603659,0.021705302911136055,0.015228840598910942,0.08289526860503771
10-CC-2,0.01922071867884224,0.018621399415669503,0.016189918714922785,0.01566232939279777,0.0340301229325638
10-CC-3,0.017697523831253444,0.014527748086044451,0.013146409526329027,0.010259308143532653,0.05375319876544027
25-CC-2,0.02327393173332615,0.023321265994125907,0.02072827125348312,0.02418029316000897,0.04026145588588048
25-CC-3,0.028420278762575146,0.02931027494389956,0.02587502623930281,0.027164395190091395,0.054991154783845975
40-CC-2,0.06650225196981126,0.07559049920621037,0.062020232293777504,0.05459831369288293,0.11347534954415006
40-CC-3,0.07136224149163832,0.08085619847378184,0.06664701939836512,0.0617927130477921,0.12056360876388394
