,RMSE,MAPE,MAE,MedAE,MAX
0-CC-1,0.0032941627405864626,0.002988035029202887,0.0026543525661249213,0.0023472759738091264,0.01593969998481226
0-CC-3,0.003206941524419008,0.003071144212811287,0.002713716548970799,0.0027940463539489757,0.006163386289375183
10-CC-2,0.009488664248314047,0.009952188051356756,0.008567244616017228,0.008691188954766671,0.015283135415474325
10-CC-3,0.009082178309553669,0.009170326455184431,0.007986696881380975,0.007637356944793061,0.03198838983500363
25-CC-2,0.01749724812032975,0.01812030248690975,0.01591014771641831,0.017142020200436425,0.02659533175726514
25-CC-3,0.0144343722057541,0.015067270099007931,0.013096617361392048,0.014059510615927251,0.024886247715229515
40-CC-2,0.04640983960488431,0.05218552765650491,0.04262852079663893,0.04173083529635252,0.07742190317684527
40-CC-3,0.04659839899201842,0.05182368418600364,0.04249590007723096,0.042352763716292596,0.07789681589431607
