,RMSE,MAPE,MAE,MedAE,MAX
0-CC-1,0.026419451423454792,0.02860197743638222,0.025423134492258886,0.024618009231778315,0.048851060248636724
0-CC-3,0.02600047789890851,0.028271110643350642,0.025216952188811256,0.02360406448761232,0.04443185387088844
10-CC-2,0.0037066256805940276,0.0035956957524146843,0.0031792220165838534,0.0030497827616696727,0.010040009009119721
10-CC-3,0.004551932420782445,0.004479435018744574,0.003999431364954458,0.0038538922672929354,0.01563231796744302
25-CC-2,0.0055124691807082755,0.005166906417538214,0.0045536792238468115,0.004778114970132585,0.022867190631904455
25-CC-3,0.010030570577249869,0.009317123183349684,0.008085031557629546,0.006578005912125318,0.022736802315975968
40-CC-2,0.013527219181318715,0.014424059936813295,0.01203121056045543,0.013482525312520699,0.02177744843396645
40-CC-3,0.012810782314359666,0.01327373395193269,0.011197384970804254,0.010747506628346781,0.031837301263708984
