,RMSE,MAPE,MAE,MedAE,MAX
0-CC-1,0.018846983429064813,0.0169173924782683,0.015349121755963915,0.01350519136947026,0.04481946168067408
0-CC-3,0.01854690622076324,0.016449492278377192,0.014997327350490752,0.012859574891893377,0.046012330631752696
10-CC-2,0.010947226121659395,0.01119479312311989,0.009559441744912453,0.009663612833291091,0.02181369002620792
10-CC-3,0.011816549369157617,0.011705667453611358,0.010150239721275258,0.010555428642046227,0.02476643706014836
25-CC-2,0.004971892304588179,0.00438288551781806,0.00384201519509049,0.002961517628085719,0.01586900928882584
25-CC-3,0.00570005708073555,0.005072319037306768,0.004330398350882138,0.003263170457878606,0.0151535099033282
40-CC-2,0.0035230495441811198,0.003200433136727867,0.0026183918010191367,0.001855870241261326,0.012605905099452697
40-CC-3,0.0045100062608401876,0.0037929052115320463,0.0030855191436540497,0.0019072764610346127,0.016646282682318603
