,RMSE,MAPE,MAE,MedAE,MAX
0-CC-1,0.08080048296222449,0.0797118851870952,0.06848442239903889,0.06284443526208544,0.22094142355220192
0-CC-3,0.07044188819115435,0.057213923657719094,0.05289793035719124,0.03476729388587463,0.20240183212829466
10-CC-2,0.029203566903614735,0.02622801467020572,0.02342302402748848,0.0197571034565433,0.16841944198891523
10-CC-3,0.03503955773388317,0.029182063103120156,0.026491872183400128,0.02354540644682629,0.17900482838906584
25-CC-2,0.009898139193932442,0.008628904019727676,0.0076476312175849815,0.0066288970552261794,0.04288943232677467
25-CC-3,0.027117108570728285,0.025088130556089175,0.02214792916912308,0.019056307069090672,0.0829992561269326
40-CC-2,0.042868501746372766,0.046606570885741466,0.03885028384301763,0.04350470712197407,0.06488315144998846
40-CC-3,0.04910064115379292,0.05313428870700776,0.04480806763196857,0.05217902426369492,0.07378334299537848
