,RMSE,MAPE,MAE,MedAE,MAX
0-CC-1,0.03134808221193446,0.028819978070655783,0.02549534549156087,0.022960718597772045,0.1480707015637932
0-CC-3,0.04110198177588089,0.03769369442680836,0.033664530348743865,0.03204369709233046,0.1230249482964314
10-CC-2,0.018504613828946803,0.018163306885155082,0.01601493921057085,0.015521586594343106,0.041662559308734415
10-CC-3,0.02366261824142829,0.021616054765362897,0.019539659004132105,0.01878279511064329,0.11363669587270964
25-CC-2,0.030345519280093273,0.030933243119536578,0.028074424305437017,0.030537924163954178,0.06164287228815002
25-CC-3,0.038923186660671676,0.04054655701040106,0.036624263427013755,0.04013768476027857,0.09524566213203
40-CC-2,0.058262630421685224,0.06896703855170368,0.05765682868668923,0.06115572725536356,0.0681935023038186
40-CC-3,0.06463129276086255,0.07618233538475669,0.06380380828024361,0.06762834567277487,0.07591909434423916
