,RMSE,MAPE,MAE,MedAE,MAX
0-CC-1,0.02595890533888274,0.028435760063735875,0.025122126877679576,0.024814790652341767,0.04641787943961573
0-CC-3,0.024712802667633885,0.02709224936327153,0.024016632996755376,0.023578868290045962,0.04193698225452491
10-CC-2,0.003736144810511206,0.003404646259410865,0.003048567929167634,0.002656606712365006,0.01110877989458725
10-CC-3,0.004652167848033197,0.004370744631968028,0.003927022144619051,0.0036861675531975058,0.01727073044302896
25-CC-2,0.006591399977744446,0.0061941059248674666,0.0053891241880522625,0.004452889498724577,0.02590464332965836
25-CC-3,0.009761438797608338,0.008318665185665207,0.007013222361477694,0.004244838351530333,0.023943855977322404
40-CC-2,0.01580224394096778,0.016671106499983924,0.013933941558199457,0.015311069586977144,0.024964151162237935
40-CC-3,0.015426316379136292,0.015994674099093012,0.013512871064037665,0.013478908231512321,0.03574927330960742
