,RMSE,MAPE,MAE,MedAE,MAX
0-CC-1,0.010973114920179982,0.009812960969546177,0.00882165313002079,0.007862058381913617,0.031022497966226914
0-CC-3,0.011659137864025724,0.010626951112546752,0.009594400834859653,0.008435266243533524,0.03444652615024635
10-CC-2,0.03759072064171304,0.0401163958266322,0.033861736651179405,0.038811545823652094,0.053176708633475345
10-CC-3,0.028467066829368465,0.029137426752762773,0.02486661205759587,0.02703663377746518,0.04692690754583562
25-CC-2,0.02437105036159364,0.022820077024136663,0.01976836048482896,0.014922554342885141,0.052138726474341035
25-CC-3,0.023618866118414836,0.023122983795471272,0.019769171260662695,0.01538100742558035,0.04522289436641169
40-CC-2,0.025934346738637513,0.0273770036855998,0.022144461645500588,0.01666374635961354,0.05401682810360309
40-CC-3,0.024193823352237142,0.025098841142767808,0.020372340411637192,0.015864759540426987,0.04894858779527589
