,RMSE,MAPE,MAE,MedAE,MAX
0-CC-1,0.043660000249958704,0.04689100962702372,0.04035111721459979,0.04705965495669201,0.06234695426088155
0-CC-3,0.04452924371339785,0.04848394957876362,0.04209108416266192,0.046461160286270786,0.06331027585099835
10-CC-2,0.013111892780998622,0.014012656653195885,0.011988004451676438,0.013390594154180258,0.03142073153185532
10-CC-3,0.020263610271598186,0.020853014177456223,0.017956792804937217,0.019808976750873397,0.043328368197843914
25-CC-2,0.007050261849576713,0.006421201950039123,0.005777859626876107,0.005602975467009719,0.02034609958650424
25-CC-3,0.008594395297929677,0.0077843944435210715,0.007029927973636463,0.006402406531043292,0.03066041754966209
40-CC-2,0.027529692627874105,0.03135475850719765,0.026529289443098267,0.025269952143203878,0.03869761086812029
40-CC-3,0.025495077048856212,0.028872426898302942,0.024376950514825378,0.023649465939568293,0.03789390174182383
