,RMSE,MAPE,MAE,MedAE,MAX
0-CC-1,0.03652293111317355,0.03555145475202213,0.03005527730272713,0.02836366408290536,0.07304525131394879
0-CC-3,0.03418069612819216,0.03349627095691961,0.028556362153077934,0.02654915267479052,0.062082453320469355
10-CC-2,0.02683968150278289,0.023933520698356997,0.019694655582042118,0.010109147876923186,0.05558730721811411
10-CC-3,0.024131645488786192,0.020118032525901823,0.016750976213465857,0.00834933863608689,0.05509180580103756
25-CC-2,0.008586751946259357,0.005205379670970829,0.004381476521476011,0.0018590015072679211,0.044967102798499914
25-CC-3,0.015338630449491672,0.010870712107395663,0.00896464267985556,0.0036571138482525134,0.043566367909141146
40-CC-2,0.0038311682340713723,0.00407902600069913,0.0034083487341846235,0.0036390498042879194,0.010414957566798888
40-CC-3,0.003667873893390079,0.0036796769412688174,0.0030401898622560257,0.0027345052711262863,0.011430186389158603
