,RMSE,MAPE,MAE,MedAE,MAX
0-CC-1,0.028681301889586928,0.03182127319627524,0.028084914823744842,0.02814880447957835,0.04871283707740259
0-CC-3,0.028421168789484967,0.031601493769326396,0.027976662642154992,0.027778763018787234,0.044417906384011
10-CC-2,0.0038520332918272394,0.003405351990758872,0.0030872069547891214,0.0027905552078418827,0.009470801232117743
10-CC-3,0.004828378335231751,0.004402465606275737,0.004011492831446092,0.004024169064410665,0.017891155190496
25-CC-2,0.004355248031820939,0.003936856010665175,0.0034352994841979835,0.0030606801216536694,0.02124218920139298
25-CC-3,0.007544040179387095,0.006989950543556092,0.0060374139439414885,0.0048654341491624065,0.017782225823666398
40-CC-2,0.010768479851911813,0.01108792969594833,0.00926522531741653,0.00885284694169941,0.0188171241465519
40-CC-3,0.010608662588517653,0.010516230897474239,0.008885354434993838,0.008260276315134818,0.0296995806788396
