,RMSE,MAPE,MAE,MedAE,MAX
0-CC-1,0.06882228035098906,0.07268404292763991,0.06307097069913997,0.06952106075813291,0.11594025522945961
0-CC-3,0.05606148237367619,0.05550843120205559,0.048567291696067466,0.04879289329001674,0.12605690712911788
10-CC-2,0.06446469569304888,0.06750648475051853,0.057508692252213924,0.057414722937664586,0.10574767737448432
10-CC-3,0.06306108423904548,0.06416227976949636,0.05505975691489821,0.054078842713623065,0.11609206492403412
25-CC-2,0.027567011588712866,0.026925143975766383,0.023462268264194997,0.01889578420136162,0.05959777093082297
25-CC-3,0.017647824031356618,0.015810682843711354,0.013682014062955772,0.009644146687063593,0.04945296327186155
40-CC-2,0.03309109443792453,0.03237651122658326,0.02589600318262151,0.01806549048249595,0.06257847663195659
40-CC-3,0.04344850060277471,0.043260612148867526,0.0348493068766918,0.033084418549468864,0.07730994768640165
