,RMSE,MAPE,MAE,MedAE,MAX
0-CC-1,0.0023697382149839223,0.001915735458372006,0.0016923432776032221,0.0011968274663484157,0.013324426986002447
0-CC-3,0.0023872100241468966,0.002242666151487818,0.0019926058495833864,0.0019214946370786912,0.00815689320547286
10-CC-2,0.012845641418432816,0.014053355555890594,0.011938899950862322,0.013753031129697169,0.01718076466250107
10-CC-3,0.010689259372135582,0.010973769496656016,0.009443304549610771,0.009684281698746411,0.048669524535778774
25-CC-2,0.029519364686149095,0.03132844006671141,0.027568075153118106,0.029236401600242823,0.043025235892828584
25-CC-3,0.029284009361027874,0.03156991404748157,0.027555459885389443,0.02926222906832998,0.04328765075984431
40-CC-2,0.052535313799972415,0.06057600681891739,0.04981145304203394,0.04760002923808232,0.08374017433697101
40-CC-3,0.05125728763622157,0.05880850587758548,0.04859353680224851,0.04770170313573985,0.07963828480071866
