,RMSE,MAPE,MAE,MedAE,MAX
0-CC-1,0.018235358028134016,0.016712679048352667,0.015199682955797517,0.012532897085612671,0.04319660601737452
0-CC-3,0.01723441027325745,0.01553156910813377,0.014207305208261682,0.011966134941267859,0.04264538345768043
10-CC-2,0.01121447898939197,0.010700190647788045,0.008959586303354018,0.007760323833968408,0.020272749920450805
10-CC-3,0.011245348121484859,0.010352837753949486,0.008812483987369531,0.00688049600589441,0.02269069249132538
25-CC-2,0.0033521259023117913,0.0029838416831275863,0.0026525658897864003,0.0022112878413903525,0.010916883201616545
25-CC-3,0.003459827620179398,0.0032539499794722966,0.0028684066437209676,0.0027471412740175394,0.00772471687820131
40-CC-2,0.008806104818785661,0.009127791213996414,0.007670349241548798,0.007952972435512073,0.016765772862971984
40-CC-3,0.00928288779761725,0.009700612709617563,0.008212544469613661,0.00824368297694733,0.02932234288205615
