,RMSE,MAPE,MAE,MedAE,MAX
0-CC-1,0.03433735427249912,0.03810826838179663,0.03319688454238223,0.03169849934806168,0.057739851419234434
0-CC-3,0.03306736999935654,0.03658974617493845,0.03195648302594785,0.03024012900814288,0.052549915160974736
10-CC-2,0.008591076914477686,0.007992568400538478,0.006711080871615625,0.005074923018259958,0.02160833869264378
10-CC-3,0.006940356750203123,0.006312151604496887,0.005467090398397683,0.004594144474581396,0.0189475363181274
25-CC-2,0.00994349383642302,0.008801784942744318,0.007600945597004921,0.006825636628155163,0.04576103666690812
25-CC-3,0.016677506141513688,0.013253536651429667,0.011060218327055227,0.006233305607961315,0.041912180710212965
40-CC-2,0.024433043781528458,0.027063904465430968,0.02218377552352859,0.023692903713454228,0.03538739846011674
40-CC-3,0.022360386312928367,0.024847021593481813,0.020592387205308284,0.02244479378659392,0.034735159883398925
