,RMSE,MAPE,MAE,MedAE,MAX
0-CC-1,0.0368510120788283,0.04165547625637213,0.03622609169991646,0.037065419008726175,0.056936023179793516
0-CC-3,0.03698640928424929,0.04144220224635477,0.03606923288998766,0.03789347312876734,0.04965190465256164
10-CC-2,0.006596181873554316,0.005851056840470366,0.005262391562770857,0.005231498365879106,0.020580553995844575
10-CC-3,0.009474118024388384,0.006383365057882552,0.0058704015003732644,0.0025220939246284324,0.0674343780132568
25-CC-2,0.021941341878784357,0.021537555404331013,0.01878666190092603,0.016005288176436983,0.04003293362940741
25-CC-3,0.022193256985243222,0.021899045524540823,0.01881888098826163,0.015551319017707788,0.05262180852179954
40-CC-2,0.04397798937342619,0.048275227976361856,0.03924975918327924,0.03677991885774551,0.07695907311016437
40-CC-3,0.0403328039918029,0.043346329841216176,0.03533460780056981,0.033690439288388774,0.07285831606216275
