,RMSE,MAPE,MAE,MedAE,MAX
0-CC-1,0.007445439609905455,0.006162256265166834,0.00552223014456389,0.004419535128497021,0.02496403373973244
0-CC-3,0.008106512467388444,0.00675097925167066,0.006110308920458453,0.004728562942632686,0.028277266602059092
10-CC-2,0.02548411055496296,0.027604073041815846,0.02409268796764548,0.02648881821692206,0.04196890591311142
10-CC-3,0.02151116569318729,0.022951435739525062,0.020152850658276794,0.023486402719633148,0.04123861909061588
25-CC-2,0.042903479318914986,0.04644104636772266,0.04127310926913882,0.04491431398814261,0.06146948503606675
25-CC-3,0.05579925151855206,0.0600801399700625,0.05309498562951748,0.05618542931404191,0.09054851839843547
40-CC-2,0.031851904417534084,0.037549319742838164,0.03134757194254008,0.03182493279687332,0.048282919860766826
40-CC-3,0.041638888059899064,0.04914370012313972,0.041257409836169254,0.04147033100677999,0.052142502685565195
