,RMSE,MAPE,MAE,MedAE,MAX
0-CC-1,0.005854569887054587,0.005418698006391561,0.004842341295553556,0.0044125287440552885,0.021155595779418945
0-CC-3,0.00829584544805265,0.007630745000822567,0.006966921501282964,0.006508876637608019,0.021333752503260528
10-CC-2,0.004570199848905865,0.004642331488885203,0.0039748032376553865,0.0038819368432668755,0.012609049618750645
10-CC-3,0.0056999116587426145,0.004058177927870501,0.0035765007837589026,0.0027423101292323726,0.053791828498486294
25-CC-2,0.006191356113563839,0.00540701450882469,0.004977577770369727,0.003749297929908857,0.014581727759002572
25-CC-3,0.004963163460355589,0.00391895447894812,0.003632760411212876,0.002222750368905846,0.01305483892834669
40-CC-2,0.007190284401461875,0.007121159920173046,0.0059794674962872696,0.004793419137422816,0.019152760072292052
40-CC-3,0.008051449724002752,0.008221981945853852,0.006918922322621519,0.005356346554517222,0.018976774883335712
