,RMSE,MAPE,MAE,MedAE,MAX
0-CC-1,0.029085013434509185,0.02830754335169113,0.024794644021911578,0.02509942928979142,0.07085358860863045
0-CC-3,0.027216562291118004,0.026402099233979185,0.02265097708133558,0.024824605719834747,0.04399981563542432
10-CC-2,0.018572156126426112,0.019048979541231435,0.016628777567323748,0.016599459047020315,0.030924953684928314
10-CC-3,0.020753874507163792,0.018901120647066706,0.01668369566036717,0.015172715064097675,0.13797099147761227
25-CC-2,0.033474414127961004,0.03210388108363773,0.028355831566332517,0.028173998733719452,0.06689740268076849
25-CC-3,0.03699920732718413,0.03725663028900198,0.032654387318128184,0.033092389863079164,0.06540379036080735
40-CC-2,0.07749538612846071,0.07933614979262472,0.06394590574407712,0.06103095068919978,0.13359171108776446
40-CC-3,0.07233258368463745,0.07323533824170496,0.05933363347087879,0.05872328797676174,0.13161049520797574
