,RMSE,MAPE,MAE,MedAE,MAX
0-CC-1,0.009388916415141967,0.008180778069414911,0.0073429188599764585,0.0061339656158519995,0.027537407847515794
0-CC-3,0.008502812509641071,0.007145317384432561,0.006452498861996234,0.005116812343777255,0.02858232317401954
10-CC-2,0.019240544427062342,0.020987499503337694,0.017921240517236977,0.01924263679595728,0.02798342641155338
10-CC-3,0.020014728934639178,0.02121609079867818,0.018269982614628883,0.01973914305865493,0.03443206668049015
25-CC-2,0.014585869016644099,0.01573756596295739,0.014064519730320994,0.014359980425061702,0.02693119583768
25-CC-3,0.01384306018034404,0.013960856501151725,0.012671007555594112,0.014472301425736522,0.026767793396146655
40-CC-2,0.008145512614818485,0.007829364195271436,0.006649830437585147,0.0067333598483936274,0.020007370448993145
40-CC-3,0.008150239568671388,0.008167542880832027,0.006915045622850142,0.00787681152848907,0.017843263726947556
