,RMSE,MAPE,MAE,MedAE,MAX
0-CC-1,0.009083686262528786,0.007684315334234981,0.0069292462185428,0.005492316938727704,0.028019728633038254
0-CC-3,0.008209514791254589,0.006607248246738445,0.006009618047375659,0.004308495695025116,0.028954017738838878
10-CC-2,0.01942473535684815,0.021349992249547624,0.018241800245717518,0.02023977776428132,0.02884569166826889
10-CC-3,0.020071206967047575,0.021403620331692273,0.018442856199635597,0.020511435560300995,0.035587741138040196
25-CC-2,0.015260024141496067,0.016245329580447564,0.014503297348798,0.015948139681512596,0.027335255724612373
25-CC-3,0.014355965481323694,0.014095069324525183,0.012754081028341305,0.015026587236055489,0.02794343540969646
40-CC-2,0.008746855666544054,0.008283030969749323,0.0070020133102864255,0.0056631091499042,0.020468710399554668
40-CC-3,0.008766256604573053,0.008583428785243284,0.007244494145593364,0.007272311269139409,0.019341605287311325
