,RMSE,MAPE,MAE,MedAE,MAX
0-CC-1,0.025507439461664158,0.027855461014356733,0.024570818798396208,0.024429019409517583,0.04587655005576563
0-CC-3,0.024248694943135595,0.026503278253163638,0.023451042811343567,0.02310561564709379,0.04377787170841285
10-CC-2,0.0038160004365819975,0.003699100799586718,0.003267134988402481,0.003066664751942394,0.010686480986353608
10-CC-3,0.005020833699139043,0.004633715494304369,0.004117534273421473,0.0036914323911525493,0.016587720818547758
25-CC-2,0.0058570869664429535,0.005701478452762518,0.004996340177868065,0.004689646432000261,0.026939499172248693
25-CC-3,0.01005681430837689,0.00893269867644206,0.007596599278998308,0.005856316040761256,0.024791195607449357
40-CC-2,0.015257334278999168,0.016595921572647443,0.013803403474261261,0.014242864578689285,0.024133228920825478
40-CC-3,0.014473865789354109,0.01565441863421524,0.013165818671134828,0.013872473148814679,0.03040380955686084
