,RMSE,MAPE,MAE,MedAE,MAX
0-CC-1,0.010410711583568207,0.010125647200521741,0.008680142159388667,0.007388365461086177,0.031223413888716856
0-CC-3,0.009946119392060531,0.009676234920524456,0.008411177166923318,0.007995261064001169,0.021596117566074824
10-CC-2,0.006915997740118116,0.00690386318803848,0.0058589672856127735,0.005386533166730656,0.016481325962999005
10-CC-3,0.006224374487257993,0.005649758970918024,0.004908658017054361,0.004221472883998878,0.03547114883387448
25-CC-2,0.00809637519658174,0.008694982172320355,0.007730985481359577,0.008203988725677458,0.01556730683127494
25-CC-3,0.004714865324854462,0.00484772576526271,0.004357457778538504,0.00492707002770798,0.011423108181232933
40-CC-2,0.02874184838019972,0.03170546765586128,0.025815687065991303,0.022133683886029154,0.05509293036037799
40-CC-3,0.028755803423222058,0.03137822868539802,0.025654156178976387,0.022680984561215922,0.05443440115279996
