,RMSE,MAPE,MAE,MedAE,MAX
0-CC-1,0.025193922006630242,0.027344532291916347,0.02422947478008105,0.023999958933110188,0.04809129156367653
0-CC-3,0.023631766701194122,0.02556413053757525,0.02277010081209979,0.022000733628883884,0.042927492241402354
10-CC-2,0.004067608421892656,0.003636375128080874,0.0032884876739820066,0.0031508104669308867,0.009908239720124334
10-CC-3,0.00510385956699154,0.004638537021729025,0.0042251902119764245,0.003923195524979883,0.01864867062094644
25-CC-2,0.007016727299022852,0.006518457310244398,0.005665321363681556,0.004627645153781612,0.028257298263587804
25-CC-3,0.011130587084987357,0.009272929018564966,0.007810860772409911,0.0052606296177653,0.027687146878506486
40-CC-2,0.017193572195566487,0.01850033072926907,0.015315499758007679,0.016388053987179574,0.027131104134448525
40-CC-3,0.01637143204495146,0.017518782789896485,0.014643163397547688,0.014811889931618527,0.03281910897244922
