,RMSE,MAPE,MAE,MedAE,MAX
0-CC-1,0.0026753513056879336,0.002235801951271155,0.0019508724916361114,0.0014726442742430401,0.012779938555979253
0-CC-3,0.0027164281874702345,0.0023701623874965746,0.002144563433419986,0.0018131930784438532,0.010825730912449982
10-CC-2,0.0022863210366954874,0.0019465050466463021,0.0017470524351269087,0.0012408939408926623,0.006205420372742743
10-CC-3,0.003072305958581976,0.0020987714259588677,0.001903490507835056,0.0014311389935436347,0.026366300925854458
25-CC-2,0.004371717398030861,0.004235524882650059,0.0037401066688069573,0.003879934066623014,0.008686785056982949
25-CC-3,0.004011254463500516,0.0034000226771378423,0.002995799552832927,0.0024336143263120613,0.013628677542833811
40-CC-2,0.023702588750319314,0.02555199595244974,0.02071500140515672,0.018667920686443462,0.048021852536739074
40-CC-3,0.024016041124198955,0.025589346550451055,0.02082820670046657,0.019354628150235698,0.04737613832778775
