,RMSE,MAPE,MAE,MedAE,MAX
0-CC-1,0.008277375538355936,0.007492252728349492,0.006702213776404489,0.005797424512938687,0.025831344100109788
0-CC-3,0.008045414060783355,0.007053399014417033,0.006338288624279023,0.004997827543257172,0.027077484707375254
10-CC-2,0.027433844068395583,0.03073057772656272,0.026278369847453843,0.028253627318462926,0.03717577393810367
10-CC-3,0.02702792407949918,0.029502771525716214,0.025478419328625646,0.027392990766158032,0.03999250317266667
25-CC-2,0.028520699764315458,0.031599377210259856,0.028250588834786695,0.029189633699855055,0.03735461769742121
25-CC-3,0.031050910433643688,0.03377844643731968,0.030385949040524943,0.033084458864990285,0.04123186787056399
40-CC-2,0.025958732404563475,0.03037491845103112,0.025368142854350084,0.02476363995153974,0.0429253573852193
40-CC-3,0.026707431741174226,0.030999814854976455,0.025966321106847812,0.02429580418711952,0.04327441988539482
