,RMSE,MAPE,MAE,MedAE,MAX
0-CC-1,0.11507791137500256,0.12784056354605777,0.11021311917129617,0.11710525827518892,0.16331344598939435
0-CC-3,0.11252535791165953,0.12357885345484505,0.10668841475797958,0.11441242875508018,0.15435020501419494
10-CC-2,0.06562209466746854,0.07043420315175802,0.05933008515859735,0.04634614300445583,0.1092303255586411
10-CC-3,0.0656068423702034,0.07077748316578795,0.06087163100887316,0.05027226116238975,0.12355507169688107
25-CC-2,0.015475911271813612,0.015465083229380392,0.013738761387203874,0.013143999218471536,0.05166410979625358
25-CC-3,0.020395455969876557,0.019093997172253078,0.016412630517145328,0.012203666032045368,0.05265965251607474
40-CC-2,0.0025617958866129176,0.0023227414023647103,0.0019933883432559085,0.0015378045206612123,0.012393115497516094
40-CC-3,0.003003261702061877,0.0030476791570281303,0.002577531513374659,0.002680554938954527,0.008640196991032245
