,RMSE,MAPE,MAE,MedAE,MAX
field_data,0.037654766086064086,0.03054868013349756,0.028670185411102618,0.022108994344615995,0.10952144950695586
