,RMSE,MAPE,MAE,MedAE,MAX
0-CC-1,0.009265907230897012,0.008737856840764594,0.007616584804374274,0.0074119875699080184,0.029190895501876035
0-CC-3,0.009527082166739271,0.00902132616503854,0.008014901778972738,0.007527907524651933,0.01977751117948867
10-CC-2,0.007069005495267919,0.007409624648214005,0.006494302459867808,0.006358856047179118,0.013035253289738868
10-CC-3,0.0057235779329666125,0.005651202426664413,0.004955331104323783,0.004464671655614427,0.02245409046137692
25-CC-2,0.0065156517722717395,0.006984405594397748,0.006198036516515091,0.006376473709908126,0.014023427322302773
25-CC-3,0.0030853668827873,0.003176161144839413,0.0028510461211259087,0.0030161185424973924,0.008487221798176292
40-CC-2,0.02536969435357453,0.02680469503892585,0.021670262982703022,0.016716166593273296,0.05244541124874469
40-CC-3,0.02508303931502093,0.026195354694765232,0.02127106930414262,0.017088917795729852,0.05130897199935758
