,RMSE,MAPE,MAE,MedAE,MAX
0-CC-1,0.0025767766899823844,0.0023538284662163885,0.0020673521907935877,0.0017756258142818115,0.014003443099283697
0-CC-3,0.00163539169054402,0.0013212637797876297,0.0011588264886093372,0.0008237686646432874,0.006411729683741485
10-CC-2,0.00821007518794144,0.00890671857876965,0.00753075648152656,0.007786251315170523,0.015325697548167483
10-CC-3,0.007497923471553315,0.007675762350541502,0.0065888481800839655,0.006610993847088686,0.03458494697535397
25-CC-2,0.014336411853129744,0.015336323951637016,0.013511998680730426,0.01403892224512393,0.022566673623518496
25-CC-3,0.013554081265872158,0.014651470032618371,0.012779117792942038,0.012702388553469723,0.02767194908442927
40-CC-2,0.03404618527068766,0.038585161604538454,0.03159517927948022,0.028521016924437814,0.06151497320705768
40-CC-3,0.033516464833735334,0.03772834305324969,0.03103024229383725,0.028785569657998056,0.05894081032104337
