,RMSE,MAPE,MAE,MedAE,MAX
0-CC-1,0.012211679006826499,0.012159959678330811,0.010353159261675049,0.008975847020359973,0.033873555604720273
0-CC-3,0.010273043638812013,0.00997430934577714,0.008609804345894553,0.0070822489912065745,0.022847993920292353
10-CC-2,0.006097243447369244,0.005809376258206642,0.004978762488074238,0.004138731686319175,0.01609511733392832
10-CC-3,0.005543526412254914,0.003805659579607336,0.003261521850923733,0.0014497602154010525,0.04111690078699948
25-CC-2,0.008428630946780894,0.008928231586833701,0.007880988937467474,0.007203267611299191,0.014880780532751992
25-CC-3,0.004233575462862858,0.0044733647531599845,0.003950105655120533,0.003928289198611434,0.008678781929960966
40-CC-2,0.03140286385197482,0.034531421391519525,0.028104665716717627,0.023559584180796234,0.06035566286617633
40-CC-3,0.03041681181647408,0.033114324406985564,0.027068163428477253,0.023465262477170512,0.057282191870878574
