,RMSE,MAPE,MAE,MedAE,MAX
0-CC-1,0.032171156190442404,0.020117228976059706,0.018525594344513934,0.011352791787068217,0.14778929059273305
0-CC-3,0.08023225601406599,0.0815545262717431,0.06910856170417229,0.0684822134767113,0.1226430673362282
10-CC-2,0.20646992749059964,0.20302354228101227,0.16865574519783993,0.21624066481846926,0.2936051816170344
10-CC-3,0.16979378918461452,0.15776886244623542,0.13221698242174112,0.13060588358173247,0.2648176979746284
25-CC-2,0.1454510636583484,0.10594077711140802,0.08968066062152519,0.024479032518879618,0.3440253003487589
25-CC-3,0.16964025021384185,0.1241269585170562,0.10237088236979469,0.020362538291081478,0.3640032502421361
40-CC-2,0.08584606464449077,0.08418512476095337,0.06753757272402215,0.08266694461440344,0.13336015802460544
40-CC-3,0.06201476641347167,0.0596366184736997,0.04811387032646815,0.05876524926213744,0.09955581890530352
