,RMSE,MAPE,MAE,MedAE,MAX
0-CC-1,0.03814809386390761,0.04050529596412353,0.03489385627120244,0.028631911264872856,0.09928118938615338
0-CC-3,0.039250233638324986,0.041280552052849036,0.03561819199462601,0.0291599965802386,0.08394686753555725
10-CC-2,0.021144320724973818,0.021882509076254466,0.019098685891279756,0.020115762214859445,0.04034879206347153
10-CC-3,0.011653003872524225,0.01124499090611034,0.009863684264024187,0.010153602677201778,0.03065986752659
25-CC-2,0.009492247329001993,0.008534034847771124,0.007417679601782297,0.004850680424736908,0.02631375132245173
25-CC-3,0.005892556723288765,0.005336497240731679,0.004735363568273198,0.004019036488215388,0.02199781248870647
40-CC-2,0.010840934059620914,0.011038870535984131,0.009204713604942788,0.00879090854520348,0.01984321810636025
40-CC-3,0.01070597499579232,0.010379931747314042,0.008744250625607936,0.008073500351125529,0.018772744158011445
