,RMSE,MAPE,MAE,MedAE,MAX
field_data,0.03259051265502364,0.02909344031985318,0.02676796579715027,0.023125174167067275,0.09028781991944324
