,RMSE,MAPE,MAE,MedAE,MAX
0-CC-1,0.0064568415660808095,0.005896779424229882,0.005215950737886346,0.0044138284029489605,0.019092430769795943
0-CC-3,0.008273675330315448,0.007067498378699875,0.006327172040590611,0.005227514558051427,0.026543546299477305
10-CC-2,0.024292708820770788,0.0248598520696851,0.021842920225138354,0.024920792074291098,0.041409575926539155
10-CC-3,0.021369581615394602,0.021658734059246114,0.019142236143479974,0.023285993756555046,0.0419896376147858
25-CC-2,0.04322445209697361,0.04634609640502401,0.0411883630284202,0.04636663201896746,0.06089966463201402
25-CC-3,0.05087853957958085,0.05376199033686665,0.04752916593301809,0.05038673184242326,0.08368480513397014
40-CC-2,0.038631525882623384,0.045101050571452,0.03791159818755726,0.038947627886163405,0.059912858940051494
40-CC-3,0.04677945171557609,0.054918679756373656,0.04626434686899243,0.047185198967802156,0.05965729765312766
