,RMSE,MAPE,MAE,MedAE,MAX
0-CC-1,0.02142247587516802,0.018809135344301953,0.017260321018668635,0.013745067200703565,0.05000905928733301
0-CC-3,0.021376030727560356,0.01873849371519515,0.017274081855241243,0.013557799701510831,0.04880963621570655
10-CC-2,0.011581167281789258,0.011467725381260263,0.009679204378234023,0.007973562874838636,0.021935062704205976
10-CC-3,0.011272964892881142,0.010923010814849504,0.009396751656614208,0.00776217674519708,0.023954814762892962
25-CC-2,0.003304529885171834,0.0026883279403921447,0.0023542091969140067,0.001431642247947229,0.009578967010129058
25-CC-3,0.004225934713002932,0.003868345983980756,0.003428550967315857,0.0027469529108020696,0.009547724938656632
40-CC-2,0.005085263253255893,0.005305022034547545,0.004420670844266239,0.004418334465162266,0.014177739186824523
40-CC-3,0.005560900472629513,0.005771412840114641,0.004880064379926677,0.0050730562132128565,0.023527817735571777
