,RMSE,MAPE,MAE,MedAE,MAX
0-CC-1,0.006118312984254545,0.005250216730198996,0.004714099885671581,0.00402788787003544,0.024974917169669264
0-CC-3,0.007639686164614784,0.00635465831742008,0.005824838349828569,0.004481290452559961,0.029079266247633795
10-CC-2,0.02798864592616111,0.03126798072641278,0.0268740377616276,0.02972437709038034,0.04334332941698715
10-CC-3,0.0184534313135502,0.020097193598554535,0.017361643906463067,0.018743698622059934,0.028892210966856124
25-CC-2,0.030595803313548445,0.03250734918062402,0.028623324718635986,0.028320418953326598,0.04878123576640492
25-CC-3,0.03663887685357704,0.03897680191261361,0.03402675933202188,0.035907800585986416,0.05566719282281296
40-CC-2,0.017278387990571298,0.020035527181023145,0.01654445068705404,0.015640021738096976,0.03255743875250716
40-CC-3,0.01837379001265876,0.021384637222558973,0.01783253856794363,0.01715057202210224,0.0283149695674606
