,RMSE,MAPE,MAE,MedAE,MAX
0-CC-1,0.016009487978245033,0.01644948692216082,0.014069558211708175,0.015449172185141913,0.033272181745627516
0-CC-3,0.016145946784199557,0.01720496841540831,0.014875080572546887,0.016528371504301198,0.02602304059098859
10-CC-2,0.021205841470048788,0.022230902455886555,0.019669477076724617,0.0193240180382524,0.04831769465136215
10-CC-3,0.010361860439892182,0.010322522087135896,0.009222384029797108,0.008036944124925394,0.03055096080042352
25-CC-2,0.023984470914006035,0.026012676606806832,0.02307169093870789,0.024736893133848192,0.03348057436101792
25-CC-3,0.03152742913990717,0.03360459749379691,0.029619861168021764,0.03202890392071278,0.05442806767707298
40-CC-2,0.005241880807702316,0.0050506672978161745,0.004180716374746689,0.003887534584123997,0.019483505226062237
40-CC-3,0.006522018873901388,0.006359128171901759,0.005428667391467528,0.005338078144076053,0.014822137249440592
