,RMSE,MAPE,MAE,MedAE,MAX
0-CC-1,0.051189499356942135,0.05742936507618823,0.04978389634725864,0.05149382999812091,0.09045463556458966
0-CC-3,0.042776873153519225,0.046959410828517706,0.0406064257792475,0.04540905183189986,0.06390581900879333
10-CC-2,0.006486074462783408,0.0057895372065057404,0.005197675240144428,0.003992805703841418,0.020663365662604405
10-CC-3,0.010964568399140671,0.00965032255252243,0.008700052113725232,0.007221030820890595,0.058806665286663784
25-CC-2,0.03390866917761127,0.03571887859266547,0.03148028560315057,0.03339862150808581,0.050830479116083405
25-CC-3,0.035067485730934704,0.03795821159650985,0.033354963005491,0.03571409485664445,0.06720676707511375
40-CC-2,0.0664090341290694,0.07647999990241898,0.06285642168011471,0.06319539572192795,0.09953993515545245
40-CC-3,0.06411784521070793,0.073041506366404,0.06022945346538329,0.060860661570143915,0.09819642937011563
