,RMSE,MAPE,MAE,MedAE,MAX
field_data,0.029250871506610415,0.025964610562140993,0.023746049859507783,0.01871009399971224,0.08323133334964983
