,RMSE,MAPE,MAE,MedAE,MAX
field_data,0.03237412370419527,0.027491973960714063,0.025669474502806877,0.020625212116526015,0.07353640973553544
