,RMSE,MAPE,MAE,MedAE,MAX
0-CC-1,0.0036539878566221435,0.0030508446732049,0.0027247178068537715,0.0021878045533920143,0.017586228791976133
0-CC-3,0.004037245130684267,0.003911730897657632,0.0034949644860320915,0.0034625124451049816,0.00906962936866651
10-CC-2,0.005231804176520412,0.004011730643790622,0.0036136056759261664,0.002092204015569643,0.01589904296185407
10-CC-3,0.005618835175454575,0.004188669098232876,0.003860611060121307,0.002542402447280545,0.024888582572582973
25-CC-2,0.007476154136450421,0.007128131410468283,0.006377175988334667,0.0064107214863876605,0.019671009972018427
25-CC-3,0.006949543803566064,0.005789633973137505,0.005237878609791992,0.004291662221367232,0.020813575538759288
40-CC-2,0.025850672020760253,0.02795967741445635,0.022704315725023946,0.022419433464429872,0.05045169548565265
40-CC-3,0.026102046817541774,0.02788712409380753,0.02273277906128304,0.023187963473281448,0.049339992163847324
