,RMSE,MAPE,MAE,MedAE,MAX
0-CC-1,0.030393270622702133,0.033655126610771385,0.02957472952931456,0.029871706841911483,0.049000028588455646
0-CC-3,0.03264241417647723,0.03630152121187931,0.03198578170334668,0.03238943810682182,0.04771919712050843
10-CC-2,0.009158319920526525,0.008149412277015038,0.007032170180958582,0.005955652907072118,0.0306546900777519
10-CC-3,0.007855047373211263,0.006945379766272628,0.005902533509487479,0.0044005849415460485,0.027613782416746502
25-CC-2,0.021852690131283405,0.023177339471164623,0.020807249558935047,0.021022804717525267,0.035536994210413675
25-CC-3,0.04110566255954756,0.04304448372166737,0.038438054080593836,0.04352036556402594,0.07863736460510051
40-CC-2,0.005410643775233571,0.0050801746417765995,0.004227897515208451,0.003496388467565059,0.01891308877556175
40-CC-3,0.016171862374139645,0.018109666601364607,0.015295719310920584,0.015525736560049186,0.030532741374812433
