,RMSE,MAPE,MAE,MedAE,MAX
0-CC-1,0.01128505047709831,0.009957249420275566,0.008963735199420352,0.007837792389899567,0.03172479806067896
0-CC-3,0.010330819699199842,0.008861007952357617,0.008012984225492566,0.006618830224498717,0.030684996227760997
10-CC-2,0.01599640864015317,0.01715965560693084,0.014561375940542996,0.014600085664456919,0.02596747811596012
10-CC-3,0.016617261763282532,0.017184902677914643,0.014693279183316475,0.014352189245637526,0.030022242612632755
25-CC-2,0.010359604932308177,0.011167827470913182,0.009988539781675793,0.010221793551592584,0.019623368364993232
25-CC-3,0.010658531657236996,0.011164128327295752,0.010055364202064127,0.010195289696676824,0.0197515518457011
40-CC-2,0.005175130759292974,0.004929061993457493,0.004180914806662054,0.003596719111762292,0.01335859255367633
40-CC-3,0.0054364381792801645,0.005447711514282628,0.004572794770347009,0.003969221110188825,0.014555828580756103
