,RMSE,MAPE,MAE,MedAE,MAX
0-CC-1,0.007482120444347081,0.006509014078311406,0.005841875753763295,0.005098666580537092,0.025172757483744146
0-CC-3,0.006594628364589085,0.005529559566015343,0.005011763653093081,0.003941706754533758,0.023530233482857432
10-CC-2,0.02120627577378853,0.023630281881451137,0.020261325115473086,0.021856440072094085,0.032829725729700776
10-CC-3,0.02167881205400173,0.02356302304555127,0.02038096766927747,0.022112658190637846,0.03663708090931095
25-CC-2,0.017948687183660605,0.01934983243537824,0.01734119252004198,0.018748073900060225,0.028940468413058418
25-CC-3,0.01776662452945164,0.01772327319344029,0.016101655758285725,0.01934093152716576,0.029540780285032153
40-CC-2,0.010733117707870323,0.01024539039122573,0.008697154936340308,0.008028742496943853,0.022278487248958312
40-CC-3,0.0108515787766339,0.01081224361260818,0.009177940163075647,0.00951248986691089,0.02138145504545952
