,RMSE,MAPE,MAE,MedAE,MAX
0-CC-1,0.03306072189206925,0.036759400181028974,0.0321670736092026,0.031690947086509824,0.05314451212098614
0-CC-3,0.031847242194312064,0.035330821767237196,0.031007073150945075,0.029618126199656092,0.04793752893432068
10-CC-2,0.008352601755963605,0.00792875911538104,0.006866695108036807,0.0057912906818453624,0.017384813168504376
10-CC-3,0.007809292556771464,0.007056178883819358,0.006306318548108064,0.005160673428875384,0.02327309698584512
25-CC-2,0.009717272447596906,0.009454961011054258,0.008285681119572183,0.007574635702156385,0.04124824980167374
25-CC-3,0.015121893751531406,0.012188368585153228,0.010175989469469925,0.006420700713899552,0.03755475542571718
40-CC-2,0.02249043511763107,0.025361042636931327,0.020920116179511488,0.021781219848001854,0.032725000046618935
40-CC-3,0.020854602012771124,0.023621052419724443,0.019709908287116263,0.01984648095865993,0.034259276399512206
