,RMSE,MAPE,MAE,MedAE,MAX
0-CC-1,0.03105009615350906,0.03430761795466279,0.03025545377223271,0.03064092021020809,0.05183629927756739
0-CC-3,0.02981648006595803,0.03292769733282077,0.02913494858167733,0.02884236442335464,0.047833312134285655
10-CC-2,0.007301069142597224,0.0072483685544979404,0.006444079034002405,0.007108288753746916,0.014259311124448004
10-CC-3,0.007646582798587152,0.007430565013229752,0.0067315071289481615,0.007339734976235912,0.020885334916142972
25-CC-2,0.011047134793648022,0.011189094516172443,0.009827590903019923,0.010498329620757751,0.03326778391269669
25-CC-3,0.013671551436843106,0.012315140487021104,0.010420653233072324,0.007556648288159884,0.03064186832931215
40-CC-2,0.021099349471900748,0.02384358329724812,0.01988292387490359,0.02298588711575067,0.02861812081230497
40-CC-3,0.020358739832993383,0.02276458021346856,0.01919303231111692,0.020306154227548112,0.04182477475156299
