,RMSE,MAPE,MAE,MedAE,MAX
0-CC-1,0.009186414282291798,0.008486585701253678,0.0075371419700315445,0.006915891989204781,0.023159453227457383
0-CC-3,0.008388294283511368,0.007622972684896232,0.006809999034095887,0.00653085007263543,0.025034475903053965
10-CC-2,0.04763634549646122,0.0531444041334652,0.04539545107035659,0.0500122671456783,0.06252721478143197
10-CC-3,0.037693954838394196,0.03983432288150636,0.034156186678874954,0.04024507241144415,0.055409244543821456
25-CC-2,0.03114790422461726,0.032051978306483916,0.02807490524579364,0.024024759663438866,0.05765704369693625
25-CC-3,0.02825187077189337,0.029603913573934756,0.025610892927157448,0.021488992959284747,0.050376192744402415
40-CC-2,0.02768384008562952,0.030875767043552303,0.025278820782414918,0.019033083910354465,0.05517184691006061
40-CC-3,0.02633453337809292,0.029098133794514626,0.02399202535409957,0.018169153087460366,0.05251689491820122
