,RMSE,MAPE,MAE,MedAE,MAX
0-CC-1,0.012739002419998258,0.011683591164841984,0.010416965029705546,0.00950135533555635,0.032703387118601324
0-CC-3,0.011731263449143966,0.010471245358423057,0.009355037735284576,0.008172265707678816,0.03229259310199806
10-CC-2,0.015082774851016575,0.016154008259250553,0.013747692113018654,0.013213230137859466,0.025596141179009435
10-CC-3,0.0159156030769173,0.01649153808625047,0.014144044010876346,0.013890975055238397,0.02987060839632416
25-CC-2,0.009523132678550454,0.010118592444627322,0.009080547002553174,0.008795266972094984,0.017914503199282783
25-CC-3,0.010405772935261511,0.01077974830917735,0.009724626919152728,0.009436021807118555,0.017666700580747485
40-CC-2,0.004756507596498786,0.004313851307098852,0.0036201127569428933,0.002922084423340854,0.014195911830830021
40-CC-3,0.004740162905475126,0.004461424216925944,0.0037386160765754827,0.0029205531266526252,0.01639814854611865
