,RMSE,MAPE,MAE,MedAE,MAX
0-CC-1,0.025850161327504152,0.021508225837634076,0.019090994429664766,0.015111303502171436,0.14603163049392875
0-CC-3,0.02525891252694386,0.020281574636063154,0.01838981643023476,0.014029609042911617,0.11002836090330459
10-CC-2,0.024973421672402744,0.02202224770985737,0.01959866069676432,0.018191019817594356,0.14103321094229815
10-CC-3,0.02655372275448725,0.02183904363613262,0.0200220875714959,0.01496832365864581,0.07127946457989665
25-CC-2,0.053064955580706306,0.05404255249917264,0.04931629019541916,0.05613405542495076,0.08052544493905944
25-CC-3,0.07416512882446627,0.08077347598966844,0.07252238173510998,0.07659243156116369,0.15292161981177854
40-CC-2,0.092361395668406,0.10954056433500384,0.0921839358111607,0.09303455029871044,0.10581276118888217
40-CC-3,0.10565847145339857,0.12519878656700997,0.10527363280117379,0.1040315065305365,0.1321124294643624
