,RMSE,MAPE,MAE,MedAE,MAX
0-CC-1,0.012303540604498873,0.011748755035813317,0.010547076040001541,0.00937366229054154,0.03269564121901469
0-CC-3,0.01843972309077178,0.019451700794319647,0.01739679522281646,0.016467343416711966,0.040388572792549815
10-CC-2,0.01346868383618713,0.013195445389255628,0.011702001257093511,0.013053405618768665,0.027536773669001313
10-CC-3,0.010832085264768752,0.010745453847577201,0.009611151040449106,0.01128444414191554,0.02789039731174625
25-CC-2,0.03053020560197569,0.03257782489992961,0.02894601395160063,0.03247006473515013,0.04681902097814439
25-CC-3,0.03890824301731033,0.04063140622590075,0.03588602052185107,0.03762592011503718,0.06993192742172039
40-CC-2,0.027021779147027407,0.03164819461300298,0.026496814488688455,0.02723051379008823,0.04582476470558494
40-CC-3,0.03458785373944938,0.04055754401186908,0.03404306083282885,0.03543610527814878,0.04557200483696555
