,RMSE,MAPE,MAE,MedAE,MAX
field_data,0.04780115040813403,0.04014245938101722,0.03781359131461736,0.03082104565317101,0.1535352932091899
