,RMSE,MAPE,MAE,MedAE,MAX
0-CC-1,0.006133220727856158,0.005594958698089845,0.004952327788138726,0.004514355401959547,0.015972065306925298
0-CC-3,0.006148578357783274,0.0054506468531893395,0.004881446938930671,0.0040225115114758125,0.019277987432310018
10-CC-2,0.02003414013042053,0.02220038683484995,0.018980190080296735,0.0209037036161831,0.030130588995691987
10-CC-3,0.0183762882032914,0.019774943543349056,0.0170370158991098,0.018261437664579994,0.030380717760831955
25-CC-2,0.01725976069659733,0.018812792083122098,0.01679113377475839,0.017801534523721796,0.026530210330878212
25-CC-3,0.01886476169660948,0.01931562458408536,0.017521813802024454,0.020776725151781528,0.027360823624186015
40-CC-2,0.008640833874310866,0.008318874976736137,0.007157507266292268,0.005995609168510496,0.020292221046374737
40-CC-3,0.012071206762434289,0.013017544441557187,0.011154569862872154,0.010334703700544123,0.022295665634602946
