,RMSE,MAPE,MAE,MedAE,MAX
0-CC-1,0.009787881326582515,0.008739780609036688,0.007768666439657761,0.0062914896334898,0.027118908740305425
0-CC-3,0.008966078222108207,0.007866344026202553,0.0069903230881185295,0.0050899834561661805,0.028030920605202403
10-CC-2,0.018721647779197433,0.020616984657227028,0.017723986670917468,0.018667604220084066,0.0298692226283519
10-CC-3,0.019647611467810033,0.02119502207442321,0.018375992144119474,0.019408413139641423,0.03579379439502872
25-CC-2,0.013044003158151896,0.014036745463316827,0.012546951645437013,0.012906683137405173,0.025319426638308662
25-CC-3,0.011689019815599598,0.011725352417709858,0.010608985854036235,0.012185564569632656,0.024499538639219165
40-CC-2,0.0056440279838746756,0.005469018040780508,0.004632354065268707,0.004049770142817266,0.014465270973132549
40-CC-3,0.005527451618062194,0.005481196149438234,0.004639013135069799,0.004061929011504928,0.013306753644843017
