,RMSE,MAPE,MAE,MedAE,MAX
0-CC-1,0.06709367278742659,0.07100818261396952,0.060527860515226274,0.0641338702955968,0.11489069217851178
0-CC-3,0.06395446778755641,0.06644212660616981,0.056671942443812975,0.059883715528761816,0.10340230042740295
10-CC-2,0.057480608118535365,0.059809434711139926,0.05005101754309062,0.044069250920001246,0.09841425776819346
10-CC-3,0.05454210243264938,0.05659489616282406,0.048194596956163425,0.04274770491850416,0.09601640161735225
25-CC-2,0.025086893702233933,0.02577716025218083,0.022602380090596334,0.018498193329498203,0.06752192553874625
25-CC-3,0.033805002431169066,0.03405832705226841,0.029272199502810566,0.021663279302324923,0.07246794490499076
40-CC-2,0.0025777695207883336,0.002300048604455271,0.0018743438055017678,0.0014546631327561066,0.01090192751461383
40-CC-3,0.003132431379144425,0.002603098645188725,0.00212560428424501,0.001158818097333869,0.010913016220111094
