,RMSE,MAPE,MAE,MedAE,MAX
0-CC-1,0.027056077825688772,0.03012311258774443,0.02652330455013228,0.02666696160512516,0.04563860831382227
0-CC-3,0.026833526348900624,0.02995408541907104,0.02645148159507133,0.02652579057817228,0.04142712412311622
10-CC-2,0.002697720157518216,0.0023552124182904355,0.002077826809637883,0.0016498247227665352,0.011990332590815278
10-CC-3,0.0035050073491876056,0.0030437739202534508,0.00271737425845562,0.002272430946842652,0.01521246284964517
25-CC-2,0.0037618493697034096,0.0033137148445846277,0.002943831323043688,0.002293017516876439,0.01606945970920548
25-CC-3,0.006769692915364877,0.006418164772370851,0.005662013147715761,0.005122460018090913,0.014840493242678332
40-CC-2,0.009560710033347582,0.009905418381675048,0.0082153600043388,0.008147222609310112,0.017307579083980285
40-CC-3,0.009262977506769817,0.009248904020638184,0.007752954192006389,0.00733118282499301,0.026876406679053222
