,RMSE,MAPE,MAE,MedAE,MAX
0-CC-1,0.13179062786359746,0.14500070132198822,0.12466240877412292,0.1284447326717869,0.19941615814378277
0-CC-3,0.12674367053288563,0.13751971368699187,0.1183327892836977,0.12286947969033812,0.18600813920303771
10-CC-2,0.06986657814415943,0.07182400800138963,0.06005626956589143,0.040337814330886124,0.128763721325853
10-CC-3,0.0669230572107372,0.06952830670624886,0.0594021862149137,0.04325419861079327,0.12516990421542995
25-CC-2,0.011227126649574455,0.008612299165958324,0.007566958163905202,0.005883562305951995,0.057642090114631506
25-CC-3,0.017823807628967108,0.011615565986263227,0.009538075668833674,0.002319491324609624,0.05676086930913504
40-CC-2,0.002356448313743697,0.001984027705229653,0.0016739496809167074,0.0010908685557394215,0.010369478202746807
40-CC-3,0.0029049524296755834,0.002937940238485507,0.0024878213760655744,0.0026940851567679447,0.009495101391889693
