,RMSE,MAPE,MAE,MedAE,MAX
0-CC-1,0.1057733963150213,0.11057509033420443,0.0947060914125427,0.10666166864008986,0.1656296815344025
0-CC-3,0.07873336174878906,0.07558790759646701,0.06591804853473737,0.06273173771923535,0.14160093559814813
10-CC-2,0.08779256977010103,0.09123061298930063,0.07797040508146165,0.07682818273791031,0.1518966310183094
10-CC-3,0.08949332322494752,0.09193938846732731,0.07924991631611622,0.07688456042502656,0.15611169630983734
25-CC-2,0.04401890641821818,0.04584804090968494,0.04092762073113316,0.04148537005774089,0.1018320219432628
25-CC-3,0.025180330226728623,0.01868235433098774,0.01657089282402533,0.011673651349354608,0.10153207514848717
40-CC-2,0.053018646514475035,0.05596123410339417,0.04753938034676521,0.04609722137802785,0.10074204061119407
40-CC-3,0.050883501828138965,0.054025512352926776,0.04554066405614815,0.05410917764996204,0.08359012703578117
