,RMSE,MAPE,MAE,MedAE,MAX
0-CC-1,0.021307030686711626,0.02001768369602028,0.01692351330746708,0.012158855813895753,0.04981124157121197
0-CC-3,0.0201011358031399,0.01847056738426949,0.015622123789970035,0.010807498907319357,0.04423864349349427
10-CC-2,0.01898650822154318,0.018547848104456803,0.016726218894150255,0.017694569834762808,0.04009064434694931
10-CC-3,0.019828792222717866,0.02000241444865516,0.018133252769633304,0.01881087675874149,0.03752542853504337
25-CC-2,0.022536990810564584,0.022561378555693356,0.02059729111926641,0.020688622850473015,0.03864285685458091
25-CC-3,0.028006579658029784,0.02967651381762745,0.026608700557547653,0.02710110871764282,0.04329574015434401
40-CC-2,0.019196061197567463,0.02065225340155112,0.017313870689443827,0.017823027032071725,0.0371420311393017
40-CC-3,0.01670305136368737,0.017740211850153786,0.01508502247632223,0.015917319487097514,0.03561315314738145
