,RMSE,MAPE,MAE,MedAE,MAX
0-CC-1,0.026207541070246195,0.028721390465953425,0.025325838919667505,0.024995000960738145,0.046018468714975835
0-CC-3,0.02497435654832632,0.027390506462062314,0.0242266267196619,0.023924523861662883,0.04434155283405372
10-CC-2,0.00397514496712591,0.003701652542668432,0.0033014037038943526,0.0031509850403933504,0.010235512243983003
10-CC-3,0.005082233635487158,0.0045881770535195964,0.00412043503764176,0.003705313725703707,0.017972277112035306
25-CC-2,0.00611239568162375,0.005898689411850142,0.005157876983289828,0.005132725698546281,0.027766454013862463
25-CC-3,0.010177410957357282,0.008835897231856708,0.0074679455503601855,0.005397948052808688,0.025339915967251603
40-CC-2,0.015792804176004975,0.017236480296119794,0.0143321695862887,0.014791913871007534,0.024880551957019326
40-CC-3,0.015017777319222825,0.016334537113934244,0.013738677589734726,0.014028890146033257,0.031102435598273193
