,RMSE,MAPE,MAE,MedAE,MAX
0-CC-1,0.016603914223596163,0.014107614979318056,0.012941094055664248,0.00925882240402437,0.04292570290687037
0-CC-3,0.015637052028758675,0.012680551643416043,0.01173413825752083,0.00807809829711914,0.04148428497745582
10-CC-2,0.01214562464657015,0.011899927356881638,0.009948411803792521,0.00988911154161043,0.02031822826441443
10-CC-3,0.012463582016061405,0.011821989134454387,0.010041435112409007,0.008584927244525087,0.02418372923830414
25-CC-2,0.0028523427681694936,0.002225946611250137,0.0019794890856208777,0.0011933797238499744,0.009550898653689521
25-CC-3,0.003215518852587116,0.0029104499349651733,0.0025789033151372995,0.0020400614519816562,0.00954830954376018
40-CC-2,0.00754162334179714,0.007856005017908712,0.006538748799685665,0.006244933788769114,0.016274928613246642
40-CC-3,0.0077718942063664176,0.008187071591038665,0.006881848441589504,0.006998781242134378,0.02474691153516284
