,RMSE,MAPE,MAE,MedAE,MAX
0-CC-1,0.06810585301319609,0.07190738078542586,0.061266442604308136,0.06336327076023829,0.1146988248269798
0-CC-3,0.06386613202608189,0.0660674245945905,0.0563084603645773,0.058259475265289296,0.1036051350335736
10-CC-2,0.04990020081303595,0.05188573817591875,0.043364378962213186,0.03939370877078363,0.08845166955278172
10-CC-3,0.0485003762463157,0.0506579200141034,0.04322060394037741,0.03891991533999917,0.0991733745189941
25-CC-2,0.010696895744718686,0.00936003231440013,0.008091595674536477,0.005999623097290296,0.04157894429561271
25-CC-3,0.016721435801407402,0.011816159611633523,0.009685006503096685,0.004060106752250547,0.04530849246663626
40-CC-2,0.004326226360762334,0.004019980771840521,0.0034145931584429923,0.002863586488630221,0.013709246678889953
40-CC-3,0.0035028378450549847,0.003315899260358665,0.0028246684824104417,0.0024639098793166614,0.00884807290651246
