,RMSE,MAPE,MAE,MedAE,MAX
0-CC-1,0.016011797016660254,0.016682885717460468,0.014854323735442466,0.014288260086116555,0.03563831982734156
0-CC-3,0.019392644272463278,0.020755267941591667,0.01850524474837449,0.01741421898277523,0.03504310903980323
10-CC-2,0.003452322645860192,0.00337234601605211,0.002885376691968645,0.0026562417389794923,0.013145411001917573
10-CC-3,0.0040564197905956995,0.003972474553522481,0.0034881963827914143,0.0033022972094083336,0.014548467106847318
25-CC-2,0.0051316692191538645,0.004483426767303958,0.004084482447050328,0.0034316599497771216,0.018169033321418615
25-CC-3,0.008140688011933496,0.007883113479140821,0.007004194961445967,0.007065895742980888,0.017583373694936566
40-CC-2,0.007184666492276315,0.006599253388663296,0.005623817002462449,0.004517963145435566,0.019329421466755314
40-CC-3,0.006712008910071726,0.006468733346987778,0.005529892299343987,0.004690146614446333,0.017385933565777445
