,RMSE,MAPE,MAE,MedAE,MAX
0-CC-1,0.019613172166256305,0.020867113497569645,0.01832704472033777,0.017837101905341046,0.03640292821052027
0-CC-3,0.01841221332965601,0.01955179266669354,0.017220143789957607,0.016353018936995367,0.03611950931980201
10-CC-2,0.008130646496318604,0.008221595875416796,0.007139922991484361,0.007223323900216405,0.0194590926043956
10-CC-3,0.009275615540453966,0.009324105556739418,0.008106518338831727,0.007802270123857702,0.024443818332254064
25-CC-2,0.006140170887483701,0.006148228102779414,0.005498733899626105,0.005542048991812265,0.024153160842933508
25-CC-3,0.009793313934259957,0.009755678570384809,0.00846994307991173,0.00690482545078569,0.021431997037197892
40-CC-2,0.010057657001484636,0.0098986551429738,0.008133273991259722,0.0073482749266449154,0.018367790840991494
40-CC-3,0.008528871388285892,0.008138337744453926,0.006760705173566333,0.0057167220312600575,0.02068408013333789
