,RMSE,MAPE,MAE,MedAE,MAX
0-CC-1,0.026572832506639135,0.02921416234858896,0.02583217899087992,0.025531914604490502,0.04663229367939803
0-CC-3,0.025160024480996912,0.027748454363828088,0.024620916293075803,0.024010911793313938,0.04337345419361183
10-CC-2,0.003684924239360484,0.003225083231024176,0.0029111650807272147,0.0024552080083133365,0.01107748745608017
10-CC-3,0.004399752990240907,0.003950511862883039,0.0035728652937139223,0.0030901594830478607,0.017340467877416166
25-CC-2,0.0078090126063524124,0.007328314205236967,0.00637494861229359,0.005414281195493809,0.02434502819446549
25-CC-3,0.009808023614633735,0.008557056127063516,0.007246824742370296,0.004634474412011758,0.022279634690548722
40-CC-2,0.018418443441980993,0.019038792056681523,0.015936931772723262,0.015673884214734812,0.03185218312177163
40-CC-3,0.018482225035348746,0.018852977791763995,0.015911548551275148,0.015528229741093469,0.03676332713117114
