,RMSE,MAPE,MAE,MedAE,MAX
0-CC-1,0.025312666570127457,0.01801701122287575,0.016565008472708906,0.010605477652767425,0.1174927264905602
0-CC-3,0.03591325651780739,0.02328384580410176,0.021748036685218023,0.012255879881989729,0.1363413166187094
10-CC-2,0.11597067210381898,0.11206936198813437,0.09296461575561563,0.09371848950642703,0.19366636357293932
10-CC-3,0.08714782950983556,0.07621278504887612,0.06523803662196458,0.065334561561317,0.5623363777545655
25-CC-2,0.20279512979873107,0.16742110320493223,0.14336243380080757,0.08022504460081231,0.3959246660394602
25-CC-3,0.22768467891580674,0.20411969944874048,0.17305598209952258,0.11786945565323115,0.4154843081175099
40-CC-2,0.2225586162141626,0.24025025362831676,0.19513550302658017,0.22822687177434514,0.312253820801908
40-CC-3,0.20537726991119526,0.21956802874720274,0.1791848833071449,0.21774209874414296,0.28799172556392116
