,RMSE,MAPE,MAE,MedAE,MAX
0-CC-1,0.023979101030932506,0.02529645885011113,0.02163908274107706,0.022833598219712092,0.043572304193282285
0-CC-3,0.022289973797069644,0.023162299091113156,0.020006977314723128,0.02261829376220703,0.035077795004121115
10-CC-2,0.009999165028520909,0.009728515218765625,0.008094852757274389,0.006547448486511898,0.017266870456782102
10-CC-3,0.010635805782167492,0.010140423577458061,0.008615696625213939,0.00739460442080242,0.04894078527415158
25-CC-2,0.003399804018952592,0.0034468340729248807,0.0030609640089817123,0.003209777859179086,0.009286050155554726
25-CC-3,0.004025161924859147,0.004039711073616908,0.0036307651076774076,0.0035962603507558866,0.015141722759480003
40-CC-2,0.02317730720685072,0.023573894368532612,0.018969879127540532,0.012539400081966245,0.051150917573512755
40-CC-3,0.024297162680635188,0.024205371862937468,0.019534644256471136,0.013659672395121003,0.05304603016204679
