,RMSE,MAPE,MAE,MedAE,MAX
field_data,0.17711786461238177,0.11922182806658732,0.11192833903596998,0.05020757010739363,0.7378132218722795
