,RMSE,MAPE,MAE,MedAE,MAX
0-CC-1,0.011536437357701507,0.01070411539592508,0.009493910418526342,0.008713618396903933,0.03620522970368878
0-CC-3,0.007506803307497767,0.007387759960244899,0.006452243451980218,0.006434045585759884,0.01586875832024426
10-CC-2,0.020838350539314168,0.01700635008797512,0.015656069887703305,0.008690926812525812,0.0460158055294676
10-CC-3,0.023767932752868107,0.01904612582075919,0.017757939240693608,0.010542019793716273,0.06826145206416012
25-CC-2,0.033957736333491445,0.03357180352063505,0.030790145106878598,0.03389588227495105,0.05254089281083896
25-CC-3,0.03157270585739788,0.03094066439473081,0.028419389433536998,0.030957654850432226,0.05076198891079908
40-CC-2,0.03262068808777098,0.03250826647101159,0.028385435863383268,0.03254116576660815,0.054448169108202826
40-CC-3,0.0333828087204804,0.03289060277925382,0.028851717601587758,0.03181250232004018,0.054953840446537616
