,RMSE,MAPE,MAE,MedAE,MAX
0-CC-1,0.3011547155560264,0.3118973573525835,0.26382754285250054,0.29708900308971825,0.4783398601040354
0-CC-3,0.29560463106499546,0.3030733766298797,0.2568589484011794,0.28874293411716384,0.45516298601641925
10-CC-2,0.23910520809528257,0.24344249718517147,0.20290800841596113,0.1744283641364014,0.4054445572851738
10-CC-3,0.22135862016814425,0.22249835815206231,0.18832919943083304,0.15511418718345338,0.3979013275934207
25-CC-2,0.06505862997673563,0.061923217993701846,0.05389007071460699,0.04449597561744334,0.22576647576686515
25-CC-3,0.08285588010278622,0.07167222027142794,0.060228427818898825,0.03845105445257946,0.22354384450597342
40-CC-2,0.0037817900986496945,0.0037994691073841144,0.0031628120650306606,0.002725664236321812,0.01357824697241683
40-CC-3,0.005772131705540038,0.005930347347614957,0.004863566651978877,0.0054000115100046875,0.03841899176861385
