,RMSE,MAPE,MAE,MedAE,MAX
0-CC-1,0.05417288539661289,0.05626864130336211,0.04956751737400338,0.04875567287518173,0.13073342149025502
0-CC-3,0.027350161343715935,0.0250078843213752,0.021380520257228922,0.016661083812347433,0.05459907378847462
10-CC-2,0.013721454301989065,0.012221579279718417,0.010942997022941268,0.008999022377111476,0.0330443317424135
10-CC-3,0.017543773770013465,0.015015962086891384,0.0134159367744741,0.010414834053797672,0.04266754863901734
25-CC-2,0.01874284244470594,0.017891598775097408,0.015893619611320416,0.013682802022697227,0.040815404917762144
25-CC-3,0.025574246381514294,0.024509437203626652,0.021148309154387226,0.01669428654457561,0.06009340954735587
40-CC-2,0.053105497591280665,0.05868408653272726,0.04791463306408423,0.03531642149361247,0.10011294185982389
40-CC-3,0.05687774549647132,0.06284532586097301,0.05159894128156059,0.041883855113119206,0.1071945849639877
