,RMSE,MAPE,MAE,MedAE,MAX
0-CC-1,0.08472009308250622,0.08853162150341354,0.07528765558904817,0.07731568915743825,0.14668935293366925
0-CC-3,0.08193406037483969,0.08438599536109762,0.07186884115163172,0.07385873975208945,0.1341956096391339
10-CC-2,0.06513511513213413,0.06628453086498973,0.05526421224239877,0.04522266040104983,0.11891497731546519
10-CC-3,0.06413996835802967,0.06609841407034321,0.05624434087619174,0.04800112384803473,0.11770728910137418
25-CC-2,0.016826018008758853,0.015448136206686716,0.013383512165106793,0.011464145150427707,0.06099664744731559
25-CC-3,0.022598082707442433,0.015997310364005635,0.013110626529916396,0.005411839296065479,0.06573881892842826
40-CC-2,0.003568120651250111,0.002941726654099532,0.002502014444300664,0.0014811010062991126,0.011476516290248595
40-CC-3,0.003487762002192679,0.0032140295444414027,0.002679527567289577,0.002038801984584171,0.009679259677905283
