,RMSE,MAPE,MAE,MedAE,MAX
0-CC-1,0.04889089759763898,0.04962491657404484,0.04202015995893724,0.04049816830058095,0.09837090725114361
0-CC-3,0.04609199511232554,0.04560143574025445,0.03860149945713627,0.035883099390765616,0.083406372616734
10-CC-2,0.03810113545289737,0.0362365405712944,0.029918083902269573,0.019909461834613063,0.07678838134149668
10-CC-3,0.03422242981327994,0.03251553265641646,0.027348660965750393,0.018840663170955008,0.07277905401450802
25-CC-2,0.013795471341132258,0.012068608486943248,0.010461973056179137,0.008189655806918772,0.054571854862251135
25-CC-3,0.01966882364589906,0.014984506784079277,0.012430803748630068,0.007045403854796239,0.05258931903523978
40-CC-2,0.0027475901159676017,0.0022526022988412597,0.0018857301194270062,0.0012627795896203442,0.009834646745265685
40-CC-3,0.0055370124290749344,0.005281127016622925,0.004299406209511592,0.0029171007990264064,0.013653399368304453
