,RMSE,MAPE,MAE,MedAE,MAX
0-CC-1,0.01909996708522888,0.0200206990980537,0.017055734950478192,0.018464326939407083,0.042706427518630186
0-CC-3,0.017146335706909127,0.017519534815668744,0.014907043566193278,0.016465263767285965,0.032183631012882685
10-CC-2,0.01007579786433287,0.009778883266337628,0.008108306713422874,0.006344214198150899,0.023620472290971417
10-CC-3,0.009738976571719463,0.009062375960106771,0.007711737332788616,0.006037852410097466,0.05703616891825558
25-CC-2,0.0061915134015503815,0.006564967019308466,0.005820442677581068,0.006299651849605625,0.012492243602667763
25-CC-3,0.004511681765583029,0.004750359772838469,0.004231250701475858,0.004471267942230406,0.010891494354481224
40-CC-2,0.031364836255495035,0.034958050959208016,0.0285192082332681,0.025007980538399144,0.05859845833355304
40-CC-3,0.030582219482208916,0.03360809518563386,0.027507030729676685,0.024828837935697123,0.05678300297088468
