,RMSE,MAPE,MAE,MedAE,MAX
0-CC-1,0.008348781484156746,0.007054675744620433,0.006376887163139901,0.005186049248042834,0.026658820487284185
0-CC-3,0.007433525139079668,0.005942864404011714,0.00542759342757,0.003875485994188299,0.026648927311440196
10-CC-2,0.020086585404320963,0.02220075768275299,0.0189578412179574,0.02079104555013378,0.029303276526209565
10-CC-3,0.020485404638325825,0.022002670074513984,0.018958079087115727,0.021124681380951138,0.03529895663410343
25-CC-2,0.01612949110758815,0.0173370446856349,0.015502596241350782,0.016771517686989312,0.02745929299038996
25-CC-3,0.0156884545827762,0.01559262326918067,0.014137965121365796,0.017026037367766755,0.028126183250577808
40-CC-2,0.009704835989565754,0.009206538930638572,0.00777095730931469,0.00702119128107237,0.02212244228893634
40-CC-3,0.009793833637514647,0.009664954933415038,0.008154400194592031,0.008587059449911671,0.021140831094501267
