,RMSE,MAPE,MAE,MedAE,MAX
0-CC-1,0.02067985561522554,0.022319290468045077,0.019619839146065354,0.019177863006742124,0.03763471779944849
0-CC-3,0.020383236211674784,0.022097288483404642,0.019468910679940426,0.0188477330438257,0.037311840633888926
10-CC-2,0.008159154164410898,0.008587076320590645,0.007400438061447497,0.007369383912053551,0.018926823126551362
10-CC-3,0.00863900156677386,0.008871573593854244,0.007677744937471339,0.0074414505046668245,0.022436274291574132
25-CC-2,0.008256275153018324,0.00849435053500716,0.007652758390361788,0.008326380917584919,0.01856170872119889
25-CC-3,0.010715654626365492,0.011523816345300534,0.010281621084229418,0.010952188037295751,0.018082919815214038
40-CC-2,0.0058207443931265245,0.006101004914803351,0.005098435848475673,0.00527179959944124,0.013107060952724181
40-CC-3,0.005340435761571083,0.0054296918236398815,0.004552624916764178,0.0046899152405186495,0.017812149534125243
