,RMSE,MAPE,MAE,MedAE,MAX
0-CC-1,0.07517102920933272,0.08222284615990819,0.0705978339133357,0.07637445527917414,0.11821347231080548
0-CC-3,0.07213778660559331,0.07795548504230927,0.06703083139580177,0.07261008720802475,0.10800151402756164
10-CC-2,0.0614963345274743,0.06626871581590812,0.05580424553497565,0.04465051006988552,0.10084192548082127
10-CC-3,0.05902128735156084,0.06327045007171068,0.054264231065898914,0.04464993904302028,0.10064596687281491
25-CC-2,0.016771965692323906,0.015521004997201458,0.013483933116345976,0.011578638566325516,0.060090350898780676
25-CC-3,0.020640646468628156,0.014171920771875655,0.011601673049453323,0.004678867729648095,0.05572923211736258
40-CC-2,0.0032599319952810826,0.00271368540113037,0.002294670338691,0.0013943603693198359,0.011407427734302922
40-CC-3,0.006166796838053436,0.006205355571283784,0.005100261712097573,0.003989162400886481,0.013534629991304947
