,RMSE,MAPE,MAE,MedAE,MAX
0-CC-1,0.004697589840447024,0.004005193386880303,0.0035496056756325277,0.0027556378717812913,0.016928611397439952
0-CC-3,0.00479661375219918,0.004274755847169646,0.0038162603235872504,0.0032268770132501956,0.017902412131354684
10-CC-2,0.0339897400374189,0.03856018864399314,0.033276278639501715,0.035376936232420775,0.04431239700688938
10-CC-3,0.03248057318729411,0.036222743386148275,0.03160351764149374,0.034209942961446804,0.04584210273149447
25-CC-2,0.04594611947872938,0.050389266907502346,0.04510159362696601,0.04866714918141407,0.05630855614899588
25-CC-3,0.0505865574915015,0.054870261149313114,0.04912476718115237,0.055324538076322205,0.06748103145701567
40-CC-2,0.04594135321570219,0.054044272351548066,0.04524158540039033,0.04549572450169981,0.06492846256004758
40-CC-3,0.046509505395748,0.05448976491175352,0.045825154772082745,0.04600870766609633,0.06547603981811478
