,RMSE,MAPE,MAE,MedAE,MAX
0-CC-1,0.0030927780251078095,0.0025633609212968654,0.0022557047712022664,0.0016480102334441304,0.013349994571629109
0-CC-3,0.0030683685756276394,0.0027650778082315966,0.002487821076792807,0.002252854522475811,0.012337900750401642
10-CC-2,0.005091888479458276,0.004934476475753307,0.004231999079095004,0.0037510850274190544,0.012197609596144465
10-CC-3,0.0048065066983451355,0.003939453983121597,0.003463645636156838,0.0027947248549582415,0.023919411048535122
25-CC-2,0.007602182439296426,0.0076475207585035105,0.0067857561455642165,0.007064221985657537,0.019054697945040888
25-CC-3,0.007558886565830762,0.006727342375087179,0.005831013294134298,0.004524056800324083,0.024057761843828684
40-CC-2,0.025716627131350957,0.0273952012468939,0.022195757329672373,0.01858149223433614,0.053604363961757384
40-CC-3,0.02663491829851608,0.028360220883219392,0.02310495569546322,0.020237875132014138,0.05440245306320035
