,RMSE,MAPE,MAE,MedAE,MAX
0-CC-1,0.028826473752105303,0.03202570112874983,0.028164350026247308,0.027715315021726084,0.046574639655375005
0-CC-3,0.028522830508272895,0.03173280434954213,0.02798321031219996,0.0274244398999528,0.045274365524788585
10-CC-2,0.00418812593859075,0.003502301126837208,0.0031437666418877297,0.002393904282529058,0.012801151154297918
10-CC-3,0.005038346118451659,0.004110606890020499,0.0037539828802557844,0.0028570862118951212,0.01946447939398721
25-CC-2,0.0038988973257221933,0.003028392419799866,0.002637453082247766,0.001763534815177159,0.025433230194129797
25-CC-3,0.007771161303007738,0.006394254892809767,0.005399557944626741,0.0031737027864189304,0.020629420495297257
40-CC-2,0.010909641177699872,0.01129474597033636,0.009408947713990748,0.009495407799803957,0.018719908970923238
40-CC-3,0.010246439186834991,0.010317725942925212,0.008732292567879687,0.008006009754390364,0.02787871838559619
