,RMSE,MAPE,MAE,MedAE,MAX
0-CC-1,0.011437886160105767,0.010187206617306157,0.00862606986919172,0.00663430573042656,0.03269004577806012
0-CC-3,0.011225628720205324,0.01044049838860556,0.009191566940629168,0.007243244841668051,0.029198459925767084
10-CC-2,0.006787408959343807,0.006435325124999581,0.0056457083682947985,0.004492980405032654,0.012911046040018137
10-CC-3,0.007352502463419026,0.006677409381711424,0.005938402410855679,0.0059225514204017116,0.03351552043879391
25-CC-2,0.018059418865756394,0.017986085978297622,0.015729292066521933,0.014794966423497702,0.03111503276129346
25-CC-3,0.017733521014714638,0.018346492324119088,0.015914707793017218,0.015880841656698563,0.031135515387682444
40-CC-2,0.04628492723686407,0.05116144579958564,0.04164449330601556,0.03954512361072571,0.08099776463085528
40-CC-3,0.046951717839770944,0.0510407278866509,0.04167317524432792,0.04027762192115447,0.08229098951644742
