,RMSE,MAPE,MAE,MedAE,MAX
field_data,0.02981995921233796,0.025340170901722567,0.02370873138594862,0.019618996967048052,0.09737507225668895
