,RMSE,MAPE,MAE,MedAE,MAX
0-CC-1,0.043073471358180015,0.0408144528151286,0.03539050176058566,0.0350031818247008,0.17547789692507088
0-CC-3,0.0395400380246868,0.03656777712015612,0.03173111895390091,0.03438383224045205,0.2133741005732983
10-CC-2,0.03179138268812889,0.0281963879385525,0.025037486071505424,0.020458918286414718,0.07504417208905634
10-CC-3,0.024255788474172573,0.02067105736694588,0.01859282722551608,0.013770701466937707,0.08422612986691447
25-CC-2,0.060750731358004885,0.06273465105496773,0.05694453743305204,0.06386488000798246,0.1022077425964002
25-CC-3,0.07253475771693271,0.07572504841732947,0.06824868742011203,0.07403058842951593,0.1231995252759509
40-CC-2,0.08705580269743453,0.09327880589359808,0.08053591643305581,0.08893173791770426,0.12565376594666233
40-CC-3,0.09472642170881868,0.10316509640205017,0.0891102523147198,0.09299862837251438,0.13627841565080423
