,RMSE,MAPE,MAE,MedAE,MAX
0-CC-1,0.023697692735353142,0.026404494353191962,0.023063886351244425,0.022693434369120247,0.03744917864015118
0-CC-3,0.022745103510783807,0.02519237058182217,0.022127904660583793,0.021906545508810327,0.03336914047225403
10-CC-2,0.003662858615846819,0.0031443031222486593,0.0027388481338801295,0.002170665547670314,0.015483701216456147
10-CC-3,0.005004399881242065,0.004323985468888921,0.003950343699823872,0.00340673433719485,0.018225239224462064
25-CC-2,0.0031408562725116725,0.00287648850246515,0.002597774842717584,0.0022891019667415913,0.011428837135230019
25-CC-3,0.008431240938068041,0.007529327366346397,0.0064386814063065855,0.00493331943888542,0.021830265133618076
40-CC-2,0.016584676544297582,0.018147519699443445,0.014856457138901562,0.017259030156360045,0.02364697422874784
40-CC-3,0.017014466723474647,0.01862897550646547,0.015308735832707409,0.018931663993620673,0.028078334128602944
