,RMSE,MAPE,MAE,MedAE,MAX
0-CC-1,0.057856059600182315,0.056533242129448345,0.04852618924442833,0.05143420637233226,0.13148777787453236
0-CC-3,0.03745405744180804,0.036991496999077736,0.031316898453853076,0.027391017929418005,0.06763187628500444
10-CC-2,0.00998905241449002,0.009819715670590526,0.008495203316158174,0.007934362895090308,0.019878192123542804
10-CC-3,0.010077638101876656,0.009098316695877422,0.007910236623875085,0.005835143610896265,0.04179782424891354
25-CC-2,0.029423517938123426,0.029781539021722245,0.026841705105665522,0.02736601177114456,0.05085914035074157
25-CC-3,0.033562059754296186,0.03355746847757036,0.030173319534716365,0.031966340848459396,0.05789106806206179
40-CC-2,0.07844045681646013,0.08947007010062044,0.07344490858572324,0.06807532808918626,0.12779655754433317
40-CC-3,0.08284406937361394,0.093780780000073,0.07729604072794864,0.07582953598046027,0.13500199949569547
