,RMSE,MAPE,MAE,MedAE,MAX
0-CC-1,0.009751789723571536,0.008617810704641059,0.0077172052926487615,0.006930650026016005,0.03515123941691545
0-CC-3,0.013050553655520117,0.013407147188968314,0.01173724394389238,0.012283287685850242,0.0259113083399799
10-CC-2,0.028931751715881738,0.0288559080892684,0.02557454631577826,0.021940360461010888,0.04680878177242975
10-CC-3,0.030921635009235164,0.03012837082922339,0.026899717674729772,0.02813569366900004,0.12995678935969235
25-CC-2,0.043823444328753056,0.042443567006385435,0.037778867225204314,0.03698553101280405,0.08290041533793402
25-CC-3,0.04675294847932488,0.04733252320897826,0.041856681773525806,0.04358388245749201,0.08189700836276126
40-CC-2,0.0819200588965382,0.08372958520419543,0.0676971395596387,0.05840797428834238,0.14511519627148028
40-CC-3,0.07458199418519232,0.07573659056644244,0.061640173494469444,0.056941226834537395,0.14014492666549527
