,RMSE,MAPE,MAE,MedAE,MAX
0-CC-1,0.06525878604335358,0.05462487023488151,0.04994465894003073,0.038701984400533185,0.23012776037498095
0-CC-3,0.08973229351374828,0.08508206004227062,0.07712513859068193,0.06300058358481886,0.2158725414521777
10-CC-2,0.04394655428960199,0.03995798568323137,0.03617516047565126,0.031052415780453146,0.09016838359377743
10-CC-3,0.05066754009617487,0.04693992640842516,0.04243832478410209,0.03972493633720975,0.19707753611700285
25-CC-2,0.06506633775035774,0.06681734807880177,0.06084786553027173,0.07128681019433858,0.14729617734186096
25-CC-3,0.05565781539603351,0.055357558253989185,0.0506389210012691,0.062124679050440834,0.077809237700185
40-CC-2,0.07938174916723306,0.09417361240496674,0.07926408346606335,0.08021339990517262,0.08805706337711161
40-CC-3,0.0873781772154869,0.10340016385032565,0.0872627582277678,0.0880644427478191,0.11102241541967861
