,RMSE,MAPE,MAE,MedAE,MAX
0-CC-1,0.00474774335153335,0.00397274518140713,0.003581942642497667,0.002928606569275072,0.02182923493506861
0-CC-3,0.002863256281762049,0.0022635708397041117,0.002058476610991656,0.0015138018849932822,0.009553632582935179
10-CC-2,0.003580447330189835,0.003053069644306764,0.002756800190424879,0.0021202807166083026,0.009964396241992413
10-CC-3,0.005164947220964455,0.003766307784385131,0.003416059637001529,0.002792640551911363,0.04248655591929318
25-CC-2,0.011098174372452807,0.01085002381070082,0.009523839245616414,0.010865035884710494,0.017756612733379695
25-CC-3,0.010681277227282132,0.010774816202356515,0.009423559052548056,0.008806757949864963,0.02399897297310305
40-CC-2,0.03194564485301859,0.036529921544693256,0.029983040130836622,0.030416494631025692,0.05357545570904132
40-CC-3,0.03387577890317742,0.03828096250712111,0.031511230982010245,0.03198279585016861,0.054706138728330966
