,RMSE,MAPE,MAE,MedAE,MAX
0-CC-1,0.009894546065801535,0.008585065654641656,0.007334362950131878,0.004638905689603956,0.028200623933577695
0-CC-3,0.010251731715019972,0.008813167091644904,0.007497285123478629,0.004963753801072168,0.024564521159967656
10-CC-2,0.030874255274155524,0.03427807092451569,0.030211817418070337,0.03175675450839177,0.048210525500056
10-CC-3,0.031169359219254424,0.03457204754512777,0.030727360574457588,0.03173779690348627,0.04689211964756168
25-CC-2,0.04028653730744999,0.043606363043456706,0.03944988353009069,0.04181282660601465,0.052989308193121865
25-CC-3,0.04493429790797501,0.0461776962501102,0.042123680528379615,0.0482148422385591,0.05883288290794508
40-CC-2,0.029406246026142956,0.032451219363390876,0.02775042890107782,0.02625895771023745,0.051085286086964055
40-CC-3,0.030233406832847993,0.034032345689486945,0.02912179550565018,0.02837904971102556,0.04849902169672837
