,RMSE,MAPE,MAE,MedAE,MAX
0-CC-1,0.010399019306110351,0.008666359555953865,0.007887049936252197,0.006097997013153611,0.03267891104453502
0-CC-3,0.011112943652351366,0.009148277932374084,0.008374165522014225,0.006217885738258544,0.03610830364658424
10-CC-2,0.039884237534339124,0.044076834831132554,0.037531667176402814,0.04252736686838665,0.05291330750743961
10-CC-3,0.028320875349856525,0.02916928008089679,0.02488474624192781,0.028851451034229314,0.04491298580816472
25-CC-2,0.02686303035649674,0.02750170458504287,0.024049541623026752,0.021088254236245607,0.048279683353003144
25-CC-3,0.02639978533036587,0.0278789747126758,0.024166168536919226,0.021039581285586695,0.0470398823577447
40-CC-2,0.024533858812249662,0.026682542813901,0.021751458980467372,0.015472049207301775,0.051962732835353576
40-CC-3,0.023154078077577377,0.025127019983332548,0.020661971674336657,0.014946787916553461,0.04857738552641655
