,RMSE,MAPE,MAE,MedAE,MAX
0-CC-1,0.05318558281918434,0.048938624536199786,0.042691892465344085,0.03472734717585596,0.15785927435203173
0-CC-3,0.04989412928496845,0.03820733249158816,0.03521568083276871,0.020936075851019864,0.1585595760591113
10-CC-2,0.027059881388900656,0.027838628933760916,0.024420823754220198,0.02279483458245468,0.07337448527017099
10-CC-3,0.034868282022016334,0.033255763910490434,0.029589648836602006,0.02590440200648736,0.14554866505758512
25-CC-2,0.052050947019300846,0.05294553591714432,0.04812339314160547,0.05688002266984016,0.1075202693485443
25-CC-3,0.06908462360157457,0.06651388084021595,0.06100463312357138,0.07709030353347246,0.09851013548177456
40-CC-2,0.025876945203312487,0.02922929509609794,0.024831823750766598,0.02572729205522617,0.04725427138493432
40-CC-3,0.03607881497335149,0.04122831004054984,0.03519432864759977,0.03703487171403491,0.05438387658224575
