,RMSE,MAPE,MAE,MedAE,MAX
0-CC-1,0.03287694469713618,0.036451572866790814,0.031844986049613486,0.03070239765740701,0.05430197471787945
0-CC-3,0.03169167000021915,0.035025925832878765,0.030685502955295277,0.029585732331701364,0.04905201658233094
10-CC-2,0.008638185249294775,0.007669629959125529,0.00661564782465979,0.005490931436185065,0.018368284580964178
10-CC-3,0.008024194638755859,0.006709453985371575,0.005984855289451717,0.004329616381359147,0.02317170948508218
25-CC-2,0.00889377072771587,0.007875603795527023,0.006889978293589848,0.00490190817327435,0.042139279636421056
25-CC-3,0.01498508380465251,0.011337769553864592,0.00941842658838541,0.004364766140946497,0.038344516968991105
40-CC-2,0.02215682696686101,0.024556090752382766,0.02018470624427059,0.021068994235276084,0.032985949181445595
40-CC-3,0.020291519736819315,0.022678426583809023,0.018859860678655235,0.019730986130871542,0.03192265511502734
