,RMSE,MAPE,MAE,MedAE,MAX
0-CC-1,0.03638345850047231,0.03714815406662982,0.03229102341336604,0.033004766335383295,0.08156836887641528
0-CC-3,0.03347157408316226,0.03284188147743375,0.02902349356055138,0.02928527923381441,0.09124189372045699
10-CC-2,0.05363784074999595,0.055131677788888125,0.04638992098069245,0.04860181704408428,0.0889066234117768
10-CC-3,0.04986552750869807,0.04922204896014858,0.04182817630016131,0.045265091953800074,0.09286699587801361
25-CC-2,0.029498008696374384,0.026735209198713708,0.02309830457865524,0.01606856414884672,0.07001616532801991
25-CC-3,0.023479096299530825,0.019878658843671283,0.016749999420821556,0.00918641367302564,0.05605130189990115
40-CC-2,0.004175502582051319,0.003761777076391197,0.003139409843966711,0.002403712476661768,0.017556786103786193
40-CC-3,0.005627675251284862,0.005713680440231487,0.004720116053646877,0.004839817211082953,0.012137177249054831
