,RMSE,MAPE,MAE,MedAE,MAX
0-CC-1,0.052539601606017394,0.04650770823271092,0.03963527666800708,0.02888188805685954,0.15657595276460945
0-CC-3,0.03654073528939574,0.029901848241567757,0.0257135798391564,0.0180099795237596,0.23395600164675412
10-CC-2,0.03544007860627593,0.03658276366870153,0.031600354108619624,0.03104425615842188,0.07035300661721688
10-CC-3,0.03100307307492457,0.029890208656297084,0.026340748194011804,0.02742608499254645,0.08169764687754144
25-CC-2,0.02046007802007981,0.015734879109750112,0.013658608337310542,0.007255389347499697,0.05790116364955311
25-CC-3,0.025370342169194326,0.01929315569202774,0.016719212173160903,0.012374777632753853,0.11644435206962156
40-CC-2,0.08723413017584492,0.10143491164724158,0.08361833648214453,0.0815232518526181,0.1304595917918152
40-CC-3,0.10372083883465387,0.11986041937602844,0.09924049500231927,0.0981527956037711,0.15765480788996056
