,RMSE,MAPE,MAE,MedAE,MAX
field_data,0.033815020980440195,0.02863313506921268,0.026496656284800562,0.01946292286284279,0.09294475656495105
