,RMSE,MAPE,MAE,MedAE,MAX
0-CC-1,0.012105720267179787,0.011053988684499073,0.009861608129368694,0.009179596957341885,0.03166763720633936
0-CC-3,0.011159753258687148,0.009928945738724038,0.00887920349490757,0.00796221566761035,0.030790675262947764
10-CC-2,0.0158554051176777,0.017116493614613204,0.014591796391509393,0.0140454287009939,0.02680540021221256
10-CC-3,0.01661618523408435,0.017379148490520226,0.014927803792881516,0.014223890490304758,0.03079066569307709
25-CC-2,0.010953125461353025,0.011710851942179856,0.010518278877220706,0.01068430156135397,0.019863251998816445
25-CC-3,0.011959190461479764,0.012405882588697709,0.011212660405650682,0.011429624924694015,0.01873708079162395
40-CC-2,0.005168844943874879,0.004498370493242768,0.0038221506219200583,0.002921810442721773,0.015310697502064152
40-CC-3,0.005304212981212357,0.004768202839447192,0.004028775490509246,0.002598675332080136,0.016508715162177
