,RMSE,MAPE,MAE,MedAE,MAX
0-CC-1,0.06720675015436035,0.06187361331597008,0.05259265825013963,0.035334205111516304,0.16054004186799542
0-CC-3,0.0717285922783793,0.0635561111776262,0.05355293601743149,0.036033333527879075,0.15292020032420428
10-CC-2,0.04337912271509982,0.03312620626578947,0.02683260859611541,0.006607283444985401,0.11563118777261583
10-CC-3,0.035486761132369225,0.024420113601518842,0.02012012909409248,0.005706202756203205,0.0998358440233218
25-CC-2,0.01636788745854099,0.01531184668697069,0.013309892821264838,0.011598450850035136,0.03667459751712665
25-CC-3,0.010101277277532971,0.009087020232592167,0.007787170043393745,0.005633160724846542,0.029040261482910168
40-CC-2,0.05761657162178306,0.06387695782205603,0.05202630165438699,0.05240106778482234,0.09374815182262775
40-CC-3,0.05726059654098292,0.06277445809146552,0.05133482067857707,0.052233440866188974,0.09574083721465909
