,RMSE,MAPE,MAE,MedAE,MAX
0-CC-1,0.020473611825417765,0.018345197728455564,0.016759346795820553,0.01266434861501814,0.04785971579673243
0-CC-3,0.02003876197466166,0.017888316393851075,0.016413906268033136,0.012190760824477676,0.04631679115726539
10-CC-2,0.010805718032545075,0.01113674296151127,0.009527681285273678,0.009312609519021464,0.017305928726755737
10-CC-3,0.011280948981943602,0.011312955051454373,0.00986273400651874,0.009921304530253194,0.024046467251805814
25-CC-2,0.0031610413682323073,0.0028617391999719638,0.0025839850360605595,0.002376768152941966,0.011217343601264806
25-CC-3,0.0033979901423119747,0.00293715547158504,0.002520850297824868,0.0019392853855502712,0.010220184541012589
40-CC-2,0.0061943617850909165,0.006424249628828006,0.005350972207442263,0.00546195934546323,0.017129897637904845
40-CC-3,0.007076564965765072,0.007775049335999438,0.006517906547547519,0.0064729391861815255,0.02431746006955615
