,RMSE,MAPE,MAE,MedAE,MAX
0-CC-1,0.005024913595407717,0.004617603916321425,0.004116086567882246,0.003937828494893381,0.02084206280829859
0-CC-3,0.0035452973474107696,0.003261512989321287,0.002847227175302231,0.002496353618395175,0.00953554843354154
10-CC-2,0.008029303282543516,0.0074762523034512685,0.006738165706356988,0.00546688655280525,0.019023901747576732
10-CC-3,0.01085310473204703,0.009238367262381706,0.008474027079605593,0.00649443052718407,0.06390316043818356
25-CC-2,0.015835094440665838,0.015511269428002935,0.01424651338015682,0.014381260118903505,0.027887279243486662
25-CC-3,0.014491884548692836,0.013941729737471886,0.012840182479849334,0.01287662901837483,0.026648155006532726
40-CC-2,0.01405149305248963,0.014523093913253453,0.012602587661544552,0.014283673430141586,0.03192136847572602
40-CC-3,0.014448184492708975,0.014527852394280961,0.012697482771597567,0.014067010889334708,0.0325023800850569
