,RMSE,MAPE,MAE,MedAE,MAX
0-CC-1,0.026652122369648108,0.023168392846632514,0.020829941119741898,0.01598054117595038,0.08304206161089778
0-CC-3,0.0322276876515299,0.023838660686259897,0.022264417790027205,0.012146472077944837,0.1048200208519734
10-CC-2,0.028732596948334473,0.029382942914320354,0.025658872111654105,0.026513104694516065,0.057103177392666016
10-CC-3,0.029133575084498885,0.028172499793299676,0.02517739460963747,0.023787927444590073,0.061950408946440105
25-CC-2,0.023784156543512642,0.022154101572281187,0.0199539146206497,0.016392313166344707,0.05685226817361755
25-CC-3,0.025343992871410884,0.025246015977010563,0.0228667435158447,0.021690773657308426,0.06893813888145017
40-CC-2,0.026745457052128357,0.03097901512663519,0.02625241068790742,0.025395820273470537,0.05278863195701311
40-CC-3,0.033814326188541,0.03968609604196033,0.03345341679960901,0.03154921188040316,0.05129302070005015
