,RMSE,MAPE,MAE,MedAE,MAX
0-CC-1,0.0052756454132888726,0.004477341760982297,0.004030301294103732,0.0033007262126034664,0.0199395888817544
0-CC-3,0.004682291462564621,0.004377270350340512,0.003916606121412599,0.003790606484563419,0.012395045604022825
10-CC-2,0.012255422998216397,0.013149848488378768,0.011433101357253575,0.011637943086743818,0.021607944533099888
10-CC-3,0.012324343218499009,0.012389678791232426,0.010983005253662017,0.010706259511569338,0.04714263235056759
25-CC-2,0.029745110844715,0.030200174174458777,0.02642559816532026,0.028842768004257002,0.04566502569652642
25-CC-3,0.030059387547467776,0.03092063355259424,0.026761006337383902,0.02714142107227835,0.047715739424852854
40-CC-2,0.05942232389880528,0.06754277978995568,0.055323257043564555,0.05586142906433039,0.09335046963268634
40-CC-3,0.05920861074447954,0.06682503220126353,0.05498487166203822,0.056914172347637626,0.092752260325621
