,RMSE,MAPE,MAE,MedAE,MAX
0-CC-1,0.005979384981640688,0.00600125044023161,0.005121896678392701,0.005289884923511345,0.018819925729537168
0-CC-3,0.004912032940842649,0.004966839758375917,0.004282267228399268,0.004258103481420528,0.01063196236893127
10-CC-2,0.0014936526738585504,0.0011697933549792395,0.0010289981853468118,0.0006157828717081593,0.0048153208472910825
10-CC-3,0.0033387730501483024,0.0012516257908655164,0.0011488433974060467,0.0005623426731836134,0.03987092529261471
25-CC-2,0.005581016206826513,0.005554202210825066,0.004881787958818148,0.004327230706949514,0.010690967799719453
25-CC-3,0.004408677970402819,0.0033684817303351964,0.00287917382633896,0.0012919508126862933,0.01543738048854304
40-CC-2,0.027779240578804248,0.029322865302544517,0.02369971090789244,0.01919052793389514,0.05682909445339557
40-CC-3,0.02743144042155688,0.028634142990357977,0.02324569301357899,0.019661379875020812,0.056002003310392734
