,RMSE,MAPE,MAE,MedAE,MAX
0-CC-1,0.009363844360658886,0.008809567501641594,0.007832544149972656,0.007285560618053799,0.022761634037557266
0-CC-3,0.012975241573146702,0.012463641658273827,0.011305623673216286,0.009287485097677795,0.027002897191886643
10-CC-2,0.07853064459616305,0.08239650038850191,0.06955858896970173,0.07791682133931277,0.11308808522589153
10-CC-3,0.061494470195636336,0.062248210381297825,0.05383199597314667,0.06096095906694554,0.2150445505527222
25-CC-2,0.13221291867511478,0.12267241322883751,0.10637523131561301,0.08558540951475274,0.230994485289854
25-CC-3,0.1459662776437513,0.14120385651630665,0.12126575519891697,0.11234231694320918,0.24727685320997617
40-CC-2,0.1473213074897016,0.16585619427295561,0.13616263595338893,0.16529781356508577,0.18618319020430085
40-CC-3,0.13936416506701804,0.15527117194342185,0.12796415599581182,0.15850631038702434,0.17949685322232012
