,RMSE,MAPE,MAE,MedAE,MAX
0-CC-1,0.0329989979911982,0.03173716934935134,0.027824366556970355,0.027072313879905996,0.14739961286826708
0-CC-3,0.03812567359446031,0.03564168426023913,0.03154615243800596,0.02939667552955616,0.11362773960578809
10-CC-2,0.02487011368391481,0.022524344454889347,0.020341252306551604,0.01765071057793033,0.05266961475462639
10-CC-3,0.0314940556499573,0.02788143538178645,0.025461990978185172,0.018514701312894233,0.1307326789011215
25-CC-2,0.0604159417754932,0.06318433110870932,0.05749862154537021,0.06534048175067675,0.11245213647119445
25-CC-3,0.06620970037045029,0.06854924909469773,0.062419113710384666,0.07264840355427238,0.1031066207082324
40-CC-2,0.06853358844362557,0.08011376682112105,0.0679091989450848,0.06932532022767746,0.08277244078801049
40-CC-3,0.07705177536245095,0.09050207677774305,0.07664214927585179,0.07888413516314952,0.09706716331293419
