,RMSE,MAPE,MAE,MedAE,MAX
field_data,0.040285663054645426,0.035011550859472905,0.03164869721667825,0.025773838312440955,0.12230534893021594
