,RMSE,MAPE,MAE,MedAE,MAX
0-CC-1,0.04516949020203826,0.04164577050504986,0.03650443505271658,0.03314073645651028,0.1379653803278672
0-CC-3,0.07290275836974186,0.06483280386948688,0.05939951883509267,0.0470923807771213,0.17669314926612745
10-CC-2,0.03517962721509129,0.03043672683716169,0.02774013681448207,0.01787724958900261,0.07827750701621172
10-CC-3,0.043839661713170205,0.040028429853912036,0.03649746114261232,0.030722401489131634,0.13010714476861296
25-CC-2,0.044027110202421095,0.04460441044039058,0.04072115856914092,0.04510128938224556,0.08884878577373512
25-CC-3,0.07341604667461255,0.07456182520416572,0.06795065284296939,0.08327993846675363,0.12093657533240842
40-CC-2,0.023276500634844096,0.02287900941579716,0.019651638159720743,0.017662385348230003,0.06919307362564331
40-CC-3,0.02834885965372654,0.025463260401518518,0.021770583248450385,0.019658918223646182,0.07763054054243224
