,RMSE,MAPE,MAE,MedAE,MAX
0-CC-1,0.01587367314184052,0.013005679254824657,0.011971115377180753,0.008023399904892203,0.041089879847788335
0-CC-3,0.015133643270891145,0.011986999775025162,0.01111745810219395,0.006917323391839925,0.04200785217716285
10-CC-2,0.015241748500332788,0.015055739265077755,0.01262165950142276,0.013174178813493476,0.026684283574028966
10-CC-3,0.015453104999857298,0.014750893118508048,0.01254603442781416,0.011292055173152571,0.030508616513999942
25-CC-2,0.0053543321216047175,0.004096690627225101,0.0035886441154508496,0.0015967635136088787,0.014018410892503996
25-CC-3,0.0034489519776528463,0.002905397643309091,0.002629850742383909,0.0021585651147311147,0.011850297451019287
40-CC-2,0.00656209201817901,0.005906516745451883,0.004850196193419688,0.003319731854638519,0.02047914223247882
40-CC-3,0.007366128604149112,0.007202462852063612,0.0059662383553202945,0.00523692959660893,0.02264483452786914
