,RMSE,MAPE,MAE,MedAE,MAX
0-CC-1,0.28938169432517286,0.3016861548142839,0.25553909059788926,0.2693905095050025,0.46666477050633337
0-CC-3,0.2924084112310495,0.30260485191208175,0.2579118007762503,0.27899017315241054,0.4517905550698895
10-CC-2,0.17101270141650615,0.16586911957249936,0.13776379198315714,0.07481427773537797,0.34206047139154283
10-CC-3,0.1709742952948351,0.17337692452264272,0.14766288543367365,0.09709769518869438,0.33867284773120754
25-CC-2,0.043707552033043266,0.045448918602322565,0.04085537277323562,0.04486410622146797,0.11576395806666984
25-CC-3,0.08017521650349267,0.08726858980674061,0.07647432372689124,0.07341543268795758,0.15494879274053153
40-CC-2,0.007280987765125136,0.00728728486488752,0.0059381476654672,0.00617664575691268,0.030376922032689047
40-CC-3,0.005289789002169725,0.005393445997609506,0.004531480325430925,0.0043355384805982,0.03853760479937085
