,RMSE,MAPE,MAE,MedAE,MAX
0-CC-1,0.010409978195466378,0.011005742960201778,0.009418637448166978,0.010297439190393942,0.021686134282851377
0-CC-3,0.007755623844286681,0.008098229195846116,0.006966217013049675,0.007307381490932685,0.01378975684448669
10-CC-2,0.0017434839314165688,0.001588158781287656,0.0014217805096416265,0.00142637511488386,0.007246956170111729
10-CC-3,0.003987108621415265,0.0017106992826959957,0.0015486766335056263,0.001212027760971568,0.04988098894083859
25-CC-2,0.009272290912567765,0.009607971004371604,0.008419394315059087,0.008181916530272781,0.016317916122398524
25-CC-3,0.007066278542184264,0.007229047776847363,0.006232141436578872,0.005753504712296409,0.01864416998210383
40-CC-2,0.031056211245464614,0.034804334203964074,0.028424970136020845,0.025340382550836205,0.05805748657757159
40-CC-3,0.030094787284691563,0.033473396261639796,0.027458693478591284,0.02541594368673472,0.05410198604888761
