,RMSE,MAPE,MAE,MedAE,MAX
0-CC-1,0.006091751979556334,0.005550148767375329,0.004883462511369589,0.004258730697693114,0.017129170275949956
0-CC-3,0.005535296167990365,0.005030312130020268,0.004476820889114264,0.003714360491103408,0.017980921844979014
10-CC-2,0.025927678739157974,0.02912067348603388,0.02520532643194198,0.02722324075200011,0.03975054024386093
10-CC-3,0.02602756861624935,0.028833371225198662,0.025165723323456932,0.027133501762154844,0.042849255801736486
25-CC-2,0.02805539302380079,0.030101824778915556,0.02711162078214778,0.029938591347081434,0.04075760062018485
25-CC-3,0.02999653623963122,0.029673540764666776,0.027061565750218685,0.033568417625833735,0.040878291247417264
40-CC-2,0.016839742341419498,0.016192331850585186,0.014057272247177961,0.011024125826744391,0.03309144483376514
40-CC-3,0.017212924885704188,0.017815739410661714,0.015403763314049797,0.01279590417464449,0.031161300244870516
