,RMSE,MAPE,MAE,MedAE,MAX
0-CC-1,0.008687614601358225,0.007880932015989345,0.006828503731189189,0.005471737690197487,0.03603416437318341
0-CC-3,0.008345796379270135,0.00642234619033557,0.005875272042746874,0.00424972601611906,0.033208354925385764
10-CC-2,0.0032380523669185246,0.0031100744199146256,0.0027083582972998845,0.0025052508281242503,0.00689752189701065
10-CC-3,0.0036715765732814433,0.0026839210180666664,0.002398851512621493,0.002068373113578048,0.03224159036600949
25-CC-2,0.018373945789361176,0.020022444147942266,0.01776659872184623,0.018013401476873192,0.025901482271680543
25-CC-3,0.020126127783781714,0.022039720702347484,0.019657308611463364,0.021387186652564893,0.0323911877481885
40-CC-2,0.05735968808654568,0.06436597633862093,0.05258887216913739,0.045295197319280445,0.09974467711025592
40-CC-3,0.058031692597800284,0.064387722097077,0.05297767779162809,0.0464179435463129,0.10227866707396294
