,RMSE,MAPE,MAE,MedAE,MAX
0-CC-1,0.018260488136499727,0.018221571265450383,0.016361494638108664,0.014852300583059197,0.04101698336722803
0-CC-3,0.021760636305630306,0.022565093280367984,0.020244527482493467,0.018896639532978765,0.04232465086414405
10-CC-2,0.006145072173051387,0.005825247038326603,0.005216965386936668,0.005342208138412241,0.01388321387555036
10-CC-3,0.0073962417054350684,0.0070474474037345025,0.006381625986816343,0.006169837014325774,0.022124515481023344
25-CC-2,0.0030123536737585504,0.0022178892539423747,0.00197735876558914,0.0015308925539869178,0.02477537372974381
25-CC-3,0.006886766065593183,0.005455643796250875,0.004595663347715675,0.002517289558640945,0.01879141979254939
40-CC-2,0.0037873557744953733,0.0036004711952559013,0.0030314222418648283,0.0024160705124779414,0.010932623906673156
40-CC-3,0.003511169947680731,0.0034543964658019055,0.0028973849402776928,0.002593320094252838,0.017088906774420654
