,RMSE,MAPE,MAE,MedAE,MAX
0-CC-1,0.014370877305207029,0.01271655236214537,0.011569206805357588,0.009343145625123006,0.03817109999778223
0-CC-3,0.013324601334679696,0.011424001026226092,0.01046788834334604,0.007726847460583719,0.03707491217090675
10-CC-2,0.013203453540424027,0.013597612521411156,0.011404993163788315,0.011191414356400253,0.022868334610863683
10-CC-3,0.01353019652841704,0.013274170403251096,0.011253870159522773,0.008756657436492676,0.026736417360099796
25-CC-2,0.005405987559314757,0.005381420696695894,0.004796547168688411,0.004665685174831236,0.013339583232794716
25-CC-3,0.006112967117972,0.005772179249356547,0.005236872635576792,0.004940001226323099,0.012348118522794604
40-CC-2,0.006167021602290086,0.0061086281683761885,0.0050259163932425965,0.004757534904841765,0.018593191667140685
40-CC-3,0.006376257903976201,0.006450427148711725,0.005331113405873126,0.005235484230643461,0.022976236352820312
