,RMSE,MAPE,MAE,MedAE,MAX
0-CC-1,0.007871922513928735,0.00606133982819373,0.005324675308370307,0.004046568406211926,0.0707256802151931
0-CC-3,0.0064536591393870675,0.005513511296696137,0.004955927325847689,0.004449525793832287,0.021310783974888947
10-CC-2,0.03547799464845601,0.03913551775553003,0.03426707312692366,0.036746505672254626,0.05525066851305649
10-CC-3,0.027297484839294728,0.029555841444602136,0.026084622894581393,0.0289337230541441,0.044044865371286046
25-CC-2,0.05098470671429762,0.05565731767563934,0.04955779920459461,0.0539400838851396,0.06996425924939265
25-CC-3,0.06354950386058397,0.06888828608060736,0.06095600381036465,0.06319074627178689,0.09971916983428752
40-CC-2,0.038793855308444467,0.04562858318489736,0.03788962778851116,0.03549217866249388,0.05864232450853468
40-CC-3,0.04845922586772487,0.05706056276656703,0.047747734342988346,0.04582133545152273,0.06797097360915982
