,RMSE,MAPE,MAE,MedAE,MAX
0-CC-1,0.04639005172097413,0.04450133668294157,0.03739580153340455,0.03319690861812141,0.09723818058183209
0-CC-3,0.04332232017378221,0.04026346844837516,0.03384450611913222,0.027995514903808583,0.0841390329103131
10-CC-2,0.04441719234261963,0.04140242320662502,0.03401034180454604,0.022291734931030538,0.08815084491060032
10-CC-3,0.03713837934011616,0.03326076984151883,0.027712686387729543,0.018471889233729666,0.08034967836600948
25-CC-2,0.01574726196008208,0.013009392115238468,0.011148033448118107,0.007808294263129123,0.060522909730640784
25-CC-3,0.026145715817693142,0.022474525183005956,0.01887111983779581,0.011827682427967057,0.06689657954854544
40-CC-2,0.0023053110562185797,0.0021568480046779558,0.0017836522819547687,0.0015026166854695822,0.009727477593959533
40-CC-3,0.0032173780100213972,0.0028783513340833672,0.0023396149607915777,0.0014067526786557538,0.010288657566088877
