,RMSE,MAPE,MAE,MedAE,MAX
0-CC-1,0.01234879648288692,0.012103726718780898,0.010575271897344422,0.009609807241559798,0.026266192821500667
0-CC-3,0.010638978592774549,0.009853843194156163,0.008753256891756085,0.007579310486759638,0.02555840073062965
10-CC-2,0.04489304647851062,0.04950762008664721,0.04205743447605587,0.048141859308277524,0.059669374298935596
10-CC-3,0.03522073933059332,0.036454895628494945,0.03108948287731104,0.03545835140388437,0.05363707924535954
25-CC-2,0.03463589495046249,0.03630473054837808,0.03184654335376391,0.028415551626668478,0.06145892596393454
25-CC-3,0.03273346104811904,0.03511123588991138,0.030515005268520298,0.027024512179810167,0.05395926636043025
40-CC-2,0.03994823893427117,0.046383617305916176,0.03827027951807738,0.033142497605182064,0.06723701626192213
40-CC-3,0.03762230836136747,0.043395170525256925,0.03594881265227365,0.03155179018015397,0.06240389978713834
