,RMSE,MAPE,MAE,MedAE,MAX
0-CC-1,0.052753666105557005,0.059693250270323996,0.05199816130935888,0.05090689949545091,0.07533150667359845
0-CC-3,0.0540421125310398,0.06103486187817837,0.05334220549429206,0.05179836745612609,0.07152159675582337
10-CC-2,0.017510087731871526,0.019260349447713924,0.0163458839644676,0.015438481252676661,0.0300501119418497
10-CC-3,0.017026653493949915,0.018749882523048912,0.016245319271338068,0.01557690388875932,0.02948307451469112
25-CC-2,0.01012371796557293,0.00781739635348673,0.006698911845256385,0.004187142618721662,0.046226846965827795
25-CC-3,0.017196043841836064,0.01563257135284194,0.013459405002530057,0.010447377380061407,0.038575961804653947
40-CC-2,0.017759939335165936,0.018823909792168393,0.015456650111809087,0.016436475596931732,0.029006623886950966
40-CC-3,0.015702955071749607,0.016413811898632967,0.013638108215695126,0.01408032285348626,0.032540755281348144
