,RMSE,MAPE,MAE,MedAE,MAX
0-CC-1,0.013322580549366657,0.011046285574230066,0.010117372870652824,0.006929149536742785,0.03633181986930323
0-CC-3,0.012219524488577193,0.009770669069392768,0.009006712769750149,0.005802604054913063,0.03728281317188331
10-CC-2,0.015208726372207534,0.01570627912732317,0.013187413097047952,0.01363903375075548,0.025056659539147375
10-CC-3,0.015645564898296407,0.015600685805843978,0.013257856158744707,0.010998106258119311,0.029478648252281192
25-CC-2,0.0049281179960743,0.004786761992762933,0.004205426010429587,0.003543332727265369,0.01410475311917414
25-CC-3,0.0037136206098830507,0.0032688887606930374,0.0029657569572949746,0.0025010075947855537,0.013515773513944507
40-CC-2,0.006188901389992108,0.0061175907888081716,0.005035794831562665,0.004959847489457214,0.015784263177455626
40-CC-3,0.006394528541126138,0.006388579614276411,0.005300554304007624,0.005376137734854458,0.022222595224280273
