,RMSE,MAPE,MAE,MedAE,MAX
0-CC-1,0.03235154831564448,0.03152062472340853,0.026703752085823255,0.022258393842759017,0.10287356132676617
0-CC-3,0.02491095055951172,0.024138292326983536,0.02080926094797404,0.018486347939208503,0.05514816815658996
10-CC-2,0.020155256169021817,0.019496849696826607,0.016329390534977097,0.011565169869333758,0.05733313641534654
10-CC-3,0.017603665641652607,0.01823199241688438,0.015729632707809953,0.01319423551200316,0.044230647430065884
25-CC-2,0.005631110115775262,0.005674902829570181,0.005139331081520538,0.005191000951503821,0.010656404272674447
25-CC-3,0.003952873378478475,0.003889832082786998,0.003397621830103316,0.0029942958563252686,0.015217897495502952
40-CC-2,0.03752928441205927,0.03419217516952314,0.02710633137507779,0.016184783245174028,0.07849955515438434
40-CC-3,0.03782277442238294,0.034071033422195716,0.02716426771175009,0.01754810134269802,0.08103857672042691
