,RMSE,MAPE,MAE,MedAE,MAX
0-CC-1,0.030416948026653602,0.03215292506573975,0.027450957286121215,0.025154027474510177,0.06023084873368756
0-CC-3,0.028535796847547187,0.02950301488687766,0.025183722273980736,0.022435495528685623,0.05107085282608459
10-CC-2,0.02220153862994779,0.024510420774126872,0.020834769424858193,0.01896356807662558,0.038202748635270734
10-CC-3,0.023805395598483714,0.02579611919802359,0.022427741229523988,0.021493805048403203,0.08130443845713498
25-CC-2,0.006974003947015066,0.007418813713591897,0.006570691808782818,0.006415854938235543,0.01444179232398124
25-CC-3,0.009789577996213682,0.010581965316280705,0.009425684092900124,0.00989512872901166,0.021797683708719706
40-CC-2,0.030450751758525494,0.03472686715598081,0.028589027236759823,0.023511538542105748,0.05823028044277545
40-CC-3,0.029682492691700584,0.03396309839950855,0.028132559751767573,0.023780289012107825,0.05703703796691739
