,RMSE,MAPE,MAE,MedAE,MAX
0-CC-1,0.08536104858235896,0.0907946077477808,0.07746769500416582,0.08125981832127727,0.13953619951417462
0-CC-3,0.08252253038986045,0.08641669158716563,0.07381628918091943,0.0762075203841085,0.12877927596374938
10-CC-2,0.069793895874099,0.07454587270417357,0.06266653491070467,0.050500884768524434,0.11626552138612523
10-CC-3,0.06649977755661814,0.07070291608575956,0.06054456107565739,0.05018454048647625,0.11359363254768062
25-CC-2,0.019660996133225996,0.01933408263993589,0.016914687062650296,0.015158822045330811,0.06353187140819205
25-CC-3,0.02464272437574176,0.020232706119708073,0.016911400160771726,0.011130217736785797,0.06544180898351248
40-CC-2,0.0039392966132889475,0.0034648402626156452,0.0029496739087814146,0.0019695502550476918,0.01326333755867426
40-CC-3,0.005172629853625886,0.005315577709007991,0.004422778169663771,0.004017214400357516,0.012231135196528742
