,RMSE,MAPE,MAE,MedAE,MAX
0-CC-1,0.011909692692555946,0.010950523270996073,0.009847052225976427,0.0098458910346928,0.04460661713844838
0-CC-3,0.017035065653377045,0.011828634041838202,0.01105656362396114,0.005245854094527824,0.05757640263961916
10-CC-2,0.04610187038231493,0.050701018352198715,0.04305714484874842,0.050526698925677516,0.06300015645391888
10-CC-3,0.06794389611005495,0.042149104906103595,0.03649556437345822,0.03567731225999066,0.8010695501712525
25-CC-2,0.09954954099278769,0.10226484949825314,0.08947555277984853,0.08824209615667605,0.15983183037471105
25-CC-3,0.10826339982092469,0.11180417505616422,0.09673396686007833,0.09638378120204416,0.17101425600960563
40-CC-2,0.18435922389735362,0.21379318257460014,0.17742556709847473,0.19768036689704988,0.21437383896407436
40-CC-3,0.1775491701700173,0.20404912459902644,0.16986036707380758,0.1906629716850914,0.2112036559871393
