,RMSE,MAPE,MAE,MedAE,MAX
0-CC-1,0.01163157783076377,0.011594350639297767,0.010151901222435766,0.0107899550962684,0.02282527628326214
0-CC-3,0.007341198569752942,0.0064981362245833075,0.005813769434594059,0.005181411227029309,0.024916279892464366
10-CC-2,0.03199732789103018,0.03461121946597441,0.029326145761516924,0.03545382021593735,0.043812906042723476
10-CC-3,0.026319307835772986,0.02739039701130611,0.023418465700195304,0.02698546174209543,0.03966652537039006
25-CC-2,0.020406652033418998,0.019970449604052466,0.017376964183579542,0.013356536619549164,0.045228006677063726
25-CC-3,0.022659489537157424,0.023926272017349773,0.020739886229425887,0.01818916298315343,0.04181631010356379
40-CC-2,0.020238385686435212,0.020284715297728042,0.01641276187499401,0.011474491484261662,0.048421799703181945
40-CC-3,0.018096149960762618,0.01759329830410555,0.01426181295075462,0.009487463811037822,0.04287664329833829
