,RMSE,MAPE,MAE,MedAE,MAX
field_data,0.02870146231919427,0.023733548190664807,0.02221181660952436,0.01752065577979056,0.07142722696133208
