,RMSE,MAPE,MAE,MedAE,MAX
0-CC-1,0.053763128236959536,0.05743372100802479,0.049200840838381416,0.05353433608833902,0.13090228179649732
0-CC-3,0.049782062439314434,0.052807821745096885,0.04532984841490385,0.05592697655848888,0.06902096042352068
10-CC-2,0.023849026748612813,0.023242219703584092,0.01938488487865451,0.01329595880535428,0.043845319072518096
10-CC-3,0.022893745006552994,0.020957094943521704,0.017595632317384504,0.010881281876678917,0.047399080806005744
25-CC-2,0.011160529285670644,0.009118236105351885,0.007888124118151178,0.00612697262820272,0.043443914025989905
25-CC-3,0.020716919120151164,0.01454094522166356,0.011965137200205696,0.0052777095564146,0.06214000968617972
40-CC-2,0.004428046124692244,0.003997040625256314,0.0032579296823311192,0.0024088069668284917,0.01659183797879804
40-CC-3,0.008295565096729464,0.006828176966988097,0.00546515076697868,0.0022432798363629103,0.022367958980672564
