,RMSE,MAPE,MAE,MedAE,MAX
0-CC-1,0.008840449186930109,0.007634050464129247,0.006846788561088896,0.005452793374228548,0.02541594443442774
0-CC-3,0.005325268590804425,0.00506918738514389,0.004515459830945186,0.004215511342510192,0.01284434541633972
10-CC-2,0.01553768563890883,0.015361081086212298,0.013557611812072667,0.012972693644262567,0.03449436858846733
10-CC-3,0.016049214075207346,0.015441220547598207,0.013840603721185956,0.012192238623938867,0.0392873749208732
25-CC-2,0.021147948463602174,0.019629660791296275,0.01738665618889756,0.01566919722922966,0.042816275806444426
25-CC-3,0.021257825255034432,0.0200759668008622,0.01747575489732465,0.01540710515243382,0.042858728397442536
40-CC-2,0.04686818667730174,0.05001675559717942,0.04055601350958257,0.03771601294291249,0.08589947180324908
40-CC-3,0.047048291368801884,0.04949193135823778,0.04029529636532487,0.03853424038065567,0.08698133861846769
