,RMSE,MAPE,MAE,MedAE,MAX
field_data,0.033557653657114675,0.027130296649148233,0.025553245475294844,0.019053508566931443,0.09614692813744319
