,RMSE,MAPE,MAE,MedAE,MAX
0-CC-1,0.10442311507597078,0.1079313406664506,0.09209881587057606,0.10213026037002826,0.17501997608625186
0-CC-3,0.061845516859440536,0.0615428717718665,0.05294116325295262,0.05212210955385521,0.12217521366756201
10-CC-2,0.0708571905954824,0.07657894616327267,0.06538596011417323,0.06728324329269547,0.11488258586079014
10-CC-3,0.06415803086524641,0.06784722937651105,0.05849470316067673,0.06059768708629221,0.11279884869554901
25-CC-2,0.06240675870168654,0.06653339112408517,0.058774654553805185,0.059104471400122094,0.13596178313823715
25-CC-3,0.03279916663145926,0.029665246208464596,0.025878924146675968,0.01722032804979723,0.08312176460360599
40-CC-2,0.09008214980306377,0.0928405879843525,0.07907206564769678,0.09028938236144013,0.14028012159900438
40-CC-3,0.07647792907807335,0.07489814164003936,0.0643453474120625,0.07625832826042311,0.12505589466677525
