,RMSE,MAPE,MAE,MedAE,MAX
0-CC-1,0.0030331139803576462,0.002534655829126556,0.002228026534990228,0.0016604018510862906,0.015093443338179746
0-CC-3,0.004096547513096545,0.0037678527441536453,0.0033749569610302577,0.003003867145888628,0.014199827730697168
10-CC-2,0.009145294064829463,0.009902105029781616,0.00850071027136731,0.00882840416586761,0.014628946747388016
10-CC-3,0.008214879012955464,0.008194033473178661,0.007099023882329106,0.006873426859918763,0.03775734458887936
25-CC-2,0.013987699947999319,0.014223673053322094,0.012457261547868609,0.010471992746134084,0.02790031886249411
25-CC-3,0.01131219933962109,0.010986025913179901,0.009439299634436502,0.00665161761428501,0.02371837299647761
40-CC-2,0.0397293542861915,0.043451189287921015,0.03531465641007955,0.03155752021323499,0.07372081236416217
40-CC-3,0.038313163671488494,0.04151860472290698,0.03389782915448399,0.03139798163385865,0.07063851988143766
