,RMSE,MAPE,MAE,MedAE,MAX
0-CC-1,0.07670389450518726,0.08693540868780249,0.07573455111084262,0.08084952933360257,0.09903937334229962
0-CC-3,0.07599923842635381,0.08557068623588594,0.07467011003125573,0.08160963676717059,0.09126536423965881
10-CC-2,0.033512459694354305,0.037669275424047195,0.03220068959999112,0.029669947193629143,0.04666356835649266
10-CC-3,0.03711037393613957,0.04128633923254924,0.03602568722266929,0.03450067164896653,0.09983069454157711
25-CC-2,0.006393934159305888,0.005464455801677265,0.004829266158307868,0.0030677477399683184,0.014739661795321601
25-CC-3,0.009424232564584443,0.008561393917083585,0.007629441182732535,0.007049727404294215,0.0530355839658303
40-CC-2,0.016931857135133094,0.018734886117028934,0.01528120410605073,0.012842487392673518,0.03486299471432086
40-CC-3,0.015010331108304508,0.01605311580055326,0.01309690070150825,0.011101739800949972,0.03187183773345792
