,RMSE,MAPE,MAE,MedAE,MAX
0-CC-1,0.017758360191588468,0.019182569483488135,0.016654045263402834,0.01714127899943274,0.031175782381887007
0-CC-3,0.01827157284264695,0.01993961365710522,0.017473793125052147,0.017333080787131805,0.03843439405906568
10-CC-2,0.022340640143385264,0.023165751679878475,0.020342291888238623,0.022443413476384455,0.044524693476435395
10-CC-3,0.01155766387109975,0.011732604006878181,0.01047116085441265,0.012015606044084637,0.02669752955585636
25-CC-2,0.027572137547552875,0.029632836736565926,0.026222957892431942,0.028217912056614725,0.04241811203115342
25-CC-3,0.032236811653207055,0.03373290295148194,0.02967516721446306,0.03010978061780689,0.058756404183889055
40-CC-2,0.0065829461146044745,0.006238228994846373,0.0053942436529773145,0.004899641558782031,0.025927661395953594
40-CC-3,0.007457608425181748,0.006796646491070068,0.005966361222441561,0.004382550790036632,0.018599204912362555
