,RMSE,MAPE,MAE,MedAE,MAX
0-CC-1,0.026416253785167595,0.029006445862052685,0.025621120560910544,0.025327267652036245,0.04670994219901514
0-CC-3,0.025056791994771163,0.027542650092882582,0.024411642103751904,0.023771774389151346,0.045001137833138194
10-CC-2,0.00394261408240257,0.0035097480202188392,0.003168941926010703,0.0027915883199087776,0.009840052006501288
10-CC-3,0.004962561495725653,0.004395583036689733,0.003981256114413862,0.003391702251095585,0.018337593979863676
25-CC-2,0.00716068880081932,0.007051842791885079,0.006167165107651624,0.006560341350552945,0.02615307548908219
25-CC-3,0.01040132446454479,0.00933488686190774,0.007919468164687204,0.005876420643582181,0.02498550674941713
40-CC-2,0.017040160693619962,0.018557429130381203,0.015480902907529263,0.017155863673540495,0.025944137238391396
40-CC-3,0.016530782311903545,0.017943165815567933,0.015121677982011644,0.015687274212805247,0.03466798544873706
