,RMSE,MAPE,MAE,MedAE,MAX
0-CC-1,0.0131897282958829,0.011200624070395564,0.010199437004902672,0.007708540255490393,0.03646753964545679
0-CC-3,0.012274033597179684,0.010059477236460623,0.009219792624167843,0.006389913677324999,0.03679393587543556
10-CC-2,0.015510743624250768,0.016078518468124477,0.013514249498886561,0.015099231605711805,0.026590942700310705
10-CC-3,0.015987917926019408,0.01584807021092382,0.013453838131830563,0.011801899907079694,0.030597963876518253
25-CC-2,0.0071976108197023035,0.007432560453809694,0.00658094111114144,0.006041352539759293,0.015499919039431709
25-CC-3,0.006774797458209746,0.006569694910949239,0.00595607050336046,0.005900409285869712,0.014991465309293628
40-CC-2,0.005177763839321178,0.004204174563645419,0.0034038637284333393,0.0020145170297847237,0.018331825299800597
40-CC-3,0.005821071332411466,0.005106072033259527,0.004138218202916257,0.0026377286317733617,0.018110709199805175
