,RMSE,MAPE,MAE,MedAE,MAX
0-CC-1,0.014668246803275484,0.01216051902198369,0.011205963820744914,0.0074418222731502115,0.039549517012857915
0-CC-3,0.014424490884370839,0.011478711136018402,0.010684164814039153,0.00681786207926538,0.03805028257801124
10-CC-2,0.015976117260656068,0.016181918365342964,0.013502673812220629,0.011642997381564602,0.028213279543042646
10-CC-3,0.015029009000464963,0.014528582395351717,0.012243289412474946,0.008999383704866137,0.030705875248732806
25-CC-2,0.010598347547396572,0.011478294622912288,0.01023775640085384,0.009815555123094566,0.018165771320258095
25-CC-3,0.012203607317118018,0.012189982836721831,0.011123828613796969,0.011841836500417757,0.01956289913948195
40-CC-2,0.0060923614589645575,0.005842054850679376,0.004891558191406543,0.003625368120968364,0.017109453244746886
40-CC-3,0.007062038732704783,0.007040800070930745,0.005823148729926017,0.005857698379090559,0.0160638141213586
