,RMSE,MAPE,MAE,MedAE,MAX
0-CC-1,0.005730193551674334,0.004424604397917132,0.004048898674023426,0.002864645650228148,0.02219224865668712
0-CC-3,0.004694978128883134,0.003099148854572907,0.002871957083731364,0.0017879934668371122,0.01910458860828468
10-CC-2,0.034842531924855064,0.037730732997126495,0.032185937119512044,0.03711430344297939,0.047360768162832745
10-CC-3,0.03009143409196744,0.03164056396365117,0.027245143879395778,0.0320537013622898,0.04244215607792057
25-CC-2,0.04394892989720154,0.04474415188204211,0.03910908759131861,0.03723223928606462,0.07516869082836697
25-CC-3,0.04373302015221789,0.044789757598883845,0.038620792022159386,0.03627964535103467,0.07476298803423953
40-CC-2,0.06711563072439662,0.07602798872866527,0.06222323522167909,0.06376696486108718,0.10311675028377887
40-CC-3,0.06279704137818641,0.0704450007848738,0.0578877776053289,0.06085591179586558,0.09742031729049527
