,RMSE,MAPE,MAE,MedAE,MAX
0-CC-1,0.028528226721790766,0.022511127891756105,0.02067927787910028,0.013780933886345603,0.0894964697796905
0-CC-3,0.036295877305998425,0.027952253764335917,0.026044140474681895,0.015917675342401738,0.10929621046531568
10-CC-2,0.027026674880279742,0.0278535156637469,0.024229764566463072,0.02433013410655871,0.050145569060838446
10-CC-3,0.027693663273993696,0.026444959139684376,0.023743282294158924,0.022011218323316928,0.0632457370866989
25-CC-2,0.02020407675185959,0.0183421130272906,0.016431481808112627,0.0120819298931788,0.04647599358789367
25-CC-3,0.022502315971934243,0.02213837488978379,0.02009913007599577,0.019299063297646968,0.07337349931312132
40-CC-2,0.022918306827478658,0.026464147804043027,0.022341563651774324,0.02126880680602583,0.04653145555778215
40-CC-3,0.028593229864909222,0.03355029114342539,0.028229408836518657,0.028027259518041414,0.0433045677886732
