,RMSE,MAPE,MAE,MedAE,MAX
0-CC-1,0.029859301327801513,0.03315833326636196,0.029238936985095536,0.02969688640894763,0.04881362853171778
0-CC-3,0.030556990831289443,0.03400024532115373,0.030077520178343142,0.03021556811958559,0.04566859064533302
10-CC-2,0.0032327905713838197,0.0026945248379411976,0.002361863274237323,0.0015698813132376532,0.01100250481295273
10-CC-3,0.00420847061470277,0.003595821174332443,0.0032228764035350565,0.0024044019525314986,0.015454636521367582
25-CC-2,0.008883760268151705,0.00841097134263581,0.007676245256897594,0.007810889717478564,0.022900926860847326
25-CC-3,0.01647730291699483,0.017232791957341793,0.015527558028350291,0.015685714339302936,0.025175868537980484
40-CC-2,0.0076546985128448895,0.007988179471588475,0.006767812162531589,0.006945064573019355,0.017869226879047795
40-CC-3,0.006640379462695275,0.006685312738064952,0.00572464503528558,0.005741505246629308,0.021520929345984374
