,RMSE,MAPE,MAE,MedAE,MAX
field_data,0.03439927590929962,0.029639452483174778,0.02710555007717647,0.020034735987781382,0.10157527070984851
