,RMSE,MAPE,MAE,MedAE,MAX
0-CC-1,0.004980033351182498,0.004327226411987641,0.003822565146168349,0.003071421504545868,0.01753186122334449
0-CC-3,0.0052505759066910985,0.004775525672106613,0.004228429577928096,0.0036102211481494617,0.01924131574497634
10-CC-2,0.03563748343393324,0.040540595028799545,0.03507180133598866,0.03653820870925795,0.04623581699368895
10-CC-3,0.03428413385921988,0.0384228988987786,0.03362306608886729,0.03598037131623899,0.047636007671765124
25-CC-2,0.04593797890937568,0.05080609006276313,0.04538202149516271,0.04825696238659477,0.05551039768969124
25-CC-3,0.048619512320078405,0.05364098008851058,0.04785478532056847,0.051715015281584065,0.06377653195694621
40-CC-2,0.04602433429571323,0.05443516620156041,0.04539207588279111,0.04405719292801635,0.06679174777703589
40-CC-3,0.04667348137104838,0.054744582727274484,0.04586154685536227,0.04279959541444289,0.06788743974735445
