,RMSE,MAPE,MAE,MedAE,MAX
0-CC-1,0.00859822802507481,0.008148728627933203,0.007206327580431818,0.006915219255746896,0.022045599795603277
0-CC-3,0.008503728704079602,0.00807353294440822,0.00717499496592272,0.006747474995148606,0.021254587749977794
10-CC-2,0.02419588051948336,0.027176865632642582,0.023266823862236587,0.024658640321225,0.03355145390789127
10-CC-3,0.02415047693603226,0.026389316849453785,0.022785761305795287,0.02399764169056079,0.03779800057560123
25-CC-2,0.022500885290088698,0.0247175340030326,0.02216671405312415,0.02331179151623386,0.03204163847607722
25-CC-3,0.02236611967953952,0.02296372893675941,0.020865274511242,0.024448932859947203,0.03232205221954143
40-CC-2,0.01679450578886234,0.018758280295562726,0.0158988155629008,0.015889670411210144,0.028691469169543682
40-CC-3,0.01728799553043017,0.019671745914246863,0.0166714959703242,0.017197710826462154,0.02589662609648491
