,RMSE,MAPE,MAE,MedAE,MAX
0-CC-1,0.01069869704637636,0.009419444014071387,0.008425112682044898,0.007070869997665652,0.029652776690594407
0-CC-3,0.009826181851628283,0.00851697516958784,0.007622991762252321,0.006106261583186945,0.03044341860248634
10-CC-2,0.017907562205372398,0.019130319246008245,0.016275295586663737,0.016677835824359333,0.028394042809411046
10-CC-3,0.01896759486894995,0.0196610649114172,0.01686352007317869,0.017513210220718167,0.03293986439853824
25-CC-2,0.009918644090097907,0.010622763191329002,0.009438275516196682,0.00924194435236353,0.021243959051791328
25-CC-3,0.008884413231254844,0.009161263022706076,0.008271742219004381,0.008279214318215988,0.01985174725356853
40-CC-2,0.00457938020767868,0.004265294321978984,0.0035660726684272857,0.0029316221211768134,0.013945161862910949
40-CC-3,0.00494938959802749,0.004608979151379147,0.003815016462757902,0.003016836414277968,0.014966981420416747
