,RMSE,MAPE,MAE,MedAE,MAX
0-CC-1,0.032500349752480166,0.03640109374921353,0.03206340588423837,0.03232611681854042,0.050912129260324956
0-CC-3,0.03369082633538799,0.0378206346915399,0.03340955357525111,0.03333771587909751,0.04815845547153541
10-CC-2,0.0027242777976412224,0.0023975915519544753,0.0021223824410866164,0.001738619269320285,0.009980344759699555
10-CC-3,0.0038273152167739495,0.0034251815205417016,0.0030916665944946938,0.002738269631104795,0.01572285742285684
25-CC-2,0.006972099977144187,0.006480884316440021,0.005937418243374036,0.005806137233315356,0.017926382812538
25-CC-3,0.01313364959855198,0.013372611192774074,0.012154810035970513,0.012303364819367058,0.022085308101731704
40-CC-2,0.007508868874887631,0.007436293289331906,0.006155286031119157,0.005692396887773898,0.020288705392421447
40-CC-3,0.007967970711133752,0.008127660789974525,0.006715946118445967,0.006219268817537316,0.022426741132635986
