,RMSE,MAPE,MAE,MedAE,MAX
0-CC-1,0.015374985021665582,0.014059995923895775,0.012732973492580674,0.010952025439877833,0.03819173810111687
0-CC-3,0.014297599894973445,0.012797545129800764,0.011658420801045693,0.009464933076736126,0.039276886562844004
10-CC-2,0.012579841666488675,0.013217888117234466,0.011178603474834419,0.012547855493899807,0.02067434724132633
10-CC-3,0.013216178788240081,0.013409943415212002,0.011479344701420258,0.011693746716385123,0.024803319520744327
25-CC-2,0.004714596415987051,0.004497444215085691,0.003986345226234128,0.0034139707895766147,0.014851241690341133
25-CC-3,0.0041934758100404205,0.00398468898374385,0.0035114679474905455,0.003165858870821492,0.014804723957212329
40-CC-2,0.0060153515428549775,0.005866028640415235,0.004811545145510724,0.004161844149037086,0.01612108902508136
40-CC-3,0.005895375166988105,0.005961327318445042,0.004951610923763176,0.00432143727917822,0.019692556867499267
