,RMSE,MAPE,MAE,MedAE,MAX
0-CC-1,0.0055440526732062866,0.005073872978440993,0.004568058747474496,0.0041910742065042195,0.018698143340372564
0-CC-3,0.005961715799171943,0.004112064188134887,0.00377194608102454,0.0025295090733091774,0.022427968325730463
10-CC-2,0.018521988547886958,0.01952515222692602,0.016962361531787082,0.018935216249892695,0.02679927764465717
10-CC-3,0.01946341485365294,0.018842917696049438,0.016678115368601712,0.0175330661416756,0.09993816171610714
25-CC-2,0.03379153658972584,0.03527639054685391,0.031958281712579306,0.034530225167881845,0.04620893022151962
25-CC-3,0.04651396421152431,0.050230027161459447,0.045190870335522444,0.04927615104932703,0.05646760505962756
40-CC-2,0.032692203830953066,0.03406389020076019,0.028371841543982753,0.028705735865388937,0.0617544646697652
40-CC-3,0.031595622430602474,0.03276773297293425,0.027700707666293713,0.028714158196275874,0.058291834948728916
