,RMSE,MAPE,MAE,MedAE,MAX
0-CC-1,0.012271771060912585,0.011659199158282325,0.009868836421864856,0.008507479933583528,0.03475832695176617
0-CC-3,0.010760460376223814,0.01040317123865131,0.009002422920637989,0.00824108342006713,0.022863124966057247
10-CC-2,0.005058736566439369,0.004662004921349918,0.004141751178589532,0.0038280508884336317,0.01216245608018851
10-CC-3,0.00545491859472603,0.004675991961523573,0.0042069771571475074,0.0037177783622074356,0.025128193244580044
25-CC-2,0.028199025801297083,0.03012541210769346,0.026575052213074962,0.02825575458861851,0.039377845852571536
25-CC-3,0.03176675558833978,0.03483445395566737,0.030677716659721563,0.03358840592314927,0.046921160690836405
40-CC-2,0.052888037068100455,0.061059282091594926,0.050228542523287595,0.04716581988899693,0.08451443867260333
40-CC-3,0.053406434511430595,0.06087981883400271,0.050379038783597146,0.0479857618335684,0.08579363165449883
