,RMSE,MAPE,MAE,MedAE,MAX
0-CC-1,0.005392209867183863,0.004702450969371263,0.004166947273751515,0.003399210443589318,0.01815343133991798
0-CC-3,0.00443363776247184,0.003885629601707114,0.0035067976623795113,0.003027247747438677,0.013906336266355956
10-CC-2,0.01142066450048676,0.011016435518100812,0.009163993171442016,0.008468130729016088,0.02479507146408466
10-CC-3,0.011189668785138265,0.010316611372364599,0.008803324527760137,0.007477889265436244,0.062042661056164516
25-CC-2,0.014643396051414674,0.012159584899057297,0.01052885888162806,0.004855043014898142,0.03725105272431806
25-CC-3,0.016398239551058912,0.01252497627622155,0.010509274610469863,0.004270098817158563,0.049116686995653636
40-CC-2,0.04971250037394603,0.05019573991079208,0.040304894305388236,0.034048315429571485,0.09479755119854327
40-CC-3,0.04884954833827301,0.04850767591750936,0.03911615002843054,0.03433622638084499,0.0959374729377731
