,RMSE,MAPE,MAE,MedAE,MAX
0-CC-1,0.025998577010196616,0.028266061141674764,0.024984084137560057,0.02548627820711008,0.047336685038828374
0-CC-3,0.02468932524841482,0.026860450651810086,0.0238216844558351,0.023897187259618646,0.04247318563892433
10-CC-2,0.004146437166635041,0.004091364685406701,0.0035904507330209497,0.003393878225177227,0.010783636557337495
10-CC-3,0.00500159710337936,0.0049128276004147394,0.0043460016430134935,0.003982876691991877,0.014975593991307767
25-CC-2,0.00779403450103529,0.007738998697982847,0.006803638752296417,0.006458771756551629,0.026788341793098303
25-CC-3,0.010945657896462166,0.010207550002651507,0.008748264928795619,0.007225442466055942,0.024746253705288712
40-CC-2,0.016882869571694097,0.018438232367274338,0.015407867604211404,0.017907435837917762,0.02338721718681669
40-CC-3,0.016327843535064758,0.01746514421253201,0.014755262555440591,0.01539515858774776,0.038462297925848876
