,RMSE,MAPE,MAE,MedAE,MAX
0-CC-1,0.0277033875999101,0.029596296631781607,0.026421650445648138,0.024606629968367155,0.052456902838968755
0-CC-3,0.02761987421801586,0.029615646238824952,0.026521101816496803,0.02435084882711791,0.05019359646274635
10-CC-2,0.007711324750883119,0.007605738992686895,0.006766427956420823,0.0065406228906591535,0.01792512404705915
10-CC-3,0.008683960613134756,0.008383639932741367,0.00757526375098796,0.00740895993195112,0.02464018911841348
25-CC-2,0.004844364288072923,0.00485507004200817,0.004378499978719048,0.004355777341406242,0.013523030075111242
25-CC-3,0.004402512340183428,0.0039128576553482146,0.00337800065851243,0.002375973162066225,0.010977933447298693
40-CC-2,0.009948521149779382,0.010745124685883976,0.009036216567491453,0.009697328686824602,0.01811712936931964
40-CC-3,0.010395675556823525,0.011219797564551498,0.009527116705264982,0.0099904629167068,0.029576795110602294
