,RMSE,MAPE,MAE,MedAE,MAX
0-CC-1,0.06055186365394178,0.060846418209921385,0.052620021585910545,0.051312297522508044,0.13436044117255785
0-CC-3,0.04428871566803923,0.038863570083637985,0.035207811824944486,0.029307920884741212,0.130651727700957
10-CC-2,0.03660019530702101,0.037039647888472235,0.031276824394277876,0.033527091317725355,0.0867728941599415
10-CC-3,0.03996343840896559,0.03913083454374922,0.03367647912088792,0.03491096545942285,0.11989756775991667
25-CC-2,0.030863359762996527,0.030940879501386482,0.02814960563163596,0.032502320771008286,0.0863323678516571
25-CC-3,0.047331423320580206,0.04762837376306412,0.04339000550048892,0.051794009683463926,0.07111393339437222
40-CC-2,0.007066561128448626,0.0062844961494436125,0.00541190202957953,0.004326029138587484,0.02702595871793445
40-CC-3,0.015036206869522156,0.01614252746721371,0.013923353658112694,0.01374675720295998,0.03617255569895239
