,RMSE,MAPE,MAE,MedAE,MAX
0-CC-1,0.048353355642127414,0.02689894399779614,0.025202042594780524,0.01360880199231601,0.2460475475049645
0-CC-3,0.057081436035470515,0.061825498869590816,0.05301111535263514,0.05868470591034258,0.0787787485250061
10-CC-2,0.17236473314255935,0.173464871611407,0.14456837575585385,0.1772046888853943,0.24632449508051035
10-CC-3,0.13822913150807384,0.1326200940571628,0.11159493902305774,0.11270154236087676,0.21503779409656398
25-CC-2,0.1323354565970782,0.10531153220641838,0.08976489819881918,0.04274071172477195,0.30483602126932163
25-CC-3,0.154798089854867,0.12148503891445284,0.10099508220824245,0.03603412612060786,0.3246873474362335
40-CC-2,0.08979186030400346,0.09550100377068156,0.0774814292649516,0.09470738088225616,0.13061578136521212
40-CC-3,0.07048013209300244,0.07396799880907225,0.060337259102636126,0.08240398859110443,0.1052381681103206
