,RMSE,MAPE,MAE,MedAE,MAX
0-CC-1,0.02853876718382275,0.02919014837027681,0.02485540779167764,0.022414752011908623,0.05872612947633282
0-CC-3,0.026335361009265975,0.0265371920574352,0.022840403447074248,0.02351167820241229,0.04594985163155407
10-CC-2,0.0143225345106508,0.014192835101258546,0.011836409902220917,0.007848997313261274,0.029307232239701886
10-CC-3,0.013473075017294587,0.01313527337191131,0.011213408537518012,0.008572172893066055,0.047837384090069546
25-CC-2,0.0059678219610205556,0.005459344479200257,0.0047720838284802695,0.003677188394053732,0.012601746804512648
25-CC-3,0.00566510669417671,0.005441342500624815,0.004847647849105897,0.004992220145130233,0.016758975586170677
40-CC-2,0.03125751491408654,0.03402416361116317,0.027632140631829245,0.023205268930684864,0.060151278539241515
40-CC-3,0.03242424544875402,0.03436875398268058,0.027953661870285123,0.023986605707717157,0.061837715266416904
