,RMSE,MAPE,MAE,MedAE,MAX
0-CC-1,0.014255404253408911,0.012622300327829933,0.01143728231986562,0.009892292845124495,0.03708414969565821
0-CC-3,0.013101243658321104,0.011253174334118531,0.01025165944858831,0.00818699598312378,0.037767816166420665
10-CC-2,0.014103847273711608,0.01471161378484747,0.012389610526440638,0.013540999477333893,0.024000584443017003
10-CC-3,0.014721607047194748,0.014752707508741088,0.012559923698595349,0.011303192920691651,0.028433003968986514
25-CC-2,0.005070119449767198,0.005117593392849629,0.004530182254240708,0.004031887280620816,0.014770537001315254
25-CC-3,0.004797258056730993,0.004491922643134176,0.004043392388396031,0.0034781491912852514,0.014543357589872241
40-CC-2,0.0061280351341863335,0.006055658539030083,0.0049771296686553414,0.0045414454477348265,0.017177879376949035
40-CC-3,0.006383436250669084,0.006500199308921897,0.005369760690315756,0.005404991359723832,0.0214101839159917
