,RMSE,MAPE,MAE,MedAE,MAX
field_data,0.027383604037287092,0.022726188380886796,0.02133068532438022,0.017227456929603147,0.06780504755276262
