,RMSE,MAPE,MAE,MedAE,MAX
0-CC-1,0.013834228765119425,0.013151209393512673,0.011906610738345825,0.009910605045801657,0.03514342246177149
0-CC-3,0.017472358069041464,0.017752123527122625,0.01601430560706109,0.013963166490212009,0.03643338737918922
10-CC-2,0.008505601852856166,0.00825945307954708,0.006970593651214761,0.006525196620865703,0.015341113042991572
10-CC-3,0.008184021861762385,0.00794656472096772,0.006953830130440826,0.006256892894732635,0.020516739792851957
25-CC-2,0.0027874413900780787,0.0018422231956915615,0.0016854818013497734,0.0008965299488993828,0.012762958259599944
25-CC-3,0.0051324001440223475,0.005136360247553882,0.0046141800810895065,0.0046692393315926894,0.010706964641134076
40-CC-2,0.005745860734030662,0.005495520849163854,0.004530186436816547,0.004069639198957586,0.017687141461909972
40-CC-3,0.006474061887652988,0.006679034374401908,0.005526789519527653,0.005017323435048238,0.022988991534456216
