,RMSE,MAPE,MAE,MedAE,MAX
0-CC-1,0.00735523955962208,0.006382997688041714,0.005752111085657436,0.004891355257831853,0.023646893473736497
0-CC-3,0.00866140495066534,0.007160095558474188,0.006536642088997207,0.0049190009407518165,0.027530539612313
10-CC-2,0.014898233065849554,0.016456104840047003,0.014075314351012157,0.01504417207894515,0.02567704914736435
10-CC-3,0.014181759730930783,0.015217069842454412,0.013124409070526219,0.013876069734591379,0.028971029521524083
25-CC-2,0.016621967844187607,0.017750579444542582,0.015921802250029312,0.017333133877820595,0.02641565020361991
25-CC-3,0.016849757576560827,0.017044789064287576,0.01541962750591234,0.018362564650630908,0.027311292164377665
40-CC-2,0.01649079499031821,0.018313386714624007,0.015553874501424722,0.014822172832189728,0.030409215427325664
40-CC-3,0.016730063571577167,0.018929625482841213,0.016091903756634864,0.016135678587138824,0.026256256108849296
