,RMSE,MAPE,MAE,MedAE,MAX
0-CC-1,0.05605298453887975,0.0536632358324018,0.04510265404171091,0.03926466484146762,0.1194413875978233
0-CC-3,0.05140179050190516,0.047441728108599625,0.03983278929583563,0.033578755277907324,0.10307769353195617
10-CC-2,0.04670232834190461,0.0415767660048457,0.033987693273752104,0.01682765793518093,0.10228864941880955
10-CC-3,0.039213050849044126,0.033938154694758756,0.028227499477555134,0.016363101783829492,0.091491676213038
25-CC-2,0.012111218381190201,0.009120555428763152,0.007773853274631877,0.00496047451817605,0.05826776799556388
25-CC-3,0.023523758447536833,0.01670286777619201,0.013689018076512122,0.005643522550307423,0.07012870101613577
40-CC-2,0.003087724111364472,0.0027594888213223435,0.00228025945409218,0.0018118665209522211,0.012973188920558654
40-CC-3,0.0038041356898687356,0.003741443572471793,0.003045211020172376,0.002419236979422479,0.010497631450671396
