,RMSE,MAPE,MAE,MedAE,MAX
0-CC-1,0.008858716305983004,0.009141727031824332,0.007814100581543762,0.007652639398307237,0.025517044011855283
0-CC-3,0.006603780870652134,0.00664501082577977,0.005735735045797177,0.0050620622023903605,0.015565140793766474
10-CC-2,0.003011505460545225,0.0028933167900780004,0.0024873990328270566,0.0024110635684502224,0.007868654734689784
10-CC-3,0.003947999977796043,0.002509160144394005,0.002200264748110739,0.0017412755109785794,0.042957432613018764
25-CC-2,0.008181441280308009,0.007902586461160769,0.006890556302528191,0.005046174653192792,0.018143455745276094
25-CC-3,0.005437881134558244,0.004381010368129011,0.003707975099316038,0.0016229197079307145,0.01339568298640681
40-CC-2,0.032638481049463194,0.0350488629101443,0.028397910339922193,0.02417708830066928,0.06405550198131915
40-CC-3,0.031398331917616776,0.03333142886840634,0.0271225249241417,0.024009330262856454,0.06099758779830777
