,RMSE,MAPE,MAE,MedAE,MAX
0-CC-1,0.012516137373175348,0.011211568833400467,0.010054449311923995,0.009598878604784644,0.033752846099161626
0-CC-3,0.011616264756067534,0.010177687439177283,0.009156340893711713,0.008126658992723801,0.03219066915943214
10-CC-2,0.01596699233529984,0.0168853992624477,0.014319805676629951,0.013482267447085916,0.027847468216820714
10-CC-3,0.01677400310445944,0.017106502172537653,0.014624763777063437,0.013236210158142248,0.03199187809923554
25-CC-2,0.009835275833306463,0.010424269066290313,0.009323552474054099,0.009049120701203395,0.017989103153143837
25-CC-3,0.010395478079923243,0.010684429425307337,0.00965266846544258,0.009671886699914478,0.016907750633317398
40-CC-2,0.004702706325461922,0.004064795199557299,0.003415446548383955,0.0024072422851084685,0.01390194849544879
40-CC-3,0.0049927900933736955,0.004346277730603333,0.003616276660983664,0.002245049957891765,0.015561180124182616
