,RMSE,MAPE,MAE,MedAE,MAX
0-CC-1,0.019122316469132657,0.020424141794185054,0.017790037320496402,0.016780333693434457,0.05144322000248558
0-CC-3,0.01371232929471122,0.013431212477470816,0.011481376011987964,0.009486740457286924,0.02909175074044079
10-CC-2,0.01017205769306702,0.010909810454182831,0.009441435898821703,0.009905501479162138,0.021676504599329682
10-CC-3,0.010679347722705849,0.01113493654796807,0.009732268186588244,0.010182090866635907,0.026146626938417072
25-CC-2,0.007034357735115348,0.007358239798892595,0.006603686319273083,0.00679340923404248,0.017881738933601232
25-CC-3,0.005465097424220673,0.005620229861892005,0.0049559750810428595,0.00490566279474447,0.013351974090809349
40-CC-2,0.006592262265239759,0.006148954482758551,0.005007464974954336,0.004213832682917584,0.020483314557613097
40-CC-3,0.007227475666734681,0.006786831470430879,0.005514102709954588,0.004064685823256364,0.02185823259901787
