,RMSE,MAPE,MAE,MedAE,MAX
0-CC-1,0.005753003057512321,0.005154312281239625,0.004552715649110962,0.0036807396882786447,0.01770417628409815
0-CC-3,0.005113257026523542,0.004590849994129333,0.004104080025374122,0.0033777684691770338,0.017277467827339854
10-CC-2,0.024341195196117094,0.027460511443150794,0.023695053864543094,0.025303581930508745,0.03990479706453964
10-CC-3,0.02479733243948149,0.02748490342946095,0.023935172256305412,0.025545812209503915,0.04163224816471256
25-CC-2,0.021883141337447887,0.023547909455835455,0.021171485122906685,0.022525316708521925,0.0335471075324163
25-CC-3,0.02199068580915112,0.022164230672641377,0.02013288554837194,0.023996320449514386,0.032103445999674296
40-CC-2,0.013173322915665073,0.012810816884336333,0.010916424096142319,0.009560212534339252,0.02477503918806645
40-CC-3,0.0133899270139565,0.013492940808435118,0.011514683327618321,0.010851276417316869,0.02346193075713421
