,RMSE,MAPE,MAE,MedAE,MAX
0-CC-1,0.01703150422863663,0.015292602325616054,0.013891235483130466,0.011381964824100366,0.04316501555564356
0-CC-3,0.016000947184774624,0.014070093380905311,0.012854848123179902,0.010024070074872049,0.0418888217015464
10-CC-2,0.011912689608020251,0.011756306808193543,0.009865253721281437,0.011067692642393934,0.02112603123943424
10-CC-3,0.012617509943837289,0.01205020261434241,0.01025618294364016,0.009619204276335225,0.025344648904594425
25-CC-2,0.0036923739171831715,0.0034032217356038644,0.0030090593371678866,0.0025319386080410178,0.010168897899665685
25-CC-3,0.003695693644663177,0.0035563819959944674,0.0031239394163023446,0.0031423858907455027,0.0087914016011017
40-CC-2,0.006663181571502645,0.0070925539691191,0.005916084228139392,0.005999303047649729,0.015643477006496154
40-CC-3,0.006824940910033345,0.007339796606597647,0.00619426378664375,0.006804542524271762,0.02236433506955615
