,RMSE,MAPE,MAE,MedAE,MAX
0-CC-1,0.010907642596442271,0.009847823725577815,0.008879642280342881,0.007718074525056295,0.031224059439920904
0-CC-3,0.009898968346004709,0.008794584105759234,0.007961250838853667,0.006445560731594968,0.029161084274788585
10-CC-2,0.016832113231708624,0.018418654386010175,0.015655968679072884,0.01481797607317048,0.027595578987999914
10-CC-3,0.016925547728451937,0.01796294042829891,0.015413763017741366,0.013684676967091802,0.031236091203483585
25-CC-2,0.011154039760734277,0.011861657700754771,0.010682028827908766,0.010576273953886828,0.02067101414481254
25-CC-3,0.012275391758371645,0.0119145049461189,0.010916088858205913,0.01157561406038532,0.020846008327561782
40-CC-2,0.006620417078139625,0.005868477000546745,0.004940139884782051,0.0034880757568983567,0.018032252355159484
40-CC-3,0.007366831639712472,0.007238308523884679,0.006058406312531716,0.005316761501724554,0.019852893361945068
