,RMSE,MAPE,MAE,MedAE,MAX
0-CC-1,0.015918202643474936,0.016547394998230998,0.014321252267168854,0.01559887464052756,0.03180390322525872
0-CC-3,0.010244602777861956,0.01026002245451129,0.008987186398174045,0.008551511340931572,0.02094741805961975
10-CC-2,0.053961054035838875,0.05598079843856756,0.04695107542026231,0.05894414351952304,0.077247203916058
10-CC-3,0.04255682349168843,0.043169737261643436,0.036770982946075774,0.03659673894215493,0.06855775027451239
25-CC-2,0.05262717099951185,0.05155019222592556,0.044861784425222685,0.036099678166063964,0.13310557352204755
25-CC-3,0.052143521826809106,0.05213697897820167,0.044805217305247606,0.031177295270575667,0.11626664610224191
40-CC-2,0.09484963190654623,0.10976194326454095,0.0903446378876046,0.08495479674562861,0.149876531661855
40-CC-3,0.09171439446178367,0.10526590437854393,0.08728241929322676,0.08271358961124387,0.14588870344710136
