,RMSE,MAPE,MAE,MedAE,MAX
0-CC-1,0.07127743748430988,0.07611967507041895,0.06599751024220311,0.07289820958250676,0.11715571314571938
0-CC-3,0.058659627298818594,0.0601263637645071,0.052381695810643454,0.05065557983640445,0.12592684979421798
10-CC-2,0.06763256228488113,0.07204486273065269,0.061101268345933706,0.06373448761176426,0.10707447676718451
10-CC-3,0.065704672225025,0.0673958159422836,0.057659949317698134,0.06208419063868703,0.1173438220689621
25-CC-2,0.032335014205444754,0.03055744861589931,0.02650647109483673,0.019995130546381357,0.07347160154028598
25-CC-3,0.026774997831868427,0.02401065520189127,0.0203314298501023,0.012346561724121186,0.05971716916475478
40-CC-2,0.006414467206750158,0.0069920147564804,0.005872167257552907,0.005538361186078811,0.02178263518898338
40-CC-3,0.004425421466808833,0.004538427130940143,0.003728235211652797,0.0032847007006591156,0.011900308390717429
