,RMSE,MAPE,MAE,MedAE,MAX
0-CC-1,0.013218119556690607,0.011951809272518396,0.010724401752611053,0.010462738743795552,0.034752058364176275
0-CC-3,0.01227473227054312,0.010876105644826802,0.00979562935491498,0.008931575351009302,0.033640552143593516
10-CC-2,0.014828592993666163,0.015634910903835588,0.013243907410229015,0.012764610507332685,0.026135086377068517
10-CC-3,0.015626609365194905,0.015819371622111444,0.013507660109675808,0.011918435909695657,0.030224779195579532
25-CC-2,0.00883282109582979,0.009312917978597525,0.008330735548772807,0.008208850422989689,0.01700979883948417
25-CC-3,0.009626702973184824,0.009882319442118294,0.008919984866909468,0.008933852126611685,0.01597887184913771
40-CC-2,0.0046700671604984565,0.004102926043635218,0.003413767878959177,0.002613069644642918,0.014390408559383117
40-CC-3,0.004759641875861901,0.004399023942009292,0.003653178614347051,0.0025933135932334483,0.01678092957486621
