,RMSE,MAPE,MAE,MedAE,MAX
0-CC-1,0.015424542227738768,0.014190278029600888,0.012831355351627244,0.011202961058872862,0.038670467711710454
0-CC-3,0.014349692953123841,0.012967549595622251,0.011789874995037029,0.009425885254442767,0.03936420736743995
10-CC-2,0.012409559956011193,0.012905068845496125,0.010880867580441107,0.012757233297641446,0.020692765076561925
10-CC-3,0.01308913319469503,0.013109706467713577,0.011185810021003547,0.011344087616409648,0.024860659189018253
25-CC-2,0.004836078135262575,0.004559280154905946,0.00403740351880851,0.0033317010504161915,0.015371471029940742
25-CC-3,0.0047908858945629965,0.004578697280243197,0.0040757214138407785,0.0035499472841798996,0.013858381012113452
40-CC-2,0.006014731480110686,0.005858463063649731,0.004792229215655978,0.0037779677415876733,0.016737997098506652
40-CC-3,0.005808852698632236,0.005777212614157361,0.0047716172361665,0.0038865643059647903,0.01905913830747119
