,RMSE,MAPE,MAE,MedAE,MAX
0-CC-1,0.0033735304682994557,0.0029327816671271037,0.0025820487527067584,0.0022805883133277804,0.014948127214217344
0-CC-3,0.0036054637086762303,0.0035001639622868723,0.00309839409442761,0.0030563727381539563,0.00956497346616092
10-CC-2,0.00917097109155281,0.009847781121729689,0.008512307793665908,0.008850029034925266,0.014090632919549151
10-CC-3,0.008836559601318898,0.008771808624627954,0.007699872105378426,0.007625863298058311,0.045535393104199184
25-CC-2,0.020337886808732455,0.021183699298294997,0.018623384416147176,0.02011150874506562,0.030886558854570367
25-CC-3,0.01712825924540977,0.017806764042743433,0.01547154408853526,0.01616643296008413,0.030297950919298655
40-CC-2,0.054409608519437595,0.06157815985303988,0.05038188014166389,0.04931883440180601,0.08805346445614215
40-CC-3,0.05376954917312195,0.060290132412417874,0.04953109427481108,0.04948618191108367,0.08754430448837125
