,RMSE,MAPE,MAE,MedAE,MAX
0-CC-1,0.018299606339863533,0.018803332451802095,0.015974050478945605,0.016689171249792523,0.03808802122285382
0-CC-3,0.015472981595392597,0.015642234594232092,0.013339890408061843,0.01311086419656371,0.029230816910709834
10-CC-2,0.007494561266101715,0.00697309496166577,0.0058026014889546096,0.004108179392287803,0.016306654218236183
10-CC-3,0.008371852558418866,0.007279994627195244,0.006147089726589985,0.004801084850380388,0.05289060626948239
25-CC-2,0.007185644810402712,0.007773564068768821,0.006910927462768158,0.00727111345930459,0.014988307311926796
25-CC-3,0.00452895584796087,0.00459580629843156,0.004150305276430605,0.004591140887676759,0.009497728817514872
40-CC-2,0.027273427532611274,0.031042721373047335,0.025458526708941463,0.022287479879213645,0.051069080396236144
40-CC-3,0.026554581445697986,0.030012692952039434,0.02471653624267018,0.02228189808257086,0.047061246989439365
