,RMSE,MAPE,MAE,MedAE,MAX
0-CC-1,0.07340053865823164,0.07620865390037777,0.0660822939966084,0.082471504865951,0.12039055578122326
0-CC-3,0.07423221738464691,0.07636696173770686,0.065428269187603,0.08352408244615334,0.10192618974194723
10-CC-2,0.05331308285888578,0.045096365203860594,0.03699175823042062,0.014774293197113098,0.09454629127432201
10-CC-3,0.0462078332183709,0.03698654591247305,0.031051438645187068,0.01299557401179513,0.1452232078167236
25-CC-2,0.013863780083872587,0.012520332035620717,0.010953811276261745,0.007915960748540674,0.03552478131648673
25-CC-3,0.013274565630896823,0.012810764477156265,0.011429244909218235,0.01149049645730782,0.030489712549085946
40-CC-2,0.06464596586007605,0.06811345168104171,0.05499308369385438,0.05894537765036878,0.10717445568615314
40-CC-3,0.06262700026320502,0.06508026126510578,0.052759161727930756,0.05869074270343977,0.10856155788726651
