,RMSE,MAPE,MAE,MedAE,MAX
0-CC-1,0.00812783468397574,0.007289839071632159,0.006538670395804339,0.00542283971200791,0.024600850917124273
0-CC-3,0.007591615269806309,0.0067516419495130655,0.006088725333016129,0.005350650330094964,0.02527945099308082
10-CC-2,0.020899571236329725,0.022958547593823365,0.019549537767864875,0.021165607177362267,0.0302598470048151
10-CC-3,0.021399955223475434,0.02279170798882415,0.019585794160670533,0.02125507193379339,0.036099327804147374
25-CC-2,0.014393360179853274,0.015556864544919625,0.013873899798355847,0.014658973561986144,0.025405138117495674
25-CC-3,0.012901960203571882,0.012859059876379586,0.011637002744204721,0.013698016648787614,0.0254966051370219
40-CC-2,0.009317440533537953,0.008974957637446988,0.007489007252640983,0.006901945188612424,0.02372074083858844
40-CC-3,0.009448732001843546,0.009356402423006326,0.007813969628920614,0.008043355622568082,0.02260627089094902
