,RMSE,MAPE,MAE,MedAE,MAX
0-CC-1,0.047346563152889494,0.042250099173948744,0.03774891203404878,0.03430141306526846,0.2553683604840813
0-CC-3,0.06718558015633941,0.057682018871483255,0.051821027376919945,0.04464136164494503,0.1988853965051257
10-CC-2,0.05146288924705703,0.04788420127947308,0.04061718381934645,0.026954526491733133,0.1267117016474293
10-CC-3,0.06343188484945454,0.059466822579413575,0.05094811995885591,0.03720480118311864,0.17934008790151823
25-CC-2,0.022392536413785535,0.02221040666361159,0.020040440624282264,0.020121559852085413,0.08967142005197448
25-CC-3,0.02016289335621186,0.01579086607484714,0.013918713948063101,0.010292661707686501,0.08554367336926794
40-CC-2,0.0793173445174048,0.08931832693025604,0.07301644928959795,0.07343857850615332,0.11737248998293881
40-CC-3,0.08994418611107707,0.10125241169861741,0.08329613696913736,0.08866374618645467,0.12943861767618958
