,RMSE,MAPE,MAE,MedAE,MAX
0-CC-1,0.0013719836493660059,0.0011669709100612612,0.0010347991362414247,0.0008209792774641622,0.005917549972484615
0-CC-3,0.0041621661954335245,0.0037682446484412894,0.0033480077149316244,0.0028447436562241135,0.012157710164555802
10-CC-2,0.0375523966261421,0.04258782107593716,0.0367109643755116,0.038211495279730445,0.044800070191293506
10-CC-3,0.034765248719747614,0.03882406336770127,0.033880142281298584,0.03573803893731675,0.04471190469044506
25-CC-2,0.05127213706182465,0.055378918189668384,0.049585186681866886,0.05594928985228681,0.0650233743549169
25-CC-3,0.05538233166292575,0.05935130873837338,0.05301305125830276,0.06119996481884504,0.07614397429405373
40-CC-2,0.053909873071431365,0.06292145862582914,0.052630184530774685,0.05185393150185369,0.07801885071493109
40-CC-3,0.054164026740124084,0.0631137169863185,0.05309963856987223,0.054755288538657965,0.07754540051477243
