,RMSE,MAPE,MAE,MedAE,MAX
0-CC-1,0.04687414607386094,0.04540908519117375,0.04029976881668345,0.03731792212057261,0.13710837666756215
0-CC-3,0.017948565695196036,0.015131573292829735,0.013175977158235656,0.007212876320391304,0.05573430385286671
10-CC-2,0.024775945302961667,0.024524659153378203,0.02139480182018032,0.02206641526803088,0.04120722462030035
10-CC-3,0.02200866659627555,0.02035479800697843,0.018233445890611738,0.02069584983237277,0.04430047748728394
25-CC-2,0.019474061831029038,0.017609461951703605,0.01541057248130961,0.009834865004778148,0.04664215119664272
25-CC-3,0.02155420844692252,0.019887752504792508,0.017160532830210053,0.011642571529505763,0.05992987644064529
40-CC-2,0.03987718548247846,0.04308890722245345,0.03512619690129992,0.024499692425265174,0.08165678083763761
40-CC-3,0.044616636743227855,0.048598168026800344,0.039850612554880614,0.028859962415597074,0.08976892864532315
