,RMSE,MAPE,MAE,MedAE,MAX
0-CC-1,0.011437591793302958,0.010761330540518322,0.009428282913661315,0.00851926096268757,0.027582764625549316
0-CC-3,0.012033770173781932,0.011485296267240559,0.01012978446270745,0.009892951721305665,0.024261832237243652
10-CC-2,0.033460733905160626,0.038214778359038006,0.03317853379973305,0.032868633699577265,0.046553874003168794
10-CC-3,0.03417426983669606,0.03855345249961066,0.033798954499030184,0.03284365190856264,0.04836292386203922
25-CC-2,0.031051697940532568,0.03397249780025477,0.030635686383031144,0.030277297494013533,0.042543773010168984
25-CC-3,0.03181911026388023,0.03278446100344964,0.029882651825602246,0.033237451395408624,0.04394006636436598
40-CC-2,0.020498748413701258,0.022619241087259163,0.019311490794204574,0.016480948201184842,0.04005532736198847
40-CC-3,0.021436842350218255,0.024118723593110365,0.020581147310949607,0.01906712127211907,0.038390371966046
