,RMSE,MAPE,MAE,MedAE,MAX
0-CC-1,0.01759518257680895,0.016901067009920716,0.015244685259817611,0.013080283346338817,0.042362975455545904
0-CC-3,0.016460802979763073,0.015664472161805176,0.014200873931136452,0.011676483876822519,0.04246615229084083
10-CC-2,0.010571091795736025,0.01110300481767924,0.00942777302453649,0.01116097681849737,0.01730602916042423
10-CC-3,0.011435395474977347,0.011648824030222642,0.010025614831391083,0.011017116942023564,0.02151344115236664
25-CC-2,0.003445989096354878,0.0027258242106237597,0.0024403088449091374,0.001685089191808542,0.013526945692721504
25-CC-3,0.003975929167644203,0.0031779517493621544,0.00273251282125264,0.0015793990938247071,0.013078335025937915
40-CC-2,0.007580411409154882,0.007919085421644378,0.0065841573163123645,0.00563464257093782,0.0143802757697713
40-CC-3,0.007418742747493399,0.007751026878418699,0.0065348591948088085,0.005697544368608698,0.02175231457700244
