,RMSE,MAPE,MAE,MedAE,MAX
field_data,0.03911469363548926,0.03242712122166536,0.030458248632114448,0.021667138624365312,0.08765507275725382
