,RMSE,MAPE,MAE,MedAE,MAX
0-CC-1,0.059173883344244796,0.06231855601357578,0.05310305904860778,0.051820025635535005,0.11024290079286114
0-CC-3,0.06065042028620585,0.06318894668469088,0.05394960390328958,0.053374738051196524,0.10204379136368225
10-CC-2,0.01999390285430513,0.016760003976232465,0.013693276284387263,0.00645471520869656,0.04892338872293589
10-CC-3,0.02091269497369533,0.018582659274382688,0.01570050957009268,0.010729331117473817,0.07801724229777218
25-CC-2,0.01117548503388463,0.0106500783292953,0.009312142007096305,0.007564693766164365,0.02343308924175347
25-CC-3,0.010278124855241749,0.009636430191718896,0.008415897946764889,0.007122914952237602,0.054672387116007304
40-CC-2,0.02146644988294728,0.022313636818816228,0.01801316620473769,0.012578929871342293,0.045765220685542785
40-CC-3,0.017630337075468884,0.016754358596086993,0.013472925630851132,0.009998349654159133,0.038013758083361826
