,RMSE,MAPE,MAE,MedAE,MAX
0-CC-1,0.03529261081247062,0.03952835535700897,0.03432062523392948,0.036310999109922915,0.059044597093367734
0-CC-3,0.0370158829793894,0.04099881323031854,0.03563435540537859,0.03814833811723661,0.052233679841007685
10-CC-2,0.004824022951139416,0.003923198570837895,0.0035568408797048085,0.0027498586657364044,0.02769075328162296
10-CC-3,0.011046244725166356,0.009105811195248824,0.008291842407241184,0.006317632373434967,0.07650137697184445
25-CC-2,0.01370571814924072,0.01236864250123073,0.010791381806732598,0.0074450859420496784,0.029044954142868895
25-CC-3,0.01538267073140856,0.013449903850926499,0.011433821024829247,0.00696953505783493,0.04904582785849998
40-CC-2,0.02876794663162344,0.028798638698280088,0.023147656159535807,0.015083205985300163,0.06105107025677081
40-CC-3,0.025376975975927578,0.02386222438263722,0.01920711711321923,0.012976239516298227,0.05671868955917203
