,RMSE,MAPE,MAE,MedAE,MAX
field_data,0.031096030670260965,0.025246436089543103,0.023654682313707535,0.01766424459612681,0.0789806819720138
