,RMSE,MAPE,MAE,MedAE,MAX
0-CC-1,0.03146020275995162,0.034820866870197136,0.03061464106473092,0.030472453699054214,0.05101530490043116
0-CC-3,0.030249242622697747,0.03343882172824765,0.029489611903523737,0.02887283635700244,0.04791926203205177
10-CC-2,0.0072515159770960395,0.007164820703696542,0.006312021403486916,0.006878517410910723,0.01381299960400495
10-CC-3,0.007353636330695964,0.007074667135044692,0.006384596072529096,0.0068952108278416135,0.02118186802390054
25-CC-2,0.010320474294014769,0.010419782523837363,0.009148471814234489,0.00948958388254012,0.03646980503467545
25-CC-3,0.014187622737014696,0.01237313331917626,0.010420911197999271,0.006745687450595117,0.033233597493435685
40-CC-2,0.0210902774367007,0.02401044452825606,0.01993240646561294,0.020876217856182877,0.029844069146045205
40-CC-3,0.019973643155164006,0.022663277841954474,0.019032000883079835,0.020678171508797583,0.0372873115633916
