,RMSE,MAPE,MAE,MedAE,MAX
0-CC-1,0.025306892382999477,0.023586865353476153,0.020069426812973416,0.013202498600982715,0.07340442890336529
0-CC-3,0.029153507744587703,0.028378033219841173,0.024301962142433298,0.017320088984502435,0.0657519536714215
10-CC-2,0.024130408902723683,0.025218594156757833,0.021863527721899693,0.024456622541993434,0.039974474894282075
10-CC-3,0.014050467988974929,0.013478844648522998,0.011720164023103477,0.011335004512144142,0.028978599311410558
25-CC-2,0.012571440254934717,0.011428632724395317,0.009896362381295324,0.006173039397009361,0.028316191323287
25-CC-3,0.010264872586897051,0.010712588669215248,0.009524636918792682,0.008523247500097253,0.02885171460395286
40-CC-2,0.005698198935956393,0.005869783927267794,0.004881402355112283,0.0047429276476770865,0.011620876568884664
40-CC-3,0.0058845017685934245,0.005689011522828674,0.004785283256087216,0.003945081587433452,0.011643986286328234
