,RMSE,MAPE,MAE,MedAE,MAX
0-CC-1,0.026070289367918702,0.02861159646249192,0.02528130685719613,0.024965076977323808,0.04602502522590113
0-CC-3,0.02455243916353078,0.026953919672790472,0.023905127821434082,0.023438363575136734,0.042561638931771006
10-CC-2,0.00392110946616245,0.0034562614257700377,0.003121382276222551,0.0028208143552257425,0.010544145094629975
10-CC-3,0.004709334544592119,0.0042854095544399414,0.003887164340633828,0.003295700053923656,0.01755468697073892
25-CC-2,0.007800863374711384,0.007391159967059037,0.006430754511525563,0.005646980704880622,0.02631353119281754
25-CC-3,0.010555020239756041,0.009025486449323574,0.00760908541286755,0.0045370427477367525,0.02519513628509218
40-CC-2,0.018291982924912978,0.01932000242074501,0.01612688235972089,0.016970429255049213,0.02935355641278725
40-CC-3,0.01804664732541586,0.01898616883132512,0.015980735110126796,0.015830031175290138,0.03658397675504199
