,RMSE,MAPE,MAE,MedAE,MAX
0-CC-1,0.030305413296482286,0.033479562424983976,0.029174011586158045,0.027893945385114194,0.051983532850051084
0-CC-3,0.02909777714528633,0.03205890427380252,0.028009381599481048,0.026934455408899716,0.04683508142455506
10-CC-2,0.005874038910038806,0.005027845881638754,0.004205546808667488,0.002591129922049573,0.016089902260759015
10-CC-3,0.0049123752004369735,0.004281548453265806,0.003693220472322827,0.0027491496372240576,0.017389489413797032
25-CC-2,0.007170640914324986,0.005371257168485798,0.0046193560230145805,0.0029206766994684386,0.03979830721286759
25-CC-3,0.014099108104478241,0.010869161125367545,0.00908055179301434,0.004206534505217352,0.03614766857650453
40-CC-2,0.020078657820096713,0.0214238512199651,0.017497731107761223,0.01937202795111892,0.03039422001732206
40-CC-3,0.018103889679243916,0.019331466812316584,0.01595704035638599,0.017816988631218833,0.03078617335309497
