,RMSE,MAPE,MAE,MedAE,MAX
0-CC-1,0.10006363028696602,0.11185832429191772,0.09665075453760293,0.1022386481625081,0.13833379501512066
0-CC-3,0.09848944474463685,0.10906977663127582,0.09440582107421658,0.10071920159890746,0.13110808903976867
10-CC-2,0.05110361520987251,0.05433135311648023,0.045666416669871285,0.03673358189910103,0.08745543752000584
10-CC-3,0.05174367489247311,0.05548085915156198,0.04766759441791949,0.03997886377574078,0.11085093770945431
25-CC-2,0.006692424268266115,0.0042294424207040705,0.003613253948400767,0.0017220819719764857,0.03482352474597916
25-CC-3,0.013219581738303243,0.012831868781406117,0.011053773409498415,0.00855254162818142,0.05684849309211204
40-CC-2,0.006298141732334839,0.006398674964091966,0.005453353099990825,0.004316127411266191,0.017463444209979473
40-CC-3,0.004636094941504801,0.004256914747951793,0.0036466685141439345,0.002869183467362313,0.012608301533193034
