,RMSE,MAPE,MAE,MedAE,MAX
0-CC-1,0.010526056224106413,0.009783269741365072,0.008711008941284267,0.007992316254252563,0.02961497244956446
0-CC-3,0.009757050431495422,0.008997080303099174,0.008020915964060342,0.007336181629444605,0.027417290787239756
10-CC-2,0.018890219154814775,0.020741401836860553,0.01775188999508152,0.016151484065014543,0.03104048903743839
10-CC-3,0.01971224748824055,0.021034433426231836,0.01814435092683753,0.01649133901861588,0.03525117928484345
25-CC-2,0.01366706959962187,0.014786584901593658,0.013281142668306547,0.012995168645078992,0.022580329730902626
25-CC-3,0.014240755742954546,0.014475134710420733,0.013173801317952986,0.013819120514251715,0.022631286647874282
40-CC-2,0.006792544148727471,0.006095542916551941,0.005234195177700413,0.004381146154829874,0.019270472473072453
40-CC-3,0.00726280074916525,0.0072382459671677364,0.006126621017531227,0.004995819794456846,0.017647657560986185
