,RMSE,MAPE,MAE,MedAE,MAX
0-CC-1,0.005388468552715457,0.004877175937760376,0.0044133069943345414,0.003717279159845599,0.020875083781504156
0-CC-3,0.0024067943184664423,0.002054315348254108,0.0018387315969794163,0.0015697088634553102,0.011447891210786154
10-CC-2,0.011466017826002569,0.011512035666577455,0.009847920784547961,0.010693024812271523,0.019764280589376626
10-CC-3,0.011518762480769874,0.010882132930732575,0.009575334743167931,0.009498375911659807,0.04416460548365475
25-CC-2,0.01370086291219053,0.01202057938135614,0.010668187837991318,0.007819441225491441,0.030495340080278655
25-CC-3,0.015137896833907843,0.01334288444332783,0.01151816996393192,0.007035918881128533,0.0387158552962823
40-CC-2,0.03454457383601158,0.03457152679560298,0.02784329799095172,0.020670054386716652,0.07058364109569903
40-CC-3,0.03467209189923224,0.03425058310441641,0.027721325428914298,0.022536197719953632,0.07195101415939176
