,RMSE,MAPE,MAE,MedAE,MAX
0-CC-1,0.014084826461954124,0.01291597381401936,0.011555845932815298,0.011187541935174128,0.035752164698862554
0-CC-3,0.013159736743886118,0.011825868803016953,0.010614856622038614,0.009996418976475074,0.03440438566639015
10-CC-2,0.014166058702554874,0.014802748288141298,0.012536764994597657,0.011444563456149637,0.02560812171260929
10-CC-3,0.015016089180228478,0.015067904022843508,0.012859160827878397,0.011188633618941235,0.029752770013603214
25-CC-2,0.007998137412117688,0.00829058657135259,0.007408058079076258,0.007053057575197419,0.016038719966803505
25-CC-3,0.008975824801046858,0.009247078417231365,0.00829253799466184,0.00838321058304664,0.015103522041471362
40-CC-2,0.004222437112113996,0.003944650920926493,0.0032798012557900868,0.002448618651196832,0.012446879907191954
40-CC-3,0.004260926298802128,0.0041326082266976314,0.0034387523786564927,0.002695699393328699,0.01775141240109912
