,RMSE,MAPE,MAE,MedAE,MAX
0-CC-1,0.056215607758474416,0.04960536974404812,0.04334130693991428,0.03692960619008284,0.33792855493436047
0-CC-3,0.04051468768001742,0.026708906323314185,0.024289435345488105,0.016497063791187982,0.37296817165617324
10-CC-2,0.0260495168358738,0.01942879123689348,0.017639812011218444,0.012719342869316974,0.21768859882071612
10-CC-3,0.03147107626380796,0.030341054259204265,0.027373079108583526,0.024311669105166855,0.07401272011892546
25-CC-2,0.045869521839263856,0.04507276428831783,0.041293824554600456,0.044636641287738144,0.08720825319857539
25-CC-3,0.09634616989481629,0.09899848490790567,0.09006633575788116,0.10924016201838327,0.13508963862968015
40-CC-2,0.07555643330696474,0.07278188925821774,0.06261278607469495,0.06441476662066481,0.13535818086671514
40-CC-3,0.05251856034705367,0.05010863859873218,0.043507637808576964,0.041409369626107306,0.12118161246640757
