,RMSE,MAPE,MAE,MedAE,MAX
0-CC-1,0.2316682219449945,0.23891514613731463,0.20224944072542786,0.19553499796392615,0.4123325439915171
0-CC-3,0.23745899921005303,0.24425383990178226,0.20813014961996104,0.20347201209398463,0.39673511559769103
10-CC-2,0.12172880493794856,0.10850661357260757,0.08968795326602588,0.05554274790010105,0.26709666333185045
10-CC-3,0.11950337746533678,0.11309728497930853,0.09613340544451254,0.0691403514239356,0.2640290570093142
25-CC-2,0.051231155276018736,0.04831267699169204,0.04261933188569894,0.03701161684056986,0.09650184910409243
25-CC-3,0.0510288053784184,0.04809011684211685,0.041892975017474354,0.03569505933778616,0.11173269260537522
40-CC-2,0.10814103898380095,0.12010750794753791,0.09811234419066213,0.11175802433245857,0.15551395311102767
40-CC-3,0.09884067484912765,0.10869155073471153,0.08917104512733248,0.10408576506003997,0.14055501344519772
