,RMSE,MAPE,MAE,MedAE,MAX
0-CC-1,0.025483584494810967,0.024329187884495642,0.021502668259149555,0.0195400376844993,0.06694820999727547
0-CC-3,0.027067768428907284,0.022524264102274035,0.020577371092952105,0.016435320264146402,0.0893868285988606
10-CC-2,0.03626481634485434,0.037424606194961615,0.031597887550225454,0.03376086744914153,0.059652087546886334
10-CC-3,0.030208512152173912,0.03041401191311935,0.02616402403575556,0.027945511652362365,0.05723356390646184
25-CC-2,0.024278046456484216,0.0212830739965319,0.018407751079871776,0.012385023286331065,0.05998438172980014
25-CC-3,0.017210780477046494,0.0136931889213029,0.011714592666920058,0.005448949674659809,0.05623299161506223
40-CC-2,0.012389932170076763,0.011391906938113124,0.009207149347883024,0.005596318209200313,0.025110338171858704
40-CC-3,0.01857298931281257,0.01848189834060193,0.015017733953149322,0.011073963651938468,0.03513778934105671
