,RMSE,MAPE,MAE,MedAE,MAX
0-CC-1,0.014687821785066637,0.01251260756201031,0.011427313755867077,0.008667564029193386,0.03957025942923975
0-CC-3,0.013713132422465859,0.011247698703458472,0.01035019093140623,0.007253864725869641,0.03857247887088844
10-CC-2,0.014012646822474382,0.01403371326825343,0.011742656686283827,0.01261353910464369,0.02482962544719791
10-CC-3,0.014490791095024307,0.013871497370723873,0.011743479736989618,0.008630676324210496,0.028923252172264102
25-CC-2,0.00493938793097546,0.004537602929595857,0.003996589087274384,0.003297711547927684,0.011136118724738076
25-CC-3,0.004628903321536196,0.0043767344653049085,0.003947764603242079,0.003631463859681161,0.010658386448057056
40-CC-2,0.005742485783519376,0.005528956322287817,0.004536363299820155,0.0037693891783009414,0.01826816753918048
40-CC-3,0.006072748665798293,0.006054539626617804,0.004991954606068044,0.004342981249304323,0.02091272355069629
