,RMSE,MAPE,MAE,MedAE,MAX
0-CC-1,0.016366299990206334,0.017884710991816318,0.015652966370787925,0.015113317282204608,0.03188246244599835
0-CC-3,0.02032834023929436,0.02249618202287716,0.019764154445118906,0.019791349880726727,0.030338991264839854
10-CC-2,0.002960896228760345,0.002805484459890264,0.0024410659940787187,0.002188513629279243,0.015051984774347993
10-CC-3,0.003168963787621324,0.0025824851089228003,0.0023331452072423986,0.0017693655418111742,0.014614807076482328
25-CC-2,0.004676581929479966,0.0042222468929530394,0.003727820148224689,0.0031564077992079498,0.017271089347877355
25-CC-3,0.010773750424201627,0.01044867886614259,0.009117587627576225,0.008616704388632157,0.022923929024116774
40-CC-2,0.009547832490884143,0.010013582609468682,0.0082739523017083,0.009245903016395884,0.015448448437781148
40-CC-3,0.008257983694714883,0.008422035349074809,0.007037972338028524,0.00676749280322142,0.02623619297717472
