,RMSE,MAPE,MAE,MedAE,MAX
0-CC-1,0.016768457049653615,0.014986585926638917,0.012788208890630327,0.009106694252889402,0.042522427980208555
0-CC-3,0.01609723374243306,0.01425992467980784,0.01222525975252861,0.008329306323125896,0.03682620986922669
10-CC-2,0.02680471539556526,0.026134787319098924,0.0236204895217634,0.02687402003475836,0.049997293936487885
10-CC-3,0.028367288057034905,0.02882896935553497,0.02610898182824736,0.02794978618621824,0.04705269456058658
25-CC-2,0.030910894046334524,0.03134017002704353,0.028643988948902258,0.030010860727981703,0.04908344485201743
25-CC-3,0.03499662093020578,0.03675087286171929,0.03330109271921862,0.03316434494238896,0.05376315024192946
40-CC-2,0.019494413694018144,0.01909549064902312,0.016473955956112982,0.015770130018133544,0.047485761588978215
40-CC-3,0.017977597744410774,0.01652388000934006,0.014522474608875378,0.010663581284244161,0.04597750680415025
