,RMSE,MAPE,MAE,MedAE,MAX
field_data,0.0323119205469824,0.027600325233558112,0.025877776302727726,0.022375713259161434,0.11835006491136946
